"id","sex","age","weight","mid","agem","weightm","fid","agef","weightf"
"wgj47",0,77.0999984741211,48.6363639831543,"qkdwn",NA,NA,"xh37n",NA,NA
"cn6ai",0,NA,NA,"vd2qo",NA,NA,"bsq2f",NA,NA
"gjauh",1,NA,NA,"bvusb",NA,NA,"olhyl",NA,NA
"vtjsk",0,68.8499984741211,51.1659088134766,"fhath",NA,NA,"c7e2l",NA,NA
"bg7fo",1,66.5500030517578,61.4115867614746,"i88th",NA,NA,"him0j",NA,NA
"yef7v",1,61.3666648864746,61.7878799438477,"feehl",NA,NA,"rrzmd",NA,NA
"kc4vp",1,68.2200012207031,50.5563621520996,"rnma6",NA,NA,"prbsj",NA,NA
"ziyv7",0,66.5666656494141,46.257682800293,"rnma6",NA,NA,"prbsj",NA,NA
"h23bd",1,60.5466651916504,60.5726737976074,"y5sge",NA,NA,"mkdc1",NA,NA
"vryrs",1,58.2799987792969,51.9272727966309,"onjlz",NA,NA,"t40eg",NA,NA
"js40l",1,55.5,60.2022743225098,"i00zi",NA,NA,"cjd9x",NA,NA
"ts0to",1,57.0499992370605,62.5,"i00zi",NA,NA,"cjd9x",NA,NA
"v6guf",1,49.6699981689453,58.7645454406738,"v298i",NA,NA,"b7ofy",NA,NA
"j7o2w",1,48.8444442749023,60.3060607910156,"wt8p3",NA,NA,"cxsso",NA,NA
"s7hd3",1,51.2666664123535,52.024242401123,"oixsj",NA,NA,"n0l98",NA,NA
"skt5n",1,60.7916679382324,51.1037216186523,"n54re",NA,NA,"ekvcl",NA,NA
"z3dn0",1,48.658332824707,59.5075759887695,"wel55",NA,NA,"stdmm",NA,NA
"a6a19",0,49.2874984741211,46.5704536437988,"ef1cp",NA,NA,"mfg36",NA,NA
"gz58h",0,51.4599990844727,43.8427276611328,"t24q8",NA,NA,"gz5tt",NA,NA
"kf5t9",0,56.0750007629395,47.8486328125,"mvmb4",NA,NA,"bhaks",NA,NA
"pj0jz",0,55.1333351135254,46.9696960449219,"wel55",NA,NA,"pjblp",NA,NA
"zutpw",1,54.2437515258789,55.3598594665527,"cah4g",NA,NA,"vo53y",NA,NA
"vjcqa",0,53.3545455932617,55.9476890563965,"feehl",NA,NA,"i1ogn",NA,NA
"uxw0n",1,52.6500015258789,59.064079284668,"rnma6",NA,NA,"prbsj",NA,NA
"x1o5j",0,45.4166679382324,54.6530303955078,"wt8p3",NA,NA,"cxsso",NA,NA
"u88cu",1,49.2999992370605,59.2272720336914,"ow34o",NA,NA,"y69kv",NA,NA
"knji4",1,44.7142868041992,59.8597412109375,"i00zi",NA,NA,"cjd9x",NA,NA
"yxcng",0,54.3666648864746,47.6688461303711,"qs6z9",NA,NA,"zwnva",NA,NA
"znklt",1,48.771427154541,64.1265335083008,"v298i",NA,NA,"b7ofy",NA,NA
"vuro1",1,45.8222236633301,56.0670471191406,"n54re",NA,NA,"ekvcl",NA,NA
"d3upg",1,NA,NA,"gio1i",NA,NA,"jtw3m",NA,NA
"m4x71",1,53.0416679382324,66.0129547119141,"vd2qo",NA,NA,"elcev",NA,NA
"cg5sa",0,NA,NA,"rwm3u",NA,NA,"t40eg",NA,NA
"uih4n",1,NA,NA,"gu3fp",NA,NA,"osq6k",NA,NA
"izcp3",0,44.6599998474121,51.7704544067383,"ys4es",NA,NA,"rsh3b",NA,NA
"hosuv",1,50.9470596313477,57.7939834594727,"ehzjo",NA,NA,"xa858",NA,NA
"epmbg",1,50.0999984741211,63.1818199157715,"mvmb4",NA,NA,"bhaks",NA,NA
"kh4vu",0,40.7999992370605,47.3309097290039,"wt8p3",NA,NA,"cxsso",NA,NA
"r7vmg",1,44.2000007629395,55.5,"rnma6",NA,NA,"prbsj",NA,NA
"lud7a",0,48.6199989318848,49.7762107849121,"n54re",NA,NA,"ekvcl",NA,NA
"bphhm",1,50.5250015258789,61.0141334533691,"xzvd4",NA,NA,"jauaw",63.7666664123535,62.533332824707
"y32v3",1,49.5999984741211,56.3636360168457,"t24q8",NA,NA,"gz5tt",NA,NA
"fx52x",1,NA,NA,"vy2s8",77.0999984741211,48.6363639831543,"xb90n",NA,NA
"vh7lx",0,40.5555572509766,53.7393951416016,"f9x2p",NA,NA,"ab96c",NA,NA
"dka9r",1,40.4249992370605,62.365909576416,"d4dx5",NA,NA,"vo53y",NA,NA
"nzsgt",1,53.7333335876465,58.402027130127,"qs6z9",NA,NA,"zwnva",NA,NA
"x70yt",0,43.2769241333008,55.6652336120605,"vy2s8",77.0999984741211,48.6363639831543,"xb90n",NA,NA
"a7ce0",0,51.2384605407715,50.0740776062012,"c541f",NA,NA,"t9e3c",NA,NA
"atur1",0,49.1333351135254,57.7272720336914,"hnktq",NA,NA,"lrrmx",NA,NA
"aql99",0,49.6714286804199,48.6476631164551,"wgis6",NA,NA,"ij4r2",NA,NA
"s1nu3",0,48.8176460266113,54.1903953552246,"l70m3",NA,NA,"jauaw",63.7666664123535,62.533332824707
"i8nxq",1,NA,NA,"gio1i",NA,NA,"jtw3m",NA,NA
"zhns9",0,49.9799995422363,49.872184753418,"y5sge",NA,NA,"mkdc1",NA,NA
"mcbx8",0,NA,NA,"ju5v0",NA,NA,"rsh3b",NA,NA
"b4qhg",1,39.7454528808594,60.584545135498,"yhkkn",NA,NA,"t0esr",NA,NA
"xa4t2",1,42.8199996948242,61.7475318908691,"v298i",NA,NA,"b7ofy",NA,NA
"g0seb",1,37.2750015258789,57.4767036437988,"ehzjo",NA,NA,"xa858",NA,NA
"jw3s5",1,44.3952369689941,68.3882446289062,"ow34o",NA,NA,"wa0e3",NA,NA
"etlfy",0,42.4384613037109,58.9689865112305,"mvzi2",NA,NA,"p63wa",NA,NA
"g1jqn",0,49.478572845459,49.5367965698242,"c4ced",NA,NA,"ofagd",NA,NA
"qj9ws",1,41.5533332824707,62.2578430175781,"w9hlz",NA,NA,"gh0kj",NA,NA
"fm6la",0,37.8250007629395,52.7688293457031,"ys4es",NA,NA,"rsh3b",NA,NA
"q8wa2",0,33.9000015258789,54.5999984741211,"rk18k",NA,NA,"qi939",NA,NA
"czk5m",0,40.75,61.1545448303223,"hnktq",NA,NA,"lrrmx",NA,NA
"znlgq",0,37.2142868041992,56.3519477844238,"wt8p3",NA,NA,"cxsso",NA,NA
"lc47a",1,40.25,59.6537895202637,"xzvd4",NA,NA,"jauaw",63.7666664123535,62.533332824707
"helhp",0,46.6333351135254,57.7992630004883,"sqz3r",68.8499984741211,51.1659088134766,"ajfh2",NA,NA
"ehcn8",1,48.6285705566406,59.7196731567383,"y5sge",NA,NA,"mkdc1",NA,NA
"g9v9n",1,42.7750015258789,53.7579536437988,"cah4g",NA,NA,"ti0tk",NA,NA
"a39nz",0,44.481819152832,47.4136734008789,"c541f",NA,NA,"t9e3c",NA,NA
"s087p",0,45.125,53.4090919494629,"fk62t",NA,NA,"if137",NA,NA
"ck8xo",0,41,48.9300384521484,"obizp",NA,NA,"zmnh4",NA,NA
"xm4wf",1,41.375,61.7811164855957,"rpg2n",NA,NA,"tx3p1",NA,NA
"p7foe",1,NA,NA,"fhath",NA,NA,"c7e2l",NA,NA
"jafnz",1,47.5800018310547,53.051570892334,"ef1cp",NA,NA,"mfg36",NA,NA
"clv7v",0,45.2999992370605,44.4287872314453,"syqd1",NA,NA,"a9883",62.5999984741211,53.9984855651855
"aeccm",1,52,52.8432350158691,"oixsj",NA,NA,"n0l98",NA,NA
"kbdcj",0,38.8444442749023,43.7391967773438,"rpg2n",NA,NA,"tx3p1",NA,NA
"qb3rk",1,41.6416664123535,58.3839683532715,"t24q8",NA,NA,"gz5tt",NA,NA
"fj8v0",1,43.0999984741211,66.5151519775391,"z468m",NA,NA,"wr1vm",NA,NA
"fgbl9",0,36.3624992370605,50.8250007629395,"ef1cp",NA,NA,"mfg36",NA,NA
"onlsn",0,36.3875007629395,53.5193176269531,"y4z85",NA,NA,"hpkwa",NA,NA
"i6hdu",1,54.5,51.5,"fo1eg",53.75,45.018180847168,"jab4i",68.2200012207031,50.5563621520996
"rf46q",1,37.3250007629395,55.0045471191406,"d4dx5",NA,NA,"vo53y",NA,NA
"xocc9",0,31.6499996185303,43.3333320617676,"anyic",NA,NA,"i9p6g",NA,NA
"zezp4",0,35.5888900756836,45.2306823730469,"shhty",NA,NA,"tx3p1",NA,NA
"zwva2",1,43.1333351135254,59.2424240112305,"cpu4p",NA,NA,"kw245",NA,NA
"zfcxq",1,47.1300010681152,68.7328186035156,"onjlz",NA,NA,"t40eg",NA,NA
"efblh",1,43.1333351135254,67.7272720336914,"vy2s8",77.0999984741211,48.6363639831543,"xb90n",NA,NA
"cjpdw",1,33.75,59.831169128418,"l70m3",NA,NA,"xa858",NA,NA
"ht8ko",0,39.2357139587402,54.1202926635742,"ow34o",NA,NA,"wa0e3",NA,NA
"s133e",0,45.439998626709,63.9090919494629,"fk62t",NA,NA,"nslxn",NA,NA
"i6c8p",1,34.7777786254883,56.902416229248,"v298i",NA,NA,"b7ofy",NA,NA
"agv9z",1,34.1500015258789,58.7295455932617,"w9hlz",NA,NA,"ij4r2",NA,NA
"s8m8b",1,37.2999992370605,59.222728729248,"y5sge",NA,NA,"mkdc1",NA,NA
"eingc",1,NA,NA,"g40o2",NA,NA,"jab4i",68.2200012207031,50.5563621520996
"tkg2y",1,NA,NA,"c77oi",NA,NA,"dex7o",67.7399978637695,54.3199996948242
"y792a",1,NA,NA,"drnmm",NA,NA,"i54xq",NA,NA
"w0tca",1,42.0999984741211,58.6363639831543,"oixsj",NA,NA,"n0l98",NA,NA
"vz5m3",0,32.7999992370605,48,"ef1cp",NA,NA,"mfg36",NA,NA
"ql281",1,42.7857131958008,59.4100723266602,"onjlz",NA,NA,"t40eg",NA,NA
"ijlsd",1,NA,NA,"n4ogz",NA,NA,"mte96",NA,NA
"mrrw3",1,33.1888885498047,66.136360168457,"ys4es",NA,NA,"rsh3b",NA,NA
"bnu4a",1,NA,NA,"anyic",NA,NA,"i9p6g",NA,NA
"y0v7c",0,44.4799995422363,54.0967826843262,"sqz3r",68.8499984741211,51.1659088134766,"ajfh2",NA,NA
"rcu8g",1,NA,NA,"gu3fp",NA,NA,"bolzd",NA,NA
"e10o0",1,NA,NA,"p96fy",NA,NA,"nszsd",NA,NA
"ph4od",1,NA,NA,"fdmbo",NA,NA,"p63wa",NA,NA
"jv7qf",0,35.5,54.4665222167969,"v298i",NA,NA,"b7ofy",NA,NA
"z8iw2",1,30.9799995422363,58.7000007629395,"y4z85",NA,NA,"hpkwa",NA,NA
"tlq35",0,32.1500015258789,61.0045471191406,"vy2s8",77.0999984741211,48.6363639831543,"xb90n",NA,NA
"yg14z",0,NA,NA,"oixsj",NA,NA,"n0l98",NA,NA
"tw28g",1,30.1363639831543,60.0438003540039,"rpg2n",NA,NA,"jkua7",NA,NA
"zmac1",0,NA,NA,"ju5v0",NA,NA,"rsh3b",NA,NA
"hi4lb",1,NA,NA,"shhty",NA,NA,"ajfh2",NA,NA
"nr6xw",1,30.6636371612549,58.4745445251465,"xzvd4",NA,NA,"jauaw",63.7666664123535,62.533332824707
"su0sa",0,32.8166656494141,53.8515701293945,"kemrk",NA,NA,"e2swg",NA,NA
"hc6hr",1,NA,NA,"c541f",NA,NA,"t9e3c",NA,NA
"qiqcb",0,NA,NA,"gio1i",NA,NA,"jtw3m",NA,NA
"ypc87",0,31.341667175293,52.5454559326172,"rpg2n",NA,NA,"jkua7",NA,NA
"jvda8",0,30.0499992370605,58.2400016784668,"ow34o",NA,NA,"wa0e3",NA,NA
"auafz",1,44.2599983215332,65.7303771972656,"g40o2",NA,NA,"jab4i",68.2200012207031,50.5563621520996
"pc9un",1,33.0750007629395,59.618579864502,"ys4es",NA,NA,"rsh3b",NA,NA
"ljrzf",0,37.2388877868652,42.8680648803711,"ef1cp",NA,NA,"mfg36",NA,NA
"wyb16",0,31.7399997711182,54,"f9x2p",NA,NA,"ab96c",NA,NA
"zt44k",1,28.7999992370605,54.3575744628906,"e1tee",NA,NA,"a9883",62.5999984741211,53.9984855651855
"tvryi",0,40.0625,58.7679672241211,"kemrk",NA,NA,"e2swg",NA,NA
"h0dh4",1,30.8833332061768,56.2042808532715,"j83qu",NA,NA,"iu3vx",NA,NA
"trwfn",0,NA,NA,"dum4r",NA,NA,"nvtii",57.1238098144531,58.7577514648438
"kr65z",0,NA,NA,"c77oi",NA,NA,"dex7o",67.7399978637695,54.3199996948242
"h0c8f",0,NA,NA,"z468m",NA,NA,"tx3p1",NA,NA
"nkmld",1,36.8333320617676,74.7376174926758,"ryeuy",NA,NA,"uxm5x",NA,NA
"gd2mz",1,35.6071434020996,64.1045455932617,"syqd1",NA,NA,"r8sat",NA,NA
"ch9gq",0,NA,NA,"sqz3r",68.8499984741211,51.1659088134766,"ajfh2",NA,NA
"f2aqn",1,NA,NA,"g40o2",NA,NA,"jab4i",68.2200012207031,50.5563621520996
"pob8s",0,NA,NA,"sq4x2",56.0750007629395,47.8486328125,"ns94o",51.2666664123535,52.024242401123
"l28pw",1,35.4500007629395,66.5590896606445,"t6qso",NA,NA,"y69kv",NA,NA
"lyyxl",0,31.7666664123535,56.0818176269531,"inehi",49.2874984741211,46.5704536437988,"w1w5n",NA,NA
"kyf6w",1,34.4000015258789,66.2434997558594,"bbmxd",NA,NA,"f0ub9",NA,NA
"sv7gc",1,29.8333339691162,69.0666656494141,"z468m",NA,NA,"tx3p1",NA,NA
"t9m9w",1,32.0777778625488,65.106819152832,"f9x2p",NA,NA,"ab96c",NA,NA
"h7ppx",1,46,67,"sqz3r",68.8499984741211,51.1659088134766,"ajfh2",NA,NA
"pqp7m",0,38.1749992370605,54.2781944274902,"ehzjo",NA,NA,"gdntt",60.5466651916504,60.5726737976074
"tly6a",0,NA,NA,"e6kgp",NA,NA,"tv617",49.6699981689453,58.7645454406738
"m1ll0",0,32.5999984741211,69.3818740844727,"ft5lq",NA,NA,"iu3vx",NA,NA
"gww50",1,NA,NA,"j83qu",NA,NA,"iu3vx",NA,NA
"vuzxv",1,25.6166667938232,62.9418182373047,"xzvd4",NA,NA,"jauaw",63.7666664123535,62.533332824707
"j2dhg",1,NA,NA,"p98ei",NA,NA,"pn4so",NA,NA
"xx0al",1,NA,NA,"t7pys",54.3666648864746,47.6688461303711,"ihzng",NA,NA
"pascs",0,25.1272735595703,54.1950416564941,"ivlhx",NA,NA,"hpkwa",NA,NA
"xon3y",0,31.0555553436279,59.7898979187012,"vvuur",53.3545455932617,55.9476890563965,"yoylr",NA,NA
"vl8ch",0,37.2000007629395,60.9090919494629,"fk62t",NA,NA,"nslxn",NA,NA
"kdib8",1,NA,NA,"g40o2",NA,NA,"jab4i",68.2200012207031,50.5563621520996
"x8n8g",1,NA,NA,"ic6ip",NA,NA,"l62gg",52.6500015258789,59.064079284668
"s9ihx",1,31.0454540252686,62.7307281494141,"bvxx1",51.4599990844727,43.8427276611328,"r8sat",NA,NA
"hchnx",0,21.8999996185303,48.2000007629395,"ef1cp",NA,NA,"mfg36",NA,NA
"cu9bt",1,21.6000003814697,54.533332824707,"c77oi",NA,NA,"dex7o",67.7399978637695,54.3199996948242
"j1ouz",1,35.1500015258789,44.0909080505371,"q9ja5",NA,NA,"c3ztr",NA,NA
"tuzxm",1,NA,NA,"ptu8x",NA,NA,"xhcgx",NA,NA
"dgxiz",1,28.1142864227295,58.1571426391602,"rg8zg",45.4166679382324,54.6530303955078,"f1k25",48.658332824707,59.5075759887695
"zif1e",1,35.906665802002,54.3184280395508,"dum4r",NA,NA,"nvtii",57.1238098144531,58.7577514648438
"l49y2",0,31.7749996185303,52.8787879943848,"mlf0j",NA,NA,"p63wa",NA,NA
"x8jgg",1,33.0499992370605,53.2010383605957,"t7e71",NA,NA,"i1ogn",NA,NA
"ljlxm",1,28.1749992370605,63.1484832763672,"ys4es",NA,NA,"rsh3b",NA,NA
"lafvr",1,28.1599998474121,64.5963668823242,"ivlhx",NA,NA,"hpkwa",NA,NA
"youvf",0,28.1909084320068,55.3133697509766,"gf3f5",NA,NA,"e2o8e",49.2999992370605,59.2272720336914
"jflag",1,NA,NA,"z468m",NA,NA,"tx3p1",NA,NA
"uu2pb",1,NA,NA,"anyic",NA,NA,"i9p6g",NA,NA
"wmv9s",1,23.7399997711182,62.2936363220215,"sq4x2",56.0750007629395,47.8486328125,"a9883",62.5999984741211,53.9984855651855
"lsvri",0,23.7999992370605,66.5999984741211,"inehi",49.2874984741211,46.5704536437988,"p4i4d",53.0416679382324,66.0129547119141
"x3hkt",0,32.7874984741211,64.8139038085938,"v298i",NA,NA,"b7ofy",NA,NA
"u929d",0,29.7199993133545,61.4654541015625,"dl1xr",NA,NA,"uii24",NA,NA
"cm0b8",1,26.8299999237061,59.0836372375488,"zmjdd",NA,NA,"gdntt",60.5466651916504,60.5726737976074
"yxj5k",1,NA,NA,"j83qu",NA,NA,"ibt3x",NA,NA
"xjxmh",1,30.1000003814697,62.7272720336914,"e1tee",NA,NA,"z4lm0",NA,NA
"essn2",0,NA,NA,"ef1cp",NA,NA,"mfg36",NA,NA
"vqci6",1,29.380952835083,57.0488471984863,"fuycm",NA,NA,"smp05",44.2000007629395,55.5
"zjh30",0,30.1000003814697,66.363639831543,"rq3ju",NA,NA,"q2byp",NA,NA
"fyv25",1,NA,NA,"ic6ip",NA,NA,"l62gg",52.6500015258789,59.064079284668
"a0dtl",0,NA,NA,"ryeuy",NA,NA,"uxm5x",NA,NA
"pwojg",1,31.7384624481201,47.2899055480957,"xzpgo",NA,NA,"wr1vm",NA,NA
"pnjiy",1,39.5999984741211,64.0909118652344,"qs6z9",NA,NA,"upxsi",NA,NA
"uux0o",1,32.2861099243164,47.8115882873535,"dum4r",NA,NA,"nvtii",57.1238098144531,58.7577514648438
"yv8z5",0,NA,NA,"rg8zg",45.4166679382324,54.6530303955078,"f1k25",48.658332824707,59.5075759887695
"n18qo",0,NA,NA,"cmt11",66.5666656494141,46.257682800293,"ykixp",66.5500030517578,61.4115867614746
"tuui8",1,32.3857154846191,51.5403518676758,"tkom3",NA,NA,"d78su",41.7000007629395,54.2000007629395
"q2rhn",0,32.6818199157715,50.7573585510254,"elcaa",51.2384605407715,50.0740776062012,"duhhd",50.5250015258789,61.0141334533691
"zh8u9",0,30.7999992370605,67.3001327514648,"bbmxd",NA,NA,"f0ub9",NA,NA
"y604e",1,29.1000003814697,60.9090919494629,"syqd1",NA,NA,"r8sat",NA,NA
"v0krz",0,29.1000003814697,47.2727279663086,"fo1eg",53.75,45.018180847168,"if137",NA,NA
"ahlyy",1,NA,NA,"m964b",NA,NA,"ajfh2",NA,NA
"i4pjc",1,32.1142845153809,58.8090858459473,"zz5uy",NA,NA,"e2fjc",50.9470596313477,57.7939834594727
"mgzkf",1,19.3999996185303,68.1999969482422,"j83qu",NA,NA,"iu3vx",NA,NA
"e4zxq",1,31.4571437835693,55.2528991699219,"fuycm",NA,NA,"ksonm",NA,NA
"m96al",1,22.9833335876465,61.4606056213379,"muw48",NA,NA,"cbch9",NA,NA
"ixv51",1,NA,NA,"sq4x2",56.0750007629395,47.8486328125,"a9883",62.5999984741211,53.9984855651855
"fpkga",1,29.1545448303223,57.5882263183594,"l70m3",NA,NA,"og452",NA,NA
"n6ljm",0,31.1777782440186,62.0506858825684,"zb7i6",49.478572845459,49.5367965698242,"ns94o",51.2666664123535,52.024242401123
"gv1ia",1,NA,NA,"syqd1",NA,NA,"r8sat",NA,NA
"vw3a7",1,32.3428573608398,63.3506088256836,"iggqt",NA,NA,"c950v",NA,NA
"jea6a",1,28.25,66.4787902832031,"vjvk2",NA,NA,"pn4so",NA,NA
"h542l",0,NA,NA,"hlkoj",NA,NA,"smp05",44.2000007629395,55.5
"t9bnh",1,30.2999992370605,67.5852279663086,"elcaa",51.2384605407715,50.0740776062012,"duhhd",50.5250015258789,61.0141334533691
"dp6r4",0,NA,NA,"t7pys",54.3666648864746,47.6688461303711,"if137",NA,NA
"larjt",0,23.8666667938232,55.3575744628906,"dum4r",NA,NA,"nvtii",57.1238098144531,58.7577514648438
"kgojz",0,29.9722213745117,44.0863876342773,"mnxay",41,48.9300384521484,"q9axt",41.5533332824707,62.2578430175781
"qj3sx",1,NA,NA,"rg8zg",45.4166679382324,54.6530303955078,"f1k25",48.658332824707,59.5075759887695
"fg2ce",0,31.5,59.4078407287598,"jyx2m",NA,NA,"r8sat",NA,NA
"lsfo3",1,30.9249992370605,59.5797157287598,"bvxx1",51.4599990844727,43.8427276611328,"bru2k",NA,NA
"a7edb",1,29.9500007629395,58.1697311401367,"inehi",49.2874984741211,46.5704536437988,"c3ztr",NA,NA
"ec1h7",1,NA,NA,"bd7yr",NA,NA,"c19xo",NA,NA
"thde0",1,NA,NA,"ic6ip",NA,NA,"l62gg",52.6500015258789,59.064079284668
"m68l8",1,24.0499992370605,57.9545440673828,"p98ei",NA,NA,"qos5r",61.3666648864746,61.7878799438477
"xq1pi",1,28.8125,59.4262199401855,"vvuur",53.3545455932617,55.9476890563965,"d78su",41.7000007629395,54.2000007629395
"bqj8z",0,30.8333339691162,57.6179847717285,"l1o0w",NA,NA,"aa3c3",44.3952369689941,68.3882446289062
"oiu4o",1,NA,NA,"e6kgp",NA,NA,"iu3vx",NA,NA
"v3v28",0,NA,NA,"o5e62",NA,NA,"yrawv",NA,NA
"cv5dj",0,NA,NA,"lvgdk",35.5888900756836,45.2306823730469,"z4zm6",NA,NA
"wdzm4",0,29.53125,57.9337882995605,"k0nnw",46.6333351135254,57.7992630004883,"ksonm",NA,NA
"uq8pb",1,23.0499992370605,65.6818161010742,"rq3ju",NA,NA,"vr9wt",37.2750015258789,57.4767036437988
"etxkr",1,28.6461544036865,47.6615982055664,"obizp",NA,NA,"cs37j",NA,NA
"wwsf9",1,28.5777778625488,59.2037658691406,"etlc9",44.481819152832,47.4136734008789,"esn0n",NA,NA
"m54lb",0,NA,NA,"fn9yn",33.9000015258789,54.5999984741211,"sdl2o",NA,NA
"cjka3",0,29.7727279663086,53.4411354064941,"o5e62",NA,NA,"j7244",44.7142868041992,59.8597412109375
"dx6uo",1,29.1666660308838,73.3828048706055,"hsy91",42.4384613037109,58.9689865112305,"fiotf",40.25,59.6537895202637
"fefer",1,NA,NA,"gu3fp",NA,NA,"bolzd",NA,NA
"frtea",0,28.3500003814697,51.9410514831543,"l70m3",NA,NA,"f0whf",60.7916679382324,51.1037216186523
"db9z0",0,20.6499996185303,55.1454544067383,"sq4x2",56.0750007629395,47.8486328125,"a9883",62.5999984741211,53.9984855651855
"k2e4j",0,27.7999992370605,48.4698181152344,"gf3f5",NA,NA,"e2o8e",49.2999992370605,59.2272720336914
"ghl39",0,NA,NA,"fuycm",NA,NA,"ctvhh",54.2437515258789,55.3598594665527
"l7yfo",0,30.0571422576904,72.1662673950195,"cf4h8",48.8176460266113,54.1903953552246,"m4v36",42.8199996948242,61.7475318908691
"anmvu",1,27.7333335876465,64.1981582641602,"isa8b",44.4799995422363,54.0967826843262,"gfdyd",NA,NA
"g0pg2",0,28.8199996948242,62.2799987792969,"jyx2m",NA,NA,"r8sat",NA,NA
"gz68o",1,20.5499992370605,64.3181838989258,"j9yb4",38.8444442749023,43.7391967773438,"o42fx",NA,NA
"lu5c6",1,31.7999992370605,58.435962677002,"elcaa",51.2384605407715,50.0740776062012,"duhhd",50.5250015258789,61.0141334533691
"o62qr",0,25.7714290618896,55.7082977294922,"ann0e",NA,NA,"m4v36",42.8199996948242,61.7475318908691
"qrfze",0,22.8250007629395,57.9545440673828,"syqd1",NA,NA,"r8sat",NA,NA
"ubodj",1,28.4818172454834,50.5247383117676,"hd7bv",NA,NA,"gdntt",60.5466651916504,60.5726737976074
"xj8m6",0,NA,NA,"f9x2p",NA,NA,"ab96c",NA,NA
"cq54d",1,NA,NA,"vjvk2",NA,NA,"pn4so",NA,NA
"eu303",0,25.6240749359131,56.2222213745117,"p98ei",NA,NA,"f0ub9",NA,NA
"nw25c",1,22.8250007629395,50.4545440673828,"sq4x2",56.0750007629395,47.8486328125,"a9883",62.5999984741211,53.9984855651855
"iwxbt",1,20.3999996185303,58.7878799438477,"fshyn",44.6599998474121,51.7704544067383,"ns94o",51.2666664123535,52.024242401123
"xe5hi",1,24.1333332061768,63.0858573913574,"akiyv",39.2357139587402,54.1202926635742,"u5us1",NA,NA
"lvkww",1,18,56.8181800842285,"ikc6a",37.8250007629395,52.7688293457031,"q2byp",NA,NA
"eb7ef",1,NA,NA,"fn9yn",33.9000015258789,54.5999984741211,"sdl2o",NA,NA
"x5icf",1,31.466667175293,61.0936851501465,"lvgdk",35.5888900756836,45.2306823730469,"z4zm6",NA,NA
"g4vnn",0,20.75,57.5,"t0x6d",37.2142868041992,56.3519477844238,"nvtii",57.1238098144531,58.7577514648438
"r5wua",0,27.1599998474121,57.8823356628418,"hsy91",42.4384613037109,58.9689865112305,"fiotf",40.25,59.6537895202637
"cwylv",0,NA,NA,"y3yrn",NA,NA,"xhcgx",NA,NA
"iqo85",0,26.5636367797852,60.1567153930664,"caf4x",43.2769241333008,55.6652336120605,"gbq5d",48.771427154541,64.1265335083008
"pon33",1,21.7666664123535,54.0909080505371,"gf3f5",NA,NA,"e2o8e",49.2999992370605,59.2272720336914
"rdtcy",1,24.033332824707,60.9847602844238,"kniqy",35.5,54.4665222167969,"wagby",NA,NA
"rw5pq",0,19.1333332061768,56.6666679382324,"ann0e",NA,NA,"r8sat",NA,NA
"sybu1",0,21.1000003814697,57.5,"o5e62",NA,NA,"j7244",44.7142868041992,59.8597412109375
"iz8ch",1,22.6000003814697,62.3863639831543,"inehi",49.2874984741211,46.5704536437988,"nwpic",45.8222236633301,56.0670471191406
"cfvd1",1,23.1000003814697,65.9090881347656,"uhin6",NA,NA,"iyxry",NA,NA
"udrxa",1,18.1000003814697,63.1818199157715,"sq4x2",56.0750007629395,47.8486328125,"a9883",62.5999984741211,53.9984855651855
"rgh2p",1,23.5,60.0512924194336,"obn7c",49.6714286804199,48.6476631164551,"xmrte",NA,NA
"ow8q7",0,NA,NA,"rzk05",45.2999992370605,44.4287872314453,"vb271",NA,NA
"xzzyh",1,18.1000003814697,73.1818161010742,"iytw0",NA,NA,"kj2j3",NA,NA
"id6u4",0,20.25,48.75,"e72yy",40.0625,58.7679672241211,"b43p4",30.6636371612549,58.4745445251465
"l0jjq",1,19,64.5454559326172,"x6kls",40.5555572509766,53.7393951416016,"f5h9w",NA,NA
"gu7hl",1,26.8666667938232,67.0058517456055,"k0nnw",46.6333351135254,57.7992630004883,"twm5n",41.6416664123535,58.3839683532715
"bw200",1,NA,NA,"y3yrn",NA,NA,"xhcgx",NA,NA
"vjf65",1,NA,NA,"t4jht",NA,NA,"mmqs7",NA,NA
"poo4m",0,19.7333335876465,48.7878799438477,"t0b1a",36.3875007629395,53.5193176269531,"mty37",33.1888885498047,66.136360168457
"t4lvt",1,NA,NA,"hsy91",42.4384613037109,58.9689865112305,"fiotf",40.25,59.6537895202637
"nafbk",1,NA,NA,"iytw0",NA,NA,"kj2j3",NA,NA
"bgowa",1,25,57.6059303283691,"fshyn",44.6599998474121,51.7704544067383,"ns94o",51.2666664123535,52.024242401123
"zdt4c",0,NA,NA,"bd7yr",NA,NA,"buuap",50.0999984741211,63.1818199157715
"dlskt",1,NA,NA,"zpty7",32.1500015258789,61.0045471191406,"q9axt",41.5533332824707,62.2578430175781
"nkzyz",0,18,49.5454559326172,"mnxay",41,48.9300384521484,"r86gx",54.5,51.5
"amwhs",1,NA,NA,"cwc4h",NA,NA,"zs9ml",NA,NA
"ilxgk",1,NA,NA,"mnjnw",31.341667175293,52.5454559326172,"flxe0",NA,NA
"u73ge",1,21,60.9090919494629,"ikc6a",37.8250007629395,52.7688293457031,"vkh79",33.75,59.831169128418
"r85pf",1,20.7999992370605,59.5454559326172,"vmf4m",30.0499992370605,58.2400016784668,"xr0in",47.5800018310547,53.051570892334
"ujbhw",0,NA,NA,"faahn",NA,NA,"p2ynu",NA,NA
"u73ip",0,22.9181823730469,54.1305236816406,"jvp8j",NA,NA,"rwf6q",NA,NA
"mku2x",0,21.1000003814697,68.1818161010742,"lvgdk",35.5888900756836,45.2306823730469,"z4zm6",NA,NA
"o5wd4",1,22.7099990844727,50.3532218933105,"m8pw6",37.2388877868652,42.8680648803711,"ctvhh",54.2437515258789,55.3598594665527
"ooscb",0,NA,NA,"rg8zg",45.4166679382324,54.6530303955078,"f1k25",48.658332824707,59.5075759887695
"t8j8f",0,NA,NA,"p98ei",NA,NA,"pxsso",NA,NA
"ces8o",0,20.5900001525879,54.7454528808594,"pjrhy",45.125,53.4090919494629,"snsv0",48.6285705566406,59.7196731567383
"xbopt",1,NA,NA,"p1e6a",32.8166656494141,53.8515701293945,"ny102",43.0999984741211,66.5151519775391
"c9n9a",1,23.5,61.1737480163574,"vvuur",53.3545455932617,55.9476890563965,"e2o8e",49.2999992370605,59.2272720336914
"a20m4",0,NA,NA,"bd7yr",NA,NA,"buuap",50.0999984741211,63.1818199157715
"exd6q",1,NA,NA,"inehi",49.2874984741211,46.5704536437988,"nwpic",45.8222236633301,56.0670471191406
"aozxg",1,21.033332824707,64.8013458251953,"bkkr9",45.439998626709,63.9090919494629,"lwqju",55.2999992370605,52.4431800842285
"ozx07",1,NA,NA,"uhin6",NA,NA,"iyxry",NA,NA
"ubgj3",0,NA,NA,"iigts",NA,NA,"gf4uh",NA,NA
"j215l",0,24.7999992370605,54.1151161193848,"m964b",NA,NA,"l62gg",52.6500015258789,59.064079284668
"insgo",1,24,65.8844985961914,"caf4x",43.2769241333008,55.6652336120605,"gbq5d",48.771427154541,64.1265335083008
"z5jkz",1,20.5462970733643,44.9824371337891,"ug7ty",49.9799995422363,49.872184753418,"mtq11",NA,NA
"v741f",1,NA,NA,"e72yy",40.0625,58.7679672241211,"b43p4",30.6636371612549,58.4745445251465
"ihrsb",1,25.3111114501953,54.1459922790527,"obn7c",49.6714286804199,48.6476631164551,"t7ays",42.7750015258789,53.7579536437988
"nul9d",0,19.3999996185303,58.1818199157715,"p3yx8",32.5999984741211,69.3818740844727,"lnw75",NA,NA
"dwz3y",1,NA,NA,"iytw0",NA,NA,"kj2j3",NA,NA
"lbpch",1,NA,NA,"t4jht",NA,NA,"mmqs7",NA,NA
"scncg",1,NA,NA,"cwc4h",NA,NA,"zs9ml",NA,NA
"x0fg3",1,NA,NA,"x6kls",40.5555572509766,53.7393951416016,"f5h9w",NA,NA
"jc878",1,NA,NA,"faahn",NA,NA,"p2ynu",NA,NA
"oty9b",0,NA,NA,"t0b1a",36.3875007629395,53.5193176269531,"mty37",33.1888885498047,66.136360168457
"ri1fd",1,NA,NA,"nyegv",31.7749996185303,52.8787879943848,"ny102",43.0999984741211,66.5151519775391
"v0lzf",1,22.4055557250977,66.0010299682617,"isa8b",44.4799995422363,54.0967826843262,"jhoy8",53.7333335876465,58.402027130127
"bhfgj",0,18.8999996185303,54.0909080505371,"elcaa",51.2384605407715,50.0740776062012,"duhhd",50.5250015258789,61.0141334533691
"v3p59",1,24.1666660308838,63.5363655090332,"sq4x2",56.0750007629395,47.8486328125,"a9883",62.5999984741211,53.9984855651855
"f6yt7",0,NA,NA,"zpty7",32.1500015258789,61.0045471191406,"pqo76",32.0777778625488,65.106819152832
"xosiy",0,18.7999992370605,53.1818199157715,"mnjnw",31.341667175293,52.5454559326172,"j7zl4",30.9799995422363,58.7000007629395
"m4l15",0,18.7000007629395,46.3636360168457,"fhwme",25.1272735595703,54.1950416564941,"ogz5p",30.1363639831543,60.0438003540039
"p874k",1,18.6000003814697,57.7272720336914,"jfftu",31.0555553436279,59.7898979187012,"pqo76",32.0777778625488,65.106819152832
"e7q87",1,NA,NA,"m8u2y",NA,NA,"pnz5m",NA,NA
"rdj5z",1,NA,NA,"fh8z3",NA,NA,"xmrte",NA,NA
"dgtgn",1,18.6000003814697,60,"vmf4m",30.0499992370605,58.2400016784668,"klgn0",39.7454528808594,60.584545135498
"p3wat",1,NA,NA,"u2buz",38.1749992370605,54.2781944274902,"flxe0",NA,NA
"gib1p",0,19.1027774810791,49.755687713623,"cf4h8",48.8176460266113,54.1903953552246,"m4v36",42.8199996948242,61.7475318908691
"hsyn7",1,NA,NA,"mnxay",41,48.9300384521484,"q9axt",41.5533332824707,62.2578430175781
"ans6o",1,NA,NA,"pjrhy",45.125,53.4090919494629,"snsv0",48.6285705566406,59.7196731567383
"q8296",0,NA,NA,"cwc4h",NA,NA,"zs9ml",NA,NA
"sklih",0,NA,NA,"ikc6a",37.8250007629395,52.7688293457031,"vkh79",33.75,59.831169128418
"kkst3",0,24.7999992370605,62.6500015258789,"en112",36.3624992370605,50.8250007629395,"b2p4g",40.4249992370605,62.365909576416
"oquvp",0,NA,NA,"y3yrn",NA,NA,"xhcgx",NA,NA
"zpw55",0,NA,NA,"iigts",NA,NA,"gf4uh",NA,NA
"dq4oq",1,20.6666660308838,61.6882400512695,"fn9yn",33.9000015258789,54.5999984741211,"cbch9",NA,NA
"ne5wz",1,NA,NA,"kniqy",35.5,54.4665222167969,"flkpb",33.4000015258789,57.9000015258789
"cdabt",0,23.088888168335,50.1037292480469,"k0nnw",46.6333351135254,57.7992630004883,"snsv0",48.6285705566406,59.7196731567383
"ma3o8",1,NA,NA,"hvtes",37.2000007629395,60.9090919494629,"pybum",39.2000007629395,59.0909080505371
"s95ay",1,NA,NA,"vbrk9",NA,NA,"z4zm6",NA,NA
"w7qyf",1,NA,NA,"uhin6",NA,NA,"iyxry",NA,NA
"hourg",0,NA,NA,"lvgdk",35.5888900756836,45.2306823730469,"x79mc",28.7999992370605,54.3575744628906
"xwh66",1,NA,NA,"t0b1a",36.3875007629395,53.5193176269531,"mty37",33.1888885498047,66.136360168457
"d0yup",1,NA,NA,"t16xg",NA,NA,"jdb4q",NA,NA
"y21kl",0,20.5,56.6987495422363,"nyegv",31.7749996185303,52.8787879943848,"ny102",43.0999984741211,66.5151519775391
"llo6o",0,NA,NA,"p1e6a",32.8166656494141,53.8515701293945,"fnkyw",30.8833332061768,56.2042808532715
"k2t89",0,24.2999992370605,56.9000015258789,"bvxx1",51.4599990844727,43.8427276611328,"tv617",49.6699981689453,58.7645454406738
"zcesa",0,NA,NA,"faahn",NA,NA,"p2ynu",NA,NA
"immhd",1,NA,NA,"fshyn",44.6599998474121,51.7704544067383,"ns94o",51.2666664123535,52.024242401123
"l7zw2",1,NA,NA,"dv7gl",NA,NA,"sahki",NA,NA
"nx9gz",1,22.7777786254883,79.8552703857422,"p3yx8",32.5999984741211,69.3818740844727,"xfhvt",35.4500007629395,66.5590896606445
"wran4",0,NA,NA,"y3yrn",NA,NA,"xhcgx",NA,NA
"whu6z",0,NA,NA,"fh8z3",NA,NA,"xmrte",NA,NA
"h60vn",0,21.591667175293,55.579761505127,"elcaa",51.2384605407715,50.0740776062012,"duhhd",50.5250015258789,61.0141334533691
"cmx6i",0,21.591667175293,49.7925453186035,"m8pw6",37.2388877868652,42.8680648803711,"ctvhh",54.2437515258789,55.3598594665527
"o0r8r",1,19.8333339691162,57.1523399353027,"j9yb4",38.8444442749023,43.7391967773438,"ny102",43.0999984741211,66.5151519775391
"se9y5",1,22.3111114501953,61.911548614502,"akiyv",39.2357139587402,54.1202926635742,"twm5n",41.6416664123535,58.3839683532715
"t58ff",0,NA,NA,"d5k5r",NA,NA,"s3bya",NA,NA
"jnssn",1,NA,NA,"zpty7",32.1500015258789,61.0045471191406,"bf2xb",34.1500015258789,58.7295455932617
"af6uk",1,NA,NA,"fn9yn",33.9000015258789,54.5999984741211,"cbch9",NA,NA
"yylzx",1,NA,NA,"m964b",NA,NA,"l62gg",52.6500015258789,59.064079284668
"odlhh",1,NA,NA,"ytmoo",49.1333351135254,57.7272720336914,"javh9",43.1333351135254,67.7272720336914
"f7cgz",0,22.6958332061768,59.3684692382812,"hsszu",28.1909084320068,55.3133697509766,"o29b3",31.0454540252686,62.7307281494141
"s6o8q",1,NA,NA,"olobn",40.75,61.1545448303223,"iyxry",NA,NA
"joj48",0,NA,NA,"mnxay",41,48.9300384521484,"q9axt",41.5533332824707,62.2578430175781
"on8cl",1,NA,NA,"t4jht",NA,NA,"mmqs7",NA,NA
"h419k",1,NA,NA,"uswxw",NA,NA,"ylhz6",NA,NA
"emxu8",1,NA,NA,"c27ds",NA,NA,"mmnsy",NA,NA
"bhv2k",1,21.75,59.3483848571777,"obn7c",49.6714286804199,48.6476631164551,"t7ays",42.7750015258789,53.7579536437988
"iq61a",0,NA,NA,"bkkr9",45.439998626709,63.9090919494629,"lwqju",55.2999992370605,52.4431800842285
"lq5ql",1,21.8999996185303,66.6999969482422,"e72yy",40.0625,58.7679672241211,"eaomc",42.7857131958008,59.4100723266602
"kqtis",1,NA,NA,"jfftu",31.0555553436279,59.7898979187012,"pqo76",32.0777778625488,65.106819152832
"f94zl",1,22.6000003814697,60.5,"hfh7w",32.7874984741211,64.8139038085938,"njmaw",28.1749992370605,63.1484832763672
"melzy",1,NA,NA,"m8u2y",NA,NA,"pnz5m",NA,NA
"qck47",1,NA,NA,"xmiaa",21.8999996185303,48.2000007629395,"qd8l0",21.6000003814697,54.533332824707
"jzd2h",0,NA,NA,"uhin6",NA,NA,"iyxry",NA,NA
"dvo4e",0,NA,NA,"nyegv",31.7749996185303,52.8787879943848,"ny102",43.0999984741211,66.5151519775391
"tj316",1,NA,NA,"vmf4m",30.0499992370605,58.2400016784668,"klgn0",39.7454528808594,60.584545135498
"kg5s7",0,NA,NA,"bd7yr",NA,NA,"b8twg",NA,NA
"dp9yu",1,NA,NA,"ikc6a",37.8250007629395,52.7688293457031,"vkh79",33.75,59.831169128418
"c4ka3",0,NA,NA,"u2buz",38.1749992370605,54.2781944274902,"flxe0",NA,NA
"is7fw",0,NA,NA,"iigts",NA,NA,"gf4uh",NA,NA
"ah08b",1,NA,NA,"t16xg",NA,NA,"jdb4q",NA,NA
"uphk0",0,NA,NA,"glhda",40.7999992370605,47.3309097290039,"b43p4",30.6636371612549,58.4745445251465
"rqrsa",0,NA,NA,"en112",36.3624992370605,50.8250007629395,"b2p4g",40.4249992370605,62.365909576416
"tru6v",0,NA,NA,"hvtes",37.2000007629395,60.9090919494629,"pybum",39.2000007629395,59.0909080505371
"p6azp",0,21.3875007629395,61.2532768249512,"a957f",31.1777782440186,62.0506858825684,"atx00",NA,NA
"aa7uo",0,NA,NA,"etlc9",44.481819152832,47.4136734008789,"gdntt",60.5466651916504,60.5726737976074
"jx9nr",0,NA,NA,"fhwme",25.1272735595703,54.1950416564941,"ogz5p",30.1363639831543,60.0438003540039
"juaez",1,NA,NA,"cwc4h",NA,NA,"zs9ml",NA,NA
"bbmls",1,NA,NA,"p1e6a",32.8166656494141,53.8515701293945,"fnkyw",30.8833332061768,56.2042808532715
"jvok6",0,21.8999996185303,62.7999992370605,"vvuur",53.3545455932617,55.9476890563965,"smp05",44.2000007629395,55.5
"pyy8x",0,NA,NA,"p3yx8",32.5999984741211,69.3818740844727,"xfhvt",35.4500007629395,66.5590896606445
"nxnxz",1,NA,NA,"m8u2y",NA,NA,"pnz5m",NA,NA
"f9jcj",0,NA,NA,"y3yrn",NA,NA,"xhcgx",NA,NA
"ac6ck",0,NA,NA,"t0b1a",36.3875007629395,53.5193176269531,"mty37",33.1888885498047,66.136360168457
"n2icu",0,NA,NA,"faahn",NA,NA,"p2ynu",NA,NA
"l73dy",0,NA,NA,"fh8z3",NA,NA,"xmrte",NA,NA
"ws22i",1,NA,NA,"j7jq2",NA,NA,"vstji",19.8999996185303,56.7999992370605
"awi0n",0,NA,NA,"m964b",NA,NA,"l62gg",52.6500015258789,59.064079284668
"ul79y",0,NA,NA,"x6kls",40.5555572509766,53.7393951416016,"u0cjv",58.2799987792969,51.9272727966309
"gk0u3",1,21.3999996185303,51.2000007629395,"pjrhy",45.125,53.4090919494629,"oez0m",36.25,53.490909576416
"jm0fc",1,NA,NA,"uswxw",NA,NA,"ylhz6",NA,NA
"fy73b",1,NA,NA,"jfftu",31.0555553436279,59.7898979187012,"pqo76",32.0777778625488,65.106819152832
"izuwe",0,NA,NA,"mnjnw",31.341667175293,52.5454559326172,"v7g9d",33.0750007629395,59.618579864502
"zl4nx",0,NA,NA,"mde2s",31.6499996185303,43.3333320617676,"rqrug",18.5,57.533332824707
"vr6pt",0,NA,NA,"zpty7",32.1500015258789,61.0045471191406,"bf2xb",34.1500015258789,58.7295455932617
"diybz",1,NA,NA,"u2buz",38.1749992370605,54.2781944274902,"flxe0",NA,NA
"x82qv",1,NA,NA,"hsy91",42.4384613037109,58.9689865112305,"fiotf",40.25,59.6537895202637
"ay0uq",1,NA,NA,"re8d9",32.6818199157715,50.7573585510254,"qgvxs",29.8333339691162,69.0666656494141
"b4mpq",0,NA,NA,"nyegv",31.7749996185303,52.8787879943848,"ny102",43.0999984741211,66.5151519775391
"p141i",0,20.966667175293,61.3666648864746,"elcaa",51.2384605407715,50.0740776062012,"duhhd",50.5250015258789,61.0141334533691
"z3yaz",0,20.5,59.0499992370605,"caf4x",43.2769241333008,55.6652336120605,"gbq5d",48.771427154541,64.1265335083008
"an85b",1,20.2000007629395,52.0999984741211,"lvgdk",35.5888900756836,45.2306823730469,"x79mc",28.7999992370605,54.3575744628906
"q46ui",0,NA,NA,"iytw0",NA,NA,"nk0xm",NA,NA
"dygzd",1,NA,NA,"iigts",NA,NA,"gf4uh",NA,NA
"d8mmb",1,NA,NA,"ikc6a",37.8250007629395,52.7688293457031,"vkh79",33.75,59.831169128418
"jehoe",0,NA,NA,"k0nnw",46.6333351135254,57.7992630004883,"snsv0",48.6285705566406,59.7196731567383
"adomz",1,21.2999992370605,69.3000030517578,"a957f",31.1777782440186,62.0506858825684,"atx00",NA,NA
"cl638",0,NA,NA,"p98ei",NA,NA,"pxsso",NA,NA
"z2tr5",0,NA,NA,"ytmoo",49.1333351135254,57.7272720336914,"javh9",43.1333351135254,67.7272720336914
"yubib",0,NA,NA,"d5k5r",NA,NA,"s3bya",NA,NA
"nquqi",1,NA,NA,"uhin6",NA,NA,"iyxry",NA,NA
"o5ckn",0,NA,NA,"t16xg",NA,NA,"jdb4q",NA,NA
"b1z2y",1,NA,NA,"olobn",40.75,61.1545448303223,"xfhvt",35.4500007629395,66.5590896606445
"k97iq",1,19.2999992370605,63.5999984741211,"akiyv",39.2357139587402,54.1202926635742,"twm5n",41.6416664123535,58.3839683532715
"wtxye",0,NA,NA,"t0b1a",36.3875007629395,53.5193176269531,"mty37",33.1888885498047,66.136360168457
"z21hm",1,NA,NA,"t4jht",NA,NA,"mmqs7",NA,NA
"cg87a",0,NA,NA,"en112",36.3624992370605,50.8250007629395,"b2p4g",40.4249992370605,62.365909576416
"az66k",1,NA,NA,"bkkr9",45.439998626709,63.9090919494629,"lwqju",55.2999992370605,52.4431800842285
"ecbzm",0,19.8333339691162,50.5999984741211,"e72yy",40.0625,58.7679672241211,"eaomc",42.7857131958008,59.4100723266602
"sz5g5",0,NA,NA,"m8pw6",37.2388877868652,42.8680648803711,"ctvhh",54.2437515258789,55.3598594665527
"pvt27",1,NA,NA,"cwc4h",NA,NA,"zs9ml",NA,NA
"scfg8",0,NA,NA,"hvtes",37.2000007629395,60.9090919494629,"pybum",39.2000007629395,59.0909080505371
"eokwq",1,NA,NA,"o65h4",29.9722213745117,44.0863876342773,"shos4",32.2861099243164,47.8115882873535
"saj8q",1,NA,NA,"mnjnw",31.341667175293,52.5454559326172,"v7g9d",33.0750007629395,59.618579864502
"fvdg9",1,NA,NA,"rzk05",45.2999992370605,44.4287872314453,"e2o8e",49.2999992370605,59.2272720336914
"kxza9",1,NA,NA,"xmiaa",21.8999996185303,48.2000007629395,"qd8l0",21.6000003814697,54.533332824707
"v9fpp",0,19.2000007629395,48.4500007629395,"kniqy",35.5,54.4665222167969,"yq492",34.4000015258789,66.2434997558594
"anyjt",0,NA,NA,"crj54",31.7399997711182,54,"nzqrr",NA,NA
"m3qki",1,NA,NA,"vat8g",27.8600006103516,53.4545440673828,"iumo2",26.8299999237061,59.0836372375488
"lmgah",1,NA,NA,"qxv3c",NA,NA,"dho9o",NA,NA
"bh8c8",0,NA,NA,"faahn",NA,NA,"p2ynu",NA,NA
"jecsr",1,NA,NA,"zr3wf",20.6499996185303,55.1454544067383,"yv7bp",35.6071434020996,64.1045455932617
"ka5hb",1,NA,NA,"fh8z3",NA,NA,"xmrte",NA,NA
"moasv",1,NA,NA,"fn9yn",33.9000015258789,54.5999984741211,"cbch9",NA,NA
"vnln0",1,NA,NA,"d5k5r",NA,NA,"s3bya",NA,NA
"wiqx6",0,NA,NA,"vmf4m",30.0499992370605,58.2400016784668,"klgn0",39.7454528808594,60.584545135498
"yi9fr",0,NA,NA,"fhwme",25.1272735595703,54.1950416564941,"ogz5p",30.1363639831543,60.0438003540039
"cxl8a",1,NA,NA,"lvgdk",35.5888900756836,45.2306823730469,"x79mc",28.7999992370605,54.3575744628906
"so5kw",1,NA,NA,"r97mw",NA,NA,"wwhhf",NA,NA
"mjld7",1,18.1000003814697,56.2999992370605,"u2buz",38.1749992370605,54.2781944274902,"jj4hv",36.8333320617676,74.7376174926758
"it1hc",1,18.3999996185303,63.7999992370605,"b5y7l",30.8333339691162,57.6179847717285,"ueefn",35.906665802002,54.3184280395508
"r7y6f",1,NA,NA,"uhin6",NA,NA,"iyxry",NA,NA
"lmkg7",0,NA,NA,"nyegv",31.7749996185303,52.8787879943848,"ny102",43.0999984741211,66.5151519775391
"bhld5",0,18.8999996185303,57.3499984741211,"cf4h8",48.8176460266113,54.1903953552246,"xr0in",47.5800018310547,53.051570892334
"sgx23",0,19.3999996185303,59.9000015258789,"qfi21",30.7999992370605,67.3001327514648,"njmaw",28.1749992370605,63.1484832763672
"hkn1r",0,NA,NA,"xmiaa",21.8999996185303,48.2000007629395,"qd8l0",21.6000003814697,54.533332824707
"eose7",0,18.2999992370605,51.7000007629395,"m964b",NA,NA,"l62gg",52.6500015258789,59.064079284668
"i0o45",0,NA,NA,"re8d9",32.6818199157715,50.7573585510254,"qgvxs",29.8333339691162,69.0666656494141
"cewai",0,NA,NA,"iytw0",NA,NA,"nk0xm",NA,NA
"rkte5",1,18.2999992370605,55,"x3jn0",29.7727279663086,53.4411354064941,"dimeo",29.1545448303223,57.5882263183594
"grjt1",0,NA,NA,"p1e6a",32.8166656494141,53.8515701293945,"fnkyw",30.8833332061768,56.2042808532715
"c3v3b",1,NA,NA,"uswxw",NA,NA,"ylhz6",NA,NA
"o462n",0,19.1000003814697,49.5999984741211,"e7eh1",29.53125,57.9337882995605,"uy84d",32.1142845153809,58.8090858459473
"q1kh1",1,NA,NA,"c27ds",NA,NA,"mmnsy",NA,NA
"n0qcr",0,NA,NA,"zpty7",32.1500015258789,61.0045471191406,"bf2xb",34.1500015258789,58.7295455932617
"ggwfo",1,NA,NA,"bd7yr",NA,NA,"b8twg",NA,NA
"z01zj",0,18.7999992370605,56.7000007629395,"oddxx",31.5,59.4078407287598,"fxelz",23.7399997711182,62.2936363220215
"p134u",1,NA,NA,"ikc6a",37.8250007629395,52.7688293457031,"vkh79",33.75,59.831169128418
"k9loy",0,NA,NA,"cwc4h",NA,NA,"s6kun",NA,NA
"a0f6v",0,NA,NA,"ytmoo",49.1333351135254,57.7272720336914,"javh9",43.1333351135254,67.7272720336914
"fzfad",1,NA,NA,"m8u2y",NA,NA,"pnz5m",NA,NA
"tyxmo",0,NA,NA,"elcaa",51.2384605407715,50.0740776062012,"duhhd",50.5250015258789,61.0141334533691
"tabrf",1,NA,NA,"t16xg",NA,NA,"jdb4q",NA,NA
"v3lvi",0,NA,NA,"mnjnw",31.341667175293,52.5454559326172,"v7g9d",33.0750007629395,59.618579864502
"o7rfd",1,NA,NA,"vq7ep",29.7199993133545,61.4654541015625,"b43p4",30.6636371612549,58.4745445251465
"xzx1u",1,18.1000003814697,48.7000007629395,"m8pw6",37.2388877868652,42.8680648803711,"ctvhh",54.2437515258789,55.3598594665527
"an0r5",1,NA,NA,"t4jht",NA,NA,"mmqs7",NA,NA
"ohlma",0,NA,NA,"bwr1d",23.8666667938232,55.3575744628906,"qoxn9",NA,NA
"jphy9",0,NA,NA,"mnxay",41,48.9300384521484,"q9axt",41.5533332824707,62.2578430175781
"kg6dn",1,NA,NA,"hvtes",37.2000007629395,60.9090919494629,"pybum",39.2000007629395,59.0909080505371
"o09b3",0,NA,NA,"en112",36.3624992370605,50.8250007629395,"b2p4g",40.4249992370605,62.365909576416
"in8g0",0,NA,NA,"u2buz",38.1749992370605,54.2781944274902,"jj4hv",36.8333320617676,74.7376174926758
"gvcdi",1,NA,NA,"j7jq2",NA,NA,"vstji",19.8999996185303,56.7999992370605
"g8cty",1,NA,NA,"fshyn",44.6599998474121,51.7704544067383,"ns94o",51.2666664123535,52.024242401123
"migke",1,NA,NA,"qfi21",30.7999992370605,67.3001327514648,"njmaw",28.1749992370605,63.1484832763672
"ssm3x",0,NA,NA,"akiyv",39.2357139587402,54.1202926635742,"twm5n",41.6416664123535,58.3839683532715
"l1vve",0,NA,NA,"uhin6",NA,NA,"iyxry",NA,NA
"rptp3",0,NA,NA,"ltm49",25.6240749359131,56.2222213745117,"nyb9z",30.2999992370605,67.5852279663086
"qbth5",1,NA,NA,"fn9yn",33.9000015258789,54.5999984741211,"sdl2o",NA,NA
"jf5gs",1,NA,NA,"d5k5r",NA,NA,"zffe6",NA,NA
"aya3z",0,NA,NA,"p3yx8",32.5999984741211,69.3818740844727,"xfhvt",35.4500007629395,66.5590896606445
"pnll4",0,NA,NA,"y3yrn",NA,NA,"xhcgx",NA,NA
"zr1nm",1,NA,NA,"ry61n",30.1000003814697,66.363639831543,"lfn9g",NA,NA
"yspxe",0,NA,NA,"dwwbl",28.3500003814697,51.9410514831543,"yo029",29.380952835083,57.0488471984863
"rlqv6",1,NA,NA,"xgp2q",27.1599998474121,57.8823356628418,"gju68",32.3428573608398,63.3506088256836
"pu50s",0,NA,NA,"i456t",24.0499992370605,69.3181838989258,"f1x10",NA,NA
"rm3dm",1,NA,NA,"kstar",28.8199996948242,62.2799987792969,"emz0z",29.1000003814697,59.0909080505371
"opkjd",1,NA,NA,"t0b1a",36.3875007629395,53.5193176269531,"mty37",33.1888885498047,66.136360168457
"u80ul",0,NA,NA,"b5y7l",30.8333339691162,57.6179847717285,"ueefn",35.906665802002,54.3184280395508
"z9ep1",0,NA,NA,"bkkr9",45.439998626709,63.9090919494629,"lwqju",55.2999992370605,52.4431800842285
"b9jcr",1,NA,NA,"r97mw",NA,NA,"wwhhf",NA,NA
"kw1oa",1,NA,NA,"fh8z3",NA,NA,"xmrte",NA,NA
"vq7mq",0,NA,NA,"re8d9",32.6818199157715,50.7573585510254,"c3edr",29.9500007629395,58.1697311401367
"hokhi",0,NA,NA,"ub53o",23.7999992370605,66.5999984741211,"zopiw",NA,NA
"s8c8r",0,NA,NA,"nm33q",30.0571422576904,72.1662673950195,"fu80d",NA,NA
"brqv8",1,NA,NA,"nyegv",31.7749996185303,52.8787879943848,"ny102",43.0999984741211,66.5151519775391
"t687m",1,NA,NA,"crj54",31.7399997711182,54,"c3hz4",NA,NA
"aqgpb",1,NA,NA,"qxv3c",NA,NA,"dho9o",NA,NA
"q5oxw",0,NA,NA,"hsszu",28.1909084320068,55.3133697509766,"o29b3",31.0454540252686,62.7307281494141
"ufibt",0,NA,NA,"uswxw",NA,NA,"ylhz6",NA,NA
"svhbo",1,NA,NA,"p5prv",22.8250007629395,57.9545440673828,"qkqjy",28.1142864227295,58.1571426391602
"boqg3",0,NA,NA,"e7eh1",29.53125,57.9337882995605,"uy84d",32.1142845153809,58.8090858459473
"dpxos",1,NA,NA,"p1e6a",32.8166656494141,53.8515701293945,"fnkyw",30.8833332061768,56.2042808532715
"s3chg",1,NA,NA,"xmiaa",21.8999996185303,48.2000007629395,"qd8l0",21.6000003814697,54.533332824707
"frlpi",0,NA,NA,"jfftu",31.0555553436279,59.7898979187012,"pqo76",32.0777778625488,65.106819152832
"isxhs",0,NA,NA,"iytw0",NA,NA,"nk0xm",NA,NA
"xcbtc",1,NA,NA,"jvoq7",20.75,57.5,"rjxxf",28.1599998474121,64.5963668823242
"jcqco",0,NA,NA,"vat8g",27.8600006103516,53.4545440673828,"iumo2",26.8299999237061,59.0836372375488
"ruqqx",0,NA,NA,"t16xg",NA,NA,"jdb4q",NA,NA
"k8sup",0,NA,NA,"kniqy",35.5,54.4665222167969,"yq492",34.4000015258789,66.2434997558594
"e4g6z",1,NA,NA,"oddxx",31.5,59.4078407287598,"wdet0",31.4571437835693,55.2528991699219
"r5a6r",0,NA,NA,"m8u2y",NA,NA,"pnz5m",NA,NA
"cndkv",1,NA,NA,"lvgdk",35.5888900756836,45.2306823730469,"x79mc",28.7999992370605,54.3575744628906
"r11vr",0,NA,NA,"a957f",31.1777782440186,62.0506858825684,"zh6fz",29.1666660308838,73.3828048706055
"np8gp",1,NA,NA,"u6cvt",25.7714290618896,55.7082977294922,"zqmz7",28.8125,59.4262199401855
"fe9ip",1,NA,NA,"cwc4h",NA,NA,"zs9ml",NA,NA
"lgur0",0,NA,NA,"c27ds",NA,NA,"mmnsy",NA,NA
"gfmhl",1,NA,NA,"elcaa",51.2384605407715,50.0740776062012,"duhhd",50.5250015258789,61.0141334533691
"nnvb0",1,NA,NA,"ikc6a",37.8250007629395,52.7688293457031,"vkh79",33.75,59.831169128418
"kooe0",0,NA,NA,"fhwme",25.1272735595703,54.1950416564941,"ogz5p",30.1363639831543,60.0438003540039
"qemfu",1,NA,NA,"uhin6",NA,NA,"iyxry",NA,NA
"j1h0t",0,NA,NA,"hvtes",37.2000007629395,60.9090919494629,"pybum",39.2000007629395,59.0909080505371
"hn8dm",0,NA,NA,"iigts",NA,NA,"gf4uh",NA,NA
"rw44w",0,NA,NA,"m8pw6",37.2388877868652,42.8680648803711,"ctvhh",54.2437515258789,55.3598594665527
"sby8l",0,NA,NA,"vq7ep",29.7199993133545,61.4654541015625,"b43p4",30.6636371612549,58.4745445251465
"nnhpq",0,NA,NA,"oq9xr",32.7999992370605,48,"j7zl4",30.9799995422363,58.7000007629395
"dbcmk",0,NA,NA,"p3yx8",32.5999984741211,69.3818740844727,"xfhvt",35.4500007629395,66.5590896606445
"l71c9",0,NA,NA,"mnxay",41,48.9300384521484,"q9axt",41.5533332824707,62.2578430175781
"jas0y",0,NA,NA,"e72yy",40.0625,58.7679672241211,"eaomc",42.7857131958008,59.4100723266602
"cb2cc",1,NA,NA,"dehm3",NA,NA,"htnbb",NA,NA
"avjyw",0,NA,NA,"faahn",NA,NA,"p2ynu",NA,NA
"rluff",1,NA,NA,"zr3wf",20.6499996185303,55.1454544067383,"xvgx3",22.9833335876465,61.4606056213379
"xltca",1,NA,NA,"k0nnw",46.6333351135254,57.7992630004883,"snsv0",48.6285705566406,59.7196731567383
"yytm6",1,NA,NA,"re8d9",32.6818199157715,50.7573585510254,"c3edr",29.9500007629395,58.1697311401367
"cq3r1",1,NA,NA,"ltm49",25.6240749359131,56.2222213745117,"nyb9z",30.2999992370605,67.5852279663086
"jmhb3",1,NA,NA,"qfi21",30.7999992370605,67.3001327514648,"njmaw",28.1749992370605,63.1484832763672
"ghgbm",0,NA,NA,"mnjnw",31.341667175293,52.5454559326172,"v7g9d",33.0750007629395,59.618579864502
"w2exg",0,NA,NA,"en112",36.3624992370605,50.8250007629395,"b2p4g",40.4249992370605,62.365909576416
"xh8le",0,NA,NA,"x8r2n",31.7666664123535,56.0818176269531,"z6ej0",25.6166667938232,62.9418182373047
"z4len",1,NA,NA,"zpty7",32.1500015258789,61.0045471191406,"bf2xb",34.1500015258789,58.7295455932617
"z9z02",0,NA,NA,"hsy91",42.4384613037109,58.9689865112305,"fiotf",40.25,59.6537895202637
"pu9di",0,NA,NA,"jfftu",31.0555553436279,59.7898979187012,"pqo76",32.0777778625488,65.106819152832
"txtha",0,NA,NA,"p5prv",22.8250007629395,57.9545440673828,"qkqjy",28.1142864227295,58.1571426391602
"v3afm",1,NA,NA,"nc9m4",19.1333332061768,56.6666679382324,"rw8af",20.3999996185303,58.7878799438477
"te6xd",0,NA,NA,"o088g",26.5636367797852,60.1567153930664,"yv7bp",35.6071434020996,64.1045455932617
"ouhs8",1,NA,NA,"o65h4",29.9722213745117,44.0863876342773,"shos4",32.2861099243164,47.8115882873535
"cudki",0,NA,NA,"ry61n",30.1000003814697,66.363639831543,"bzp0e",27.1000003814697,57.7272720336914
"nb2n6",1,NA,NA,"dwwbl",28.3500003814697,51.9410514831543,"yo029",29.380952835083,57.0488471984863
"jj9of",0,NA,NA,"x3jn0",29.7727279663086,53.4411354064941,"dimeo",29.1545448303223,57.5882263183594
"lsf4g",1,NA,NA,"ifgyd",27.7999992370605,48.4698181152344,"svtqa",30.9249992370605,59.5797157287598
"ypgm5",1,NA,NA,"zr3wf",20.6499996185303,55.1454544067383,"xvgx3",22.9833335876465,61.4606056213379
"pnlk0",0,NA,NA,"nm33q",30.0571422576904,72.1662673950195,"u753f",32.3857154846191,51.5403518676758
"hs44l",1,NA,NA,"lvgdk",35.5888900756836,45.2306823730469,"x79mc",28.7999992370605,54.3575744628906
"dpok6",1,NA,NA,"e7eh1",29.53125,57.9337882995605,"uy84d",32.1142845153809,58.8090858459473
"bm706",1,NA,NA,"xgp2q",27.1599998474121,57.8823356628418,"gju68",32.3428573608398,63.3506088256836
"aznv4",0,NA,NA,"t0b1a",36.3875007629395,53.5193176269531,"mty37",33.1888885498047,66.136360168457
"x443g",1,NA,NA,"qqff8",NA,NA,"e17h0",25.1000003814697,59.5454559326172
"w5568",1,NA,NA,"i456t",24.0499992370605,69.3181838989258,"fxelz",23.7399997711182,62.2936363220215
"nglev",0,NA,NA,"r6kce",19.3999996185303,58.1818199157715,"jzpvb",18.1000003814697,73.1818161010742
"ml80z",1,NA,NA,"jvoq7",20.75,57.5,"rjxxf",28.1599998474121,64.5963668823242
"bynx8",1,NA,NA,"qivod",21.1000003814697,57.5,"r3ti8",30.1000003814697,62.7272720336914
"sbi2c",0,NA,NA,"hjaij",20.25,48.75,"h6gxs",20.5499992370605,64.3181838989258
"nzrvg",1,NA,NA,"e72yy",40.0625,58.7679672241211,"eaomc",42.7857131958008,59.4100723266602
"u52zn",0,NA,NA,"oddxx",31.5,59.4078407287598,"wdet0",31.4571437835693,55.2528991699219
"rywi8",0,NA,NA,"u6cvt",25.7714290618896,55.7082977294922,"zqmz7",28.8125,59.4262199401855
"fkpuw",0,NA,NA,"u2buz",38.1749992370605,54.2781944274902,"jj4hv",36.8333320617676,74.7376174926758
"cvp85",0,NA,NA,"mnjnw",31.341667175293,52.5454559326172,"v7g9d",33.0750007629395,59.618579864502
"s2urr",1,NA,NA,"qfi21",30.7999992370605,67.3001327514648,"njmaw",28.1749992370605,63.1484832763672
"dcdj6",0,NA,NA,"b5y7l",30.8333339691162,57.6179847717285,"ueefn",35.906665802002,54.3184280395508
"htb8m",0,NA,NA,"kniqy",35.5,54.4665222167969,"yq492",34.4000015258789,66.2434997558594
"zsivm",0,NA,NA,"oryvz",19.7333335876465,48.7878799438477,"o8tvw",23.1000003814697,48.9393920898438
"ava8c",0,NA,NA,"oq9xr",32.7999992370605,48,"nxdg2",NA,NA
"qcbi9",1,NA,NA,"hfh7w",32.7874984741211,64.8139038085938,"w7h72",NA,NA
"mg8xg",0,NA,NA,"crj54",31.7399997711182,54,"l3eu5",40.1199989318848,56.4345436096191
"rzds0",0,NA,NA,"ltm49",25.6240749359131,56.2222213745117,"nyb9z",30.2999992370605,67.5852279663086
"xhhm3",1,NA,NA,"a957f",31.1777782440186,62.0506858825684,"zh6fz",29.1666660308838,73.3828048706055
"qfleh",1,NA,NA,"hsszu",28.1909084320068,55.3133697509766,"o29b3",31.0454540252686,62.7307281494141
"jrmg7",1,NA,NA,"re8d9",32.6818199157715,50.7573585510254,"c3edr",29.9500007629395,58.1697311401367
"fi56y",0,NA,NA,"nyegv",31.7749996185303,52.8787879943848,"ny102",43.0999984741211,66.5151519775391
"jfdfz",1,NA,NA,"m8pw6",37.2388877868652,42.8680648803711,"ctvhh",54.2437515258789,55.3598594665527
"faz00",0,NA,NA,"p1e6a",32.8166656494141,53.8515701293945,"fnkyw",30.8833332061768,56.2042808532715
"q9lzf",0,NA,NA,"rh4e3",18,49.5454559326172,"otk49",39.5999984741211,64.0909118652344
"nl336",0,NA,NA,"bkkr9",45.439998626709,63.9090919494629,"lwqju",55.2999992370605,52.4431800842285
"uu7hj",0,NA,NA,"ry61n",30.1000003814697,66.363639831543,"bzp0e",27.1000003814697,57.7272720336914
"kdo29",0,NA,NA,"vq7ep",29.7199993133545,61.4654541015625,"b43p4",30.6636371612549,58.4745445251465
"enhnd",1,NA,NA,"jdga6",20.5900001525879,54.7454528808594,"ep5km",NA,NA
"p6xyh",1,NA,NA,"i456t",24.0499992370605,69.3181838989258,"fxelz",23.7399997711182,62.2936363220215
"e8j3m",1,NA,NA,"bwr1d",23.8666667938232,55.3575744628906,"wfvro",23.6000003814697,60.6818199157715
"gbqgy",1,NA,NA,"fhwme",25.1272735595703,54.1950416564941,"ogz5p",30.1363639831543,60.0438003540039
"jj0bw",1,NA,NA,"xgp2q",27.1599998474121,57.8823356628418,"gju68",32.3428573608398,63.3506088256836
"t8y8x",0,NA,NA,"rzk05",45.2999992370605,44.4287872314453,"r86gx",54.5,51.5
"g4vqu",1,NA,NA,"ikc6a",37.8250007629395,52.7688293457031,"vkh79",33.75,59.831169128418
"cnutr",0,NA,NA,"hvtes",37.2000007629395,60.9090919494629,"pybum",39.2000007629395,59.0909080505371
"hsbkl",0,NA,NA,"nm33q",30.0571422576904,72.1662673950195,"u753f",32.3857154846191,51.5403518676758
"mw2qx",1,NA,NA,"ifgyd",27.7999992370605,48.4698181152344,"svtqa",30.9249992370605,59.5797157287598
"gjaa1",1,NA,NA,"hdgyt",NA,NA,"rqnyq",NA,NA
"k93wd",0,NA,NA,"hdgyt",NA,NA,"rqnyq",NA,NA
"gseww",0,NA,NA,"hdgyt",NA,NA,"rqnyq",NA,NA
"hndei",1,NA,NA,"hdgyt",NA,NA,"rqnyq",NA,NA
"uh1ba",0,NA,NA,"ktr8y",NA,NA,"pbqox",NA,NA
"vqqpd",0,NA,NA,"dmqdx",37.5999984741211,37.9545440673828,"dtzek",56.5999984741211,58.8636360168457
"a7nbh",1,20.0599994659424,51.5139122009277,"dmqdx",37.5999984741211,37.9545440673828,"dtzek",56.5999984741211,58.8636360168457
"h9ez4",1,NA,NA,"dmqdx",37.5999984741211,37.9545440673828,"dtzek",56.5999984741211,58.8636360168457
"c37a6",1,19,48.7609252929688,"dmqdx",37.5999984741211,37.9545440673828,"dtzek",56.5999984741211,58.8636360168457
"d5cs1",1,NA,NA,"dmqdx",37.5999984741211,37.9545440673828,"dtzek",56.5999984741211,58.8636360168457
"gc8r0",1,NA,NA,"dmqdx",37.5999984741211,37.9545440673828,"dtzek",56.5999984741211,58.8636360168457
"y8u3b",1,NA,NA,"yw7e6",NA,NA,"uw08j",NA,NA
"uu6py",1,NA,NA,"ktr8y",NA,NA,"pbqox",NA,NA
"qrj6h",1,NA,NA,"yw7e6",NA,NA,"uw08j",NA,NA
"b08mn",0,NA,NA,"mgwvy",NA,NA,"uyivo",NA,NA
"num02",1,NA,NA,"rtbtw",25.1000003814697,48.6363639831543,"uzk66",29.1000003814697,60.9090919494629
"soua2",0,NA,NA,"mgwvy",NA,NA,"uyivo",NA,NA
"jvox3",1,NA,NA,"mgwvy",NA,NA,"uyivo",NA,NA
"ckou3",0,NA,NA,"xgbe4",NA,NA,"lw9tu",NA,NA
"gurd3",1,NA,NA,"mgwvy",NA,NA,"uyivo",NA,NA
"my1bo",0,NA,NA,"frjv5",NA,NA,"jrbxc",NA,NA
"c7xlm",0,NA,NA,"rtbtw",25.1000003814697,48.6363639831543,"uzk66",29.1000003814697,60.9090919494629
"s2puw",0,NA,NA,"sqi47",NA,NA,"xrfo2",52,52.8432350158691
"wb4ky",0,NA,NA,"sqi47",NA,NA,"xrfo2",52,52.8432350158691
"sf89z",0,NA,NA,"ay5wk",52,54.966667175293,"odxw8",46,67
"k7o24",1,23.5,66.6500015258789,"ay5wk",52,54.966667175293,"odxw8",46,67
"c4yxa",0,20,59.033332824707,"ay5wk",52,54.966667175293,"odxw8",46,67
"g8dfz",1,NA,NA,"ay5wk",52,54.966667175293,"odxw8",46,67
"i8swu",0,20.3999996185303,54.0909080505371,"fugrf",NA,NA,"ju3fq",NA,NA
"ibvoz",1,NA,NA,"cndu7",NA,NA,"eel6r",NA,NA
"v0yrp",0,NA,NA,"cndu7",NA,NA,"eel6r",NA,NA
"flqu1",1,NA,NA,"edf6c",37.7333335876465,59.0083274841309,"oza7s",44.2599983215332,65.7303771972656
"psmte",1,23.3999996185303,67.4000015258789,"edf6c",37.7333335876465,59.0083274841309,"oza7s",44.2599983215332,65.7303771972656
"ks9vs",0,20.966667175293,61.9263801574707,"edf6c",37.7333335876465,59.0083274841309,"oza7s",44.2599983215332,65.7303771972656
"dsgxj",0,NA,NA,"m11g2",NA,NA,"meurq",NA,NA
"dqqqo",1,NA,NA,"fn5dp",NA,NA,"fu86u",NA,NA
"ofyqr",0,NA,NA,"fn5dp",NA,NA,"fu86u",NA,NA
"ok751",0,NA,NA,"fn5dp",NA,NA,"fu86u",NA,NA
"c48b5",1,NA,NA,"fn5dp",NA,NA,"fu86u",NA,NA
"u0dvo",1,NA,NA,"ic80r",NA,NA,"rwf6q",NA,NA
"febph",1,NA,NA,"ic80r",NA,NA,"rwf6q",NA,NA
"sni0o",0,NA,NA,"ic80r",NA,NA,"rwf6q",NA,NA
"qipa4",0,NA,NA,"ic80r",NA,NA,"rwf6q",NA,NA
"szhl2",1,NA,NA,"xgla1",NA,NA,"vzkbj",NA,NA
"rmksa",0,NA,NA,"xgla1",NA,NA,"vzkbj",NA,NA
"h7cmi",0,NA,NA,"qpxhq",NA,NA,"bo9a5",NA,NA
"nmorf",0,NA,NA,"qpxhq",NA,NA,"bo9a5",NA,NA
"z83qz",1,NA,NA,"qpxhq",NA,NA,"bo9a5",NA,NA
"ewey3",1,22.5041675567627,57.9960975646973,"ocvtc",39.5125007629395,55.656623840332,"jj4hv",36.8333320617676,74.7376174926758
"lpzcy",1,21.7000007629395,70.8000030517578,"ocvtc",39.5125007629395,55.656623840332,"jj4hv",36.8333320617676,74.7376174926758
"vmlip",1,NA,NA,"ocvtc",39.5125007629395,55.656623840332,"sfva3",NA,NA
"m67we",1,NA,NA,"ocvtc",39.5125007629395,55.656623840332,"jj4hv",36.8333320617676,74.7376174926758
"tjdx5",0,NA,NA,"cndu7",NA,NA,"eel6r",NA,NA
"zxkyi",1,NA,NA,"fn5dp",NA,NA,"fu86u",NA,NA
"igpv4",1,NA,NA,"ic80r",NA,NA,"rwf6q",NA,NA
"h6i4d",1,NA,NA,"xgla1",NA,NA,"vzkbj",NA,NA
"mdjfz",1,NA,NA,"edf6c",37.7333335876465,59.0083274841309,"oza7s",44.2599983215332,65.7303771972656
"lq72k",1,NA,NA,"qpxhq",NA,NA,"bo9a5",NA,NA
"togqv",0,NA,NA,"yo7pn",NA,NA,"c2qa6",NA,NA
"ywudt",1,NA,NA,"xgbe4",NA,NA,"lw9tu",NA,NA
"bsu5h",1,NA,NA,"xgbe4",NA,NA,"wwhhf",NA,NA
"pzo7f",0,NA,NA,"frjv5",NA,NA,"jrbxc",NA,NA
"k0r4p",0,NA,NA,"s9q6e",NA,NA,"eb3m6",NA,NA
"fl6oc",0,NA,NA,"s9q6e",NA,NA,"eb3m6",NA,NA
"lv6wm",1,NA,NA,"rtbtw",25.1000003814697,48.6363639831543,"uzk66",29.1000003814697,60.9090919494629
"cjc7q",0,NA,NA,"ocvtc",39.5125007629395,55.656623840332,"l95n0",28.25,66.4787902832031
"vkxq4",0,NA,NA,"edf6c",37.7333335876465,59.0083274841309,"oza7s",44.2599983215332,65.7303771972656
"i6rir",0,NA,NA,"rtbtw",25.1000003814697,48.6363639831543,"uzk66",29.1000003814697,60.9090919494629
"nfyhp",1,29.1000003814697,59.0909080505371,"z268o",65.1999969482422,41.3636360168457,"oe84d",NA,NA
"ood9c",0,NA,NA,"ay5wk",52,54.966667175293,"odxw8",46,67
"posgj",1,NA,NA,"ay5wk",52,54.966667175293,"odxw8",46,67
"njajh",0,NA,NA,"xcjmf",37.0999984741211,48.1818199157715,"o3v1c",53.0999984741211,56.8181800842285
