"age","agem","rs","rsm","mid"
32,48,NA,5,"gcc7s"
26,70,NA,4,"jpgsz"
28,50,1.94000005722046,10,"x41ja"
37,66,NA,4,"m70cm"
21,54,NA,4,"ypydn"
48,65,NA,8,"fn6n5"
35,44,NA,5,"m36tj"
34,55,NA,10,"ngtae"
18,50,NA,12,"pwhmy"
25,48,2.91000008583069,3,"rsev1"
12,37,NA,5,"ksfpk"
20,50,NA,12,"pwhmy"
37,44,4.96999979019165,7,"eyenk"
20,40,1.94000005722046,8,"ku8qo"
19,50,NA,9,"dqhss"
24,65,NA,7,"kyjqz"
33,58,NA,7,"rnwry"
28,55,2.97000002861023,9,"o80eg"
44,80,NA,5,"msiya"
42,40,NA,3,"dyq1x"
17,60,NA,9,"wfeiv"
18,48,NA,9,"cdme4"
27,42,4.94000005722046,4,"by9xq"
40,57,6,4,"f4uci"
29,50,3.94000005722046,3,"ejv12"
34,56,4.94000005722046,8,"yw5xv"
12,45,NA,8,"pkiue"
26,50,NA,7,"l073x"
24,45,0.970000028610229,7,"v8opa"
38,35,4.96999979019165,2,"zx1q4"
27,50,NA,8,"kg73z"
21,42,NA,3,"emu5y"
46,70,10,4,"jsj7y"
27,64,2.97000002861023,4,"qc23b"
23,48,NA,8,"ygx40"
30,50,2,5,"oyul1"
14,60,NA,7,"wlg1o"
17,40,NA,6,"a3bht"
35,60,4.96999979019165,7,"e68bt"
20,55,NA,10,"bgwy5"
37,70,4.94000005722046,7,"w0n5m"
40,62,9.9399995803833,4,"ifyb9"
51,65,NA,5,"mexw8"
26,45,2.97000002861023,8,"pkiue"
46,80,7.96999979019165,4,"q3vc2"
35,35,NA,2,"zx1q4"
18,55,NA,10,"bgwy5"
65,70,NA,7,"sg3tg"
15,68,NA,10,"e5p8j"
21,53,NA,10,"y11gv"
25,50,2.94000005722046,5,"vhylr"
28,70,NA,9,"kdmez"
25,50,NA,5,"soj4c"
21,45,0.970000028610229,8,"aws1q"
25,86,NA,9,"xlgcy"
22,50,NA,12,"pwhmy"
32,70,NA,9,"kdmez"
35,75,5.96999979019165,10,"xxdzw"
45,60,NA,7,"xvkng"
25,66,1.94000005722046,2,"zsb7s"
17,53,NA,3,"h7z9c"
17,35,NA,5,"zgsuy"
38,55,NA,8,"wd0fu"
52,55,NA,8,"ewoiz"
42,65,2.97000002861023,3,"tupu6"
32,75,NA,7,"w8lmp"
30,30,NA,4,"orm1g"
22,60,NA,8,"m7v35"
40,86,3,6,"b3pzu"
31,55,5.94000005722046,7,"rnqvr"
28,57,3.94000005722046,9,"xifvm"
56,87,11,8,"u0vmd"
32,54,5.94000005722046,5,"dpkme"
20,40,1.94000005722046,9,"b7oyg"
43,60,12.9399995803833,7,"e7dlg"
18,65,NA,7,"u5w5f"
30,40,NA,8,"qsmhs"
19,37,1.94000005722046,5,"ksfpk"
18,55,1.94000005722046,8,"wd0fu"
28,56,NA,12,"ksnm9"
21,52,NA,5,"nfm2m"
38,68,6,7,"v0e5z"
24,52,NA,4,"d2azh"
37,85,6,3,"t2hc0"
37,60,NA,6,"itajc"
50,40,11,7,"zxmwy"
27,50,NA,4,"ubrvs"
33,70,6.94000005722046,8,"ds7f0"
45,65,4.96999979019165,7,"zaze9"
45,65,7,6,"h1t8z"
62,57,NA,4,"hpt4n"
37,50,NA,6,"nbwcz"
17,60,NA,8,"zotxz"
25,43,3.94000005722046,7,"lfaq9"
52,78,8,4,"z6il2"
55,70,7,5,"vwj5r"
24,50,3.91000008583069,7,"ruvxz"
29,60,NA,11,"paxqy"
32,55,2.94000005722046,10,"vuet1"
32,56,5.94000005722046,5,"tkcj1"
24,60,NA,7,"sju2c"
14,38,NA,3,"b1egy"
22,50,1.94000005722046,4,"oyh52"
17,50,NA,4,"rxbpl"
23,57,NA,6,"wqhan"
17,57,NA,6,"wqhan"
38,65,6,6,"h1t8z"
28,40,2,5,"hondf"
40,80,NA,3,"uswn8"
32,50,NA,7,"ruvxz"
19,50,NA,9,"b4d7y"
24,48,1.94000005722046,12,"vhzcq"
34,66,4,11,"a0n7r"
52,88,NA,10,"fp9vo"
30,67,NA,7,"wtdom"
52,57,7,4,"e656c"
28,60,NA,5,"uki1j"
32,55,NA,7,"gsu3t"
20,45,NA,8,"pkiue"
33,60,3.97000002861023,6,"aqplk"
37,70,5.94000005722046,8,"cqpyl"
32,55,NA,4,"gh741"
22,60,2.97000002861023,6,"oqxs0"
35,70,3.94000005722046,3,"h11xq"
34,68,5.96999979019165,6,"ow381"
63,60,NA,6,"f232p"
21,42,2.94000005722046,8,"d4de2"
14,46,NA,6,"sbmqg"
45,36,NA,5,"jbocc"
17,60,NA,11,"g5hox"
29,50,NA,9,"heaar"
30,75,3.97000002861023,7,"w8lmp"
45,65,NA,5,"ng3vk"
23,42,0,8,"d4de2"
32,42,NA,4,"sjv0v"
16,55,NA,11,"qgkoa"
60,92,9,9,"xwhnw"
26,58,NA,7,"afx6w"
49,48,NA,3,"ox66i"
39,40,NA,8,"ku8qo"
65,93,NA,5,"bjk5b"
41,40,10.9399995803833,8,"qsmhs"
13,40,NA,8,"hd8hz"
31,50,1,4,"r8nn6"
30,38,NA,3,"unbqy"
26,65,3.94000005722046,8,"anh7f"
30,58,NA,11,"ozozn"
42,86,7,6,"b3pzu"
67,80,NA,5,"y1u6v"
17,48,NA,8,"ygx40"
39,87,6.96999979019165,8,"u0vmd"
17,50,NA,5,"tx9ft"
40,63,4,6,"ik333"
22,43,2.94000005722046,7,"vblxz"
58,80,NA,5,"y1u6v"
45,70,NA,5,"q2ln4"
40,67,NA,9,"wekcj"
65,70,NA,5,"vwj5r"
26,52,NA,5,"uycod"
27,65,0,7,"kyjqz"
56,86,7,4,"ozegq"
39,58,NA,8,"o8924"
12,55,NA,11,"qgkoa"
46,70,NA,9,"oqrfh"
30,60,NA,3,"x0e3k"
38,40,NA,7,"zxmwy"
38,44,NA,5,"m36tj"
32,43,3.91000008583069,5,"tjjto"
18,48,NA,6,"wsqws"
26,46,NA,6,"sbmqg"
50,85,NA,8,"oyq56"
50,70,NA,7,"yv4uu"
25,65,NA,10,"kwk6n"
29,65,NA,10,"kwk6n"
29,48,NA,8,"ygx40"
30,58,NA,11,"ozozn"
15,44,NA,5,"geuyv"
32,72,2.94000005722046,3,"grc3l"
21,48,NA,8,"ygx40"
36,60,4.96999979019165,8,"zotxz"
26,60,NA,9,"i3oyv"
23,48,NA,11,"ntavw"
34,70,NA,7,"ftbpj"
32,60,NA,4,"wtptz"
47,98,8,9,"xwhnw"
28,53,2.97000002861023,3,"h7z9c"
13,60,NA,11,"paxqy"
26,67,NA,9,"wekcj"
21,50,1.94000005722046,8,"kg73z"
70,70,NA,2,"eqkq7"
28,57,3.94000005722046,9,"ehuy9"
29,35,3.97000002861023,5,"b7ygz"
38,70,NA,4,"qv81k"
31,62,1.94000005722046,12,"sxfsh"
20,84,NA,5,"n1k30"
37,75,4.94000005722046,4,"aj20h"
20,37,0.970000028610229,6,"r1jih"
22,44,1.94000005722046,5,"t46jx"
33,60,1.94000005722046,7,"xvkng"
18,38,0.970000028610229,3,"b1egy"
13,52,1.94000005722046,7,"idqqb"
23,50,NA,5,"tx9ft"
26,48,2.91000008583069,6,"wsqws"
32,60,NA,6,"j3sa1"
23,68,NA,6,"gyq2m"
50,103,8,4,"adyci"
13,45,NA,8,"aws1q"
53,40,NA,8,"qsmhs"
13,48,NA,12,"vhzcq"
58,85,11,8,"hm0rx"
30,57,4.94000005722046,9,"xifvm"
54,92,NA,10,"f4es3"
24,42,1.94000005722046,7,"w4iyd"
35,65,4.96999979019165,7,"yi0xi"
42,70,4,3,"uw2vp"
10,45,NA,3,"vh6b7"
46,70,NA,4,"tz29i"
37,53,NA,6,"rasw8"
35,60,NA,3,"h9xex"
63,55,NA,6,"dhc1a"
52,86,3,5,"b3pzu"
33,70,0,3,"g2xew"
28,60,0.970000028610229,6,"itajc"
35,80,5.94000005722046,5,"ps2ir"
22,48,1.97000002861023,11,"tuw9c"
33,60,2.91000008583069,9,"t1ymr"
50,75,NA,8,"dtpws"
35,62,NA,9,"wxzo3"
60,70,NA,7,"sg3tg"
18,40,NA,9,"b7oyg"
67,75,NA,4,"dgmu7"
33,50,5.94000005722046,2,"r6t5b"
40,78,5,6,"ko9fb"
70,69,NA,3,"m8dws"
35,60,2,3,"trowy"
23,48,NA,5,"zlf1e"
42,67,3,7,"o1rqg"
34,50,3.94000005722046,6,"nbwcz"
35,30,4.94000005722046,2,"ex7tp"
13,50,NA,7,"x4s9x"
11,38,NA,6,"pbuys"
22,42,2.94000005722046,6,"oisal"
50,55,NA,6,"dhc1a"
29,60,NA,9,"pjgsp"
18,50,NA,7,"x4s9x"
35,55,3.91000008583069,4,"yjebm"
35,65,3.97000002861023,3,"tpbf0"
26,55,4.90999984741211,8,"wd0fu"
18,46,NA,5,"d2gr7"
20,57,NA,6,"wqhan"
50,67,11,7,"o1rqg"
54,40,NA,6,"bp626"
24,50,1,7,"x4s9x"
41,65,11,7,"jljkc"
28,70,2.94000005722046,6,"w0n5m"
30,58,5.96999979019165,5,"odd2j"
29,50,4.94000005722046,5,"q13y8"
21,44,NA,7,"eyenk"
20,68,NA,10,"e5p8j"
45,80,NA,4,"lfsgb"
14,50,NA,9,"ugvmv"
36,59,6.94000005722046,8,"kacff"
34,53,NA,6,"rasw8"
50,57,NA,4,"e656c"
57,70,NA,7,"ea136"
17,68,NA,10,"e5p8j"
25,70,1.97000002861023,9,"used7"
30,60,2,4,"u52lu"
36,50,NA,7,"l073x"
11,43,NA,7,"l98mo"
32,60,4.94000005722046,9,"gayo6"
57,70,NA,6,"lz6ds"
34,65,7.90999984741211,9,"de3wm"
22,63,NA,6,"ik333"
46,68,7,6,"ow381"
41,63,10.9399995803833,12,"ryo04"
25,60,1.94000005722046,6,"qosww"
34,60,8.90999984741211,3,"yciy6"
48,68,2,4,"x60rm"
38,70,3,4,"tz29i"
29,55,NA,3,"enc1k"
27,60,2.94000005722046,6,"qosww"
40,70,NA,4,"upwcd"
63,60,4,2,"mi76i"
27,50,NA,5,"vhylr"
24,52,2.94000005722046,5,"uycod"
38,60,NA,8,"x8ga0"
20,38,0.970000028610229,3,"l5sz0"
65,30,1,4,"jw316"
35,75,4.96999979019165,5,"g7hgj"
24,60,2.94000005722046,9,"i3oyv"
40,70,NA,9,"oqrfh"
58,85,NA,8,"oyq56"
38,26,NA,3,"n0el4"
21,38,NA,3,"b1egy"
20,42,NA,7,"w4iyd"
30,49,3.94000005722046,9,"a5sbo"
35,75,3,8,"yeyg9"
13,43,NA,7,"vblxz"
30,63,8.9399995803833,7,"hvkcz"
34,59,4.96999979019165,6,"mte8w"
13,42,NA,7,"ren9z"
12,55,NA,9,"o80eg"
38,69,4.94000005722046,3,"o7mt1"
27,60,4.94000005722046,9,"wfeiv"
29,57,NA,4,"f4uci"
27,67,NA,7,"qa7nu"
38,70,2,5,"q2hw8"
20,48,NA,5,"yn1z3"
38,70,NA,9,"oqrfh"
23,40,1.94000005722046,4,"fpp5m"
32,56,6.90999984741211,12,"ksnm9"
19,55,NA,7,"gsu3t"
30,60,NA,6,"oqxs0"
31,52,4.94000005722046,10,"fzvm5"
32,33,5.90999984741211,3,"i5vmd"
23,50,2.94000005722046,5,"soj4c"
42,61,NA,4,"pmmr5"
21,60,1.94000005722046,4,"kq82p"
25,42,2.94000005722046,3,"gdato"
15,46,NA,7,"vk402"
37,65,3,7,"zaze9"
20,60,NA,10,"avn7i"
28,46,2,6,"o3y9c"
23,55,0.970000028610229,2,"aal31"
17,45,NA,4,"wqp2q"
19,42,0,3,"c0hav"
24,55,4.90999984741211,8,"ngtae"
34,60,5.96999979019165,7,"sju2c"
46,70,NA,8,"wa2ph"
38,54,0,4,"r3blx"
38,63,NA,8,"nehnr"
36,60,4.96999979019165,6,"ygz1a"
62,92,NA,10,"f4es3"
30,48,5.94000005722046,9,"cdme4"
16,49,NA,7,"wtf5q"
13,48,NA,11,"ntavw"
49,75,NA,8,"yeyg9"
56,85,NA,8,"hm0rx"
15,42,NA,8,"d4de2"
45,66,NA,11,"a0n7r"
55,30,5,1,"gjkg7"
27,62,3.97000002861023,9,"pmofb"
24,64,1.97000002861023,4,"qc23b"
24,48,NA,10,"ntavw"
35,62,5,7,"bj1mb"
17,48,NA,11,"tuw9c"
20,35,0.970000028610229,3,"b8x0z"
21,50,1.94000005722046,5,"tx9ft"
38,60,1,5,"b8iim"
30,70,NA,6,"j0u0h"
30,54,3.97000002861023,3,"mgmff"
47,75,5,9,"d8qwy"
43,65,6,7,"zaze9"
30,80,2.97000002861023,5,"ps2ir"
39,62,9.9399995803833,6,"rxl77"
35,70,4.94000005722046,3,"d0utd"
30,50,3.97000002861023,2,"ei4yy"
24,45,1.97000002861023,4,"sd82c"
10,37,NA,5,"ksfpk"
22,40,0.970000028610229,5,"atnv9"
24,46,NA,10,"hw3g2"
27,43,NA,7,"lfaq9"
18,24,NA,2,"qqnzz"
30,55,NA,4,"yjebm"
35,61,2,4,"swnwm"
23,48,1.97000002861023,4,"pjn7i"
28,40,2.94000005722046,5,"n33z0"
26,49,3.94000005722046,7,"wtf5q"
31,59,NA,6,"mte8w"
28,54,NA,5,"v6ibx"
16,65,NA,3,"tpbf0"
18,50,NA,8,"fsj61"
51,52,NA,4,"yx4e5"
35,55,NA,4,"w1dxq"
19,50,NA,11,"vry4e"
40,70,NA,3,"d5oo5"
23,48,1.97000002861023,4,"hn0he"
35,65,NA,4,"g61mf"
47,65,8,5,"mexw8"
22,66,NA,5,"p7pq3"
70,93,NA,5,"bjk5b"
29,55,1.97000002861023,7,"rnqvr"
46,70,NA,3,"uw2vp"
60,44,NA,5,"m36tj"
22,50,NA,10,"j03tu"
24,60,NA,11,"g5hox"
35,68,NA,7,"v0e5z"
50,40,8,6,"bp626"
19,50,NA,12,"duv1t"
60,92,NA,10,"f4es3"
35,33,0.970000028610229,4,"ec5zn"
37,60,NA,4,"l17yh"
27,50,NA,9,"heaar"
21,47,1.94000005722046,9,"tfh3n"
30,53,NA,6,"rasw8"
38,60,5,7,"xvkng"
25,60,0.970000028610229,6,"ygz1a"
27,35,3.94000005722046,5,"b7ygz"
44,65,6.96999979019165,6,"ek842"
42,75,NA,8,"yeyg9"
22,48,NA,3,"rsev1"
22,48,0.970000028610229,2,"nqk4l"
22,68,3.91000008583069,7,"eelt2"
20,60,NA,6,"p4m6o"
45,95,5.96999979019165,3,"tnsug"
29,60,NA,9,"wfeiv"
22,71,NA,9,"zetyc"
70,68,4,2,"q15v7"
19,47,NA,4,"yy23t"
38,70,NA,3,"g2xew"
22,48,1.94000005722046,7,"t1sfm"
32,56,5.94000005722046,2,"dmijx"
39,60,3.91000008583069,4,"o8es2"
37,65,4.96999979019165,5,"ng3vk"
38,70,NA,4,"ukbym"
30,68,0.970000028610229,6,"gyq2m"
40,70,NA,7,"mi70s"
13,45,NA,7,"fncco"
65,69,7,3,"m8dws"
70,30,8,1,"i2kho"
30,60,NA,7,"fjl58"
42,80,3.97000002861023,4,"lfsgb"
17,55,NA,10,"vuet1"
44,48,NA,6,"unvd7"
21,61,0.970000028610229,6,"tjycz"
35,60,3,4,"wtptz"
63,80,4,6,"owp8o"
25,50,NA,9,"v06qq"
27,60,NA,11,"paxqy"
26,59,1.94000005722046,8,"kacff"
33,50,5.94000005722046,2,"tfnza"
16,60,NA,7,"e7dlg"
61,60,NA,2,"x9cpj"
23,47,1.97000002861023,5,"iklhl"
46,62,NA,9,"wxzo3"
23,42,1.94000005722046,3,"emu5y"
34,70,NA,6,"tkdoz"
28,53,1,2,"rd2pn"
56,52,3,3,"oj7tf"
35,65,NA,3,"x7ku6"
20,60,0.970000028610229,6,"qosww"
25,50,2.94000005722046,9,"dqhss"
39,66,7.96999979019165,6,"lc5n8"
50,36,NA,5,"jbocc"
25,50,1.94000005722046,3,"ejv12"
20,44,NA,4,"f83gf"
15,38,NA,9,"uypcu"
40,33,6.94000005722046,4,"ec5zn"
65,60,4,2,"f32k4"
40,80,6.94000005722046,5,"vupk7"
49,70,2,3,"d5oo5"
50,60,NA,5,"uww01"
50,70,7,3,"h11xq"
25,38,2.94000005722046,4,"wf2jg"
11,48,NA,11,"tuw9c"
27,62,3.91000008583069,12,"sxfsh"
61,75,4,4,"an5ey"
36,66,4.96999979019165,11,"a0n7r"
15,43,NA,7,"vblxz"
18,50,0.970000028610229,12,"duv1t"
33,61,0.970000028610229,5,"kb3n8"
40,50,NA,4,"vqh59"
28,59,3.94000005722046,9,"kacff"
28,40,NA,4,"k6c4r"
35,52,4.94000005722046,10,"xh9di"
33,55,2.97000002861023,8,"wd0fu"
22,42,2.94000005722046,7,"ren9z"
36,66,NA,6,"lc5n8"
35,53,NA,7,"qjexn"
13,52,NA,10,"xh9di"
23,60,3.94000005722046,4,"kq82p"
45,25,2,3,"yfucm"
30,50,NA,12,"duv1t"
23,40,NA,9,"b7oyg"
35,60,4.96999979019165,9,"wfeiv"
40,60,NA,8,"x8ga0"
22,58,1.94000005722046,7,"qs1uh"
38,61,NA,4,"pmmr5"
23,60,2.94000005722046,5,"ovf1m"
35,48,1.97000002861023,6,"unvd7"
21,62,1.94000005722046,5,"juhv1"
40,60,NA,6,"itajc"
38,75,NA,10,"xxdzw"
23,50,1.97000002861023,9,"k8fm2"
25,46,4.90999984741211,5,"sfm93"
25,45,2.97000002861023,7,"veaqv"
37,68,5.94000005722046,6,"ow381"
24,65,NA,6,"r29av"
38,60,NA,4,"u52lu"
58,50,5,3,"ie2im"
36,66,5,5,"d0fdo"
22,45,1.94000005722046,5,"nbqlt"
43,70,8.9399995803833,4,"dkfnh"
54,79,NA,7,"m57fi"
23,47,1.94000005722046,8,"ubl1g"
17,62,NA,9,"pmofb"
40,48,NA,6,"unvd7"
48,48,7,3,"ox66i"
25,42,NA,4,"by9xq"
18,54,NA,3,"mgmff"
18,46,NA,6,"i4e5d"
30,60,3.97000002861023,7,"xvkng"
17,36,1.94000005722046,4,"xec6u"
39,56,NA,4,"ny63d"
29,48,NA,4,"hn0he"
31,50,NA,9,"k8fm2"
26,45,5.90999984741211,6,"pwzhq"
12,60,NA,9,"pjgsp"
53,70,10,5,"vwj5r"
29,62,NA,7,"bj1mb"
63,51,NA,3,"dlvpd"
67,78,NA,4,"z6il2"
46,75,NA,5,"g7hgj"
37,78,6.94000005722046,6,"ko9fb"
15,45,NA,6,"ln2ai"
40,75,NA,5,"g7hgj"
31,45,3,7,"fncco"
39,40,3.97000002861023,2,"fjd3u"
26,58,NA,6,"ibhju"
35,57,3.94000005722046,6,"yccc2"
63,78,NA,4,"z6il2"
25,50,NA,10,"x41ja"
16,48,NA,3,"n5xnn"
22,45,1.94000005722046,6,"ln2ai"
15,50,NA,8,"ko77i"
11,42,NA,8,"d4de2"
30,60,2,5,"ydv94"
45,61,5,5,"kb3n8"
23,60,2.94000005722046,6,"j3sa1"
35,38,2.97000002861023,6,"i6dkg"
24,60,1.94000005722046,5,"yfi0d"
23,46,1,1,"ynv3c"
30,55,3,10,"ngtae"
38,40,6,3,"dyq1x"
20,44,NA,5,"t46jx"
23,45,NA,7,"veaqv"
26,50,1,8,"oh95h"
35,68,4.94000005722046,6,"gyq2m"
37,75,NA,5,"sgiy6"
30,40,NA,4,"k3sb4"
23,50,0.970000028610229,8,"ko77i"
28,50,NA,7,"h93jq"
24,59,2.94000005722046,9,"kacff"
30,60,NA,5,"yfi0d"
63,86,NA,4,"ozegq"
42,81,NA,6,"q0o85"
28,60,NA,6,"ygz1a"
29,63,NA,9,"r5c5y"
30,50,6.94000005722046,5,"iez3d"
35,59,2,7,"gioed"
43,58,NA,5,"u2q34"
65,70,3,3,"mzw2c"
44,40,NA,7,"zxmwy"
45,64,NA,4,"o04z5"
51,35,8,2,"y1wor"
17,50,NA,8,"ko77i"
32,56,NA,7,"kowj3"
32,58,7.94000005722046,11,"ozozn"
19,48,NA,11,"tuw9c"
35,65,5,7,"kyjqz"
29,48,4.94000005722046,8,"ygx40"
26,30,1.94000005722046,4,"orm1g"
34,70,4,9,"kdmez"
21,46,0.970000028610229,6,"i4e5d"
26,65,NA,7,"jljkc"
21,49,0.970000028610229,6,"axnyj"
45,60,NA,3,"oaca9"
50,51,5,3,"dlvpd"
52,60,5,8,"x8ga0"
19,38,0.970000028610229,6,"pbuys"
14,49,NA,7,"dowxd"
28,60,NA,9,"i3oyv"
28,50,NA,7,"x4s9x"
56,70,NA,7,"mi70s"
36,75,NA,8,"dtpws"
26,58,0.970000028610229,11,"ozozn"
35,58,4.96999979019165,7,"rnwry"
15,48,NA,11,"ntavw"
37,70,NA,6,"tkdoz"
21,42,0.970000028610229,6,"cgs9a"
34,70,NA,8,"cqpyl"
40,75,NA,8,"dtpws"
33,59,7.94000005722046,7,"gioed"
16,45,NA,8,"pkiue"
34,70,3,3,"uyyfk"
33,66,3.97000002861023,6,"lc5n8"
30,60,NA,9,"i3oyv"
28,60,0.970000028610229,9,"gayo6"
37,65,1,6,"do8rg"
18,44,NA,4,"f83gf"
18,60,NA,9,"t1ymr"
16,50,NA,5,"vhylr"
32,67,4,6,"xklbs"
36,40,4.96999979019165,8,"ku8qo"
18,60,NA,5,"b8iim"
63,60,NA,8,"x8ga0"
26,58,1.94000005722046,7,"jccuf"
40,60,6,4,"kxx4g"
23,65,NA,5,"dqz5m"
42,25,NA,3,"yfucm"
66,86,6,4,"ozegq"
44,70,NA,6,"fe6l5"
35,63,NA,12,"ryo04"
32,55,5,1,"iiyq8"
30,50,4.94000005722046,10,"j03tu"
52,92,NA,9,"xwhnw"
10,38,NA,6,"s7spt"
35,75,3.94000005722046,5,"ie773"
63,75,6,4,"an5ey"
23,48,NA,11,"tuw9c"
17,50,NA,10,"w3aqe"
33,42,3.97000002861023,4,"sjv0v"
37,40,4.96999979019165,3,"nbwhf"
31,61,3.91000008583069,4,"pmmr5"
46,77,NA,5,"mql50"
45,75,NA,8,"dtpws"
40,60,2,3,"x0e3k"
53,80,7,5,"msiya"
26,48,1.94000005722046,12,"vhzcq"
38,65,NA,7,"jljkc"
45,44,NA,5,"d79bz"
39,60,NA,6,"ygz1a"
38,70,3.97000002861023,4,"dkfnh"
10,60,NA,5,"bz5ry"
22,50,NA,7,"h93jq"
24,40,2.94000005722046,3,"qusic"
32,30,NA,2,"ex7tp"
29,63,2.91000008583069,9,"r5c5y"
40,60,NA,11,"mipmh"
21,38,1.94000005722046,8,"yiq82"
30,55,NA,5,"stggx"
50,75,NA,5,"g7hgj"
26,47,3.97000002861023,4,"yy23t"
23,60,NA,7,"e7dlg"
30,60,3.94000005722046,7,"wlg1o"
45,55,NA,6,"dhc1a"
13,46,NA,7,"u17p1"
25,70,0.970000028610229,6,"tkdoz"
23,38,2.97000002861023,9,"uypcu"
25,59,NA,6,"mte8w"
37,56,7.94000005722046,8,"k79i3"
35,63,2.97000002861023,2,"owgpe"
38,60,3.94000005722046,4,"kq82p"
20,70,NA,8,"ds7f0"
60,50,8,4,"paga6"
23,57,NA,9,"ehuy9"
28,58,NA,7,"afx6w"
44,60,7.96999979019165,4,"q4mld"
48,40,NA,6,"bp626"
34,46,NA,6,"o3y9c"
22,63,0.970000028610229,7,"hvkcz"
46,72,5,2,"cpxah"
25,28,NA,2,"c43u3"
21,60,1.94000005722046,11,"paxqy"
64,92,NA,9,"xwhnw"
50,70,3,6,"lz6ds"
38,60,4.96999979019165,9,"gayo6"
48,75,1,9,"d8qwy"
52,40,10,6,"bp626"
65,92,NA,9,"xwhnw"
20,59,NA,6,"cr3gb"
30,70,0.970000028610229,5,"q2ln4"
18,48,NA,5,"zlf1e"
14,40,NA,6,"a3bht"
33,57,NA,9,"ehuy9"
70,55,3,6,"dhc1a"
45,70,NA,7,"ea136"
45,70,6,3,"kwevm"
27,48,2,4,"ooyen"
37,57,4.96999979019165,6,"wqhan"
42,70,4.88000011444092,8,"wa2ph"
20,45,NA,6,"pwzhq"
24,48,0.970000028610229,6,"wsqws"
24,45,2.94000005722046,8,"pkiue"
22,46,NA,5,"sfm93"
30,58,1.97000002861023,7,"rnwry"
18,38,NA,9,"uypcu"
56,85,NA,8,"oyq56"
35,50,NA,9,"heaar"
50,49,6,2,"j96iz"
28,63,NA,8,"nehnr"
21,60,NA,9,"pjgsp"
23,35,2.91000008583069,5,"zgsuy"
26,50,1.97000002861023,7,"x4s9x"
34,60,NA,5,"bz5ry"
28,59,4.94000005722046,6,"dx3ep"
15,38,NA,6,"s7spt"
14,42,NA,6,"oisal"
40,61,3.97000002861023,4,"swnwm"
55,75,NA,8,"dtpws"
37,70,NA,8,"zttcm"
30,65,4.90999984741211,9,"de3wm"
17,54,NA,5,"bxfte"
55,93,NA,5,"bjk5b"
38,71,NA,9,"zetyc"
20,50,NA,5,"iez3d"
16,50,NA,8,"oh95h"
51,54,NA,4,"fdy4i"
21,43,2.91000008583069,7,"l98mo"
28,67,4,5,"gw1ci"
43,60,NA,5,"ydv94"
23,43,3.91000008583069,10,"cb5aw"
27,48,NA,9,"cdme4"
50,40,6,2,"eccmr"
23,75,NA,9,"d8qwy"
30,60,NA,9,"t1ymr"
28,65,3.94000005722046,7,"u5w5f"
16,64,NA,5,"xtu77"
19,50,NA,12,"duv1t"
38,55,2,4,"yjebm"
33,75,2.97000002861023,8,"yeyg9"
18,38,NA,4,"wf2jg"
12,60,NA,4,"o8es2"
25,40,0.970000028610229,5,"n33z0"
47,70,NA,3,"uyyfk"
46,56,NA,4,"ny63d"
35,70,NA,4,"dkfnh"
30,58,3,7,"afx6w"
23,49,NA,4,"j67gw"
37,67,NA,6,"xklbs"
25,43,NA,5,"tjjto"
30,65,3,5,"dqz5m"
40,80,NA,3,"aspag"
10,46,NA,10,"hw3g2"
40,65,NA,3,"bqciz"
23,55,0.970000028610229,6,"s45z8"
16,60,NA,9,"pjgsp"
36,70,NA,5,"q2hw8"
17,50,NA,5,"fx1zf"
28,60,3.97000002861023,7,"xvkng"
50,70,NA,9,"cma7u"
22,50,NA,9,"v06qq"
42,67,NA,9,"wekcj"
40,75,2.97000002861023,8,"dtpws"
22,62,0.970000028610229,7,"bj1mb"
15,50,NA,8,"fbbhk"
42,71,6,5,"y8j2x"
28,53,3.94000005722046,6,"rasw8"
22,43,NA,7,"l98mo"
50,93,3,5,"bjk5b"
38,67,2.97000002861023,2,"gwwlt"
35,60,NA,11,"mipmh"
23,40,1.94000005722046,5,"btx82"
29,67,4.94000005722046,6,"xklbs"
21,45,NA,7,"veaqv"
11,40,NA,5,"atnv9"
27,55,2.94000005722046,7,"rnqvr"
22,60,NA,9,"gayo6"
42,65,NA,6,"el16l"
12,50,NA,8,"oh95h"
50,80,NA,8,"dgbjr"
34,60,NA,9,"i3oyv"
23,49,NA,7,"dowxd"
47,70,NA,7,"sg3tg"
45,70,NA,6,"lz6ds"
68,60,1,2,"x9cpj"
25,60,NA,9,"wfeiv"
31,60,NA,5,"uki1j"
47,70,9,6,"fe6l5"
24,50,NA,7,"h93jq"
34,80,NA,8,"dgbjr"
54,85,NA,8,"hm0rx"
36,70,7.94000005722046,6,"fibyw"
37,57,NA,9,"xifvm"
45,60,6,2,"no7t4"
29,53,4.96999979019165,3,"cnw9w"
14,48,NA,6,"wsqws"
58,50,2,2,"uh0sa"
58,70,NA,7,"mi70s"
32,55,NA,10,"ngtae"
24,42,3.94000005722046,8,"d4de2"
41,68,NA,6,"apk91"
50,30,7,2,"by2k7"
23,50,NA,9,"ugvmv"
17,50,NA,9,"ugvmv"
38,60,5,7,"sju2c"
46,84,6,5,"n1k30"
35,35,4.96999979019165,2,"hmgnf"
18,56,NA,8,"k79i3"
22,40,0.970000028610229,5,"y162z"
34,60,4.94000005722046,7,"fjl58"
46,61,NA,5,"vrz4n"
33,72,5.90999984741211,6,"kaeup"
10,58,NA,6,"ibhju"
17,50,NA,9,"k8fm2"
37,58,NA,8,"o8924"
52,60,3,5,"jo5tb"
30,70,NA,9,"kdmez"
50,80,9,4,"m2mlx"
20,45,1.94000005722046,4,"wqp2q"
23,52,NA,5,"nfm2m"
38,58,6.96999979019165,11,"ozozn"
14,43,NA,10,"cb5aw"
48,85,NA,8,"hm0rx"
23,45,NA,7,"v8opa"
20,48,NA,9,"cdme4"
15,38,NA,8,"yiq82"
17,45,NA,11,"j7rjy"
24,60,NA,9,"i3oyv"
26,52,2.97000002861023,5,"nfm2m"
37,65,6.90999984741211,9,"de3wm"
35,40,5.94000005722046,2,"gzgtw"
13,38,NA,6,"pbuys"
12,42,NA,7,"w4iyd"
38,70,5.96999979019165,3,"k3cf7"
26,40,1.97000002861023,6,"mxz5k"
35,33,NA,4,"ec5zn"
16,55,NA,10,"bgwy5"
26,46,2.94000005722046,5,"d2gr7"
19,46,0.970000028610229,3,"m2zj3"
32,64,5.94000005722046,4,"o04z5"
27,58,3.94000005722046,5,"odd2j"
15,53,NA,10,"y11gv"
33,75,4.96999979019165,8,"d8qwy"
46,65,NA,6,"uhusz"
24,48,3.94000005722046,5,"yn1z3"
34,60,NA,6,"itajc"
29,55,NA,10,"vuet1"
25,40,1,5,"hondf"
27,60,NA,9,"pjgsp"
26,55,NA,10,"ngtae"
20,50,1.94000005722046,5,"oyul1"
18,53,NA,10,"y11gv"
43,81,5,6,"q0o85"
34,70,NA,8,"wa2ph"
17,42,NA,7,"w4iyd"
24,48,1.94000005722046,11,"ntavw"
22,45,1.94000005722046,9,"a54xs"
22,55,1.94000005722046,10,"bgwy5"
19,55,NA,11,"qgkoa"
45,60,3,8,"r58b3"
25,50,NA,9,"heaar"
24,58,NA,7,"afx6w"
34,56,NA,12,"ksnm9"
34,55,2.97000002861023,2,"tvgo2"
33,56,NA,12,"ksnm9"
40,61,4.96999979019165,5,"vrz4n"
51,55,NA,2,"ibwxm"
22,49,NA,5,"ao72k"
26,54,0.970000028610229,5,"bxfte"
45,30,5,1,"a7sf2"
43,67,6.96999979019165,2,"gwwlt"
58,92,NA,10,"f4es3"
34,60,NA,4,"l17yh"
50,70,6,7,"sg3tg"
35,67,NA,9,"wekcj"
60,60,NA,5,"uww01"
22,65,0.970000028610229,5,"n5dm8"
28,50,2.91000008583069,5,"fx1zf"
27,32,5.94000005722046,4,"g5kqq"
25,62,NA,12,"sxfsh"
13,50,NA,11,"vry4e"
25,48,1,8,"ygx40"
62,95,NA,3,"tnsug"
18,49,NA,7,"wtf5q"
24,60,NA,7,"wlg1o"
42,65,8,6,"h1t8z"
17,45,NA,7,"v8opa"
34,65,4.96999979019165,4,"u8gkj"
67,69,NA,3,"m8dws"
12,43,NA,10,"cb5aw"
21,55,NA,5,"stggx"
28,70,NA,6,"tkdoz"
11,48,NA,12,"vhzcq"
28,50,NA,9,"ugvmv"
30,65,4.94000005722046,6,"r29av"
25,40,1.94000005722046,4,"k6c4r"
30,47,1.94000005722046,3,"rrncl"
21,60,NA,11,"g5hox"
20,58,NA,7,"afx6w"
30,60,1.97000002861023,9,"gayo6"
35,50,7.90999984741211,9,"v06qq"
35,57,0,4,"f4uci"
28,66,NA,11,"a0n7r"
47,75,NA,4,"aj20h"
36,52,4,4,"d2azh"
40,68,NA,7,"eelt2"
26,50,1.97000002861023,5,"oyul1"
23,46,NA,7,"vk402"
19,68,0.970000028610229,10,"e5p8j"
43,62,7,3,"iwtii"
32,70,NA,4,"qv81k"
45,68,4.96999979019165,4,"x7s16"
16,43,NA,5,"tjjto"
23,52,NA,4,"isava"
24,67,3.94000005722046,9,"wekcj"
25,50,1.97000002861023,4,"bg7lz"
40,65,NA,6,"r29av"
24,58,3.91000008583069,8,"o8924"
37,68,1,6,"gyq2m"
17,56,NA,8,"yw5xv"
29,58,NA,7,"jccuf"
27,60,0.970000028610229,6,"j3sa1"
19,40,NA,5,"btx82"
38,44,NA,4,"uc4m0"
45,65,NA,3,"tupu6"
40,70,NA,4,"qv81k"
28,49,2.94000005722046,3,"ke7ke"
35,60,4,7,"xvkng"
29,70,NA,9,"cma7u"
23,60,1.94000005722046,9,"pjgsp"
57,70,NA,3,"mzw2c"
10,52,NA,5,"uycod"
38,61,1.97000002861023,4,"sjc7n"
32,61,5.90999984741211,4,"sjc7n"
27,50,3.97000002861023,8,"fbbhk"
68,50,NA,4,"hle9p"
35,70,2.97000002861023,7,"yv4uu"
21,55,NA,8,"mwwn8"
45,38,NA,6,"i6dkg"
34,57,4.96999979019165,2,"e5krc"
40,67,NA,6,"o1rqg"
62,86,12,9,"xlgcy"
25,51,NA,5,"m40sx"
28,48,4.94000005722046,10,"ntavw"
33,50,NA,4,"r8nn6"
28,75,5.88000011444092,8,"dtpws"
37,56,5.94000005722046,8,"yw5xv"
40,67,3,6,"xklbs"
48,70,NA,7,"yv4uu"
14,45,NA,9,"a54xs"
58,87,NA,8,"u0vmd"
50,58,8,4,"ayviz"
27,46,2.94000005722046,7,"u17p1"
47,75,NA,10,"xxdzw"
22,59,0.970000028610229,8,"kacff"
21,55,0.970000028610229,9,"o80eg"
46,67,8,5,"gw1ci"
52,70,7,7,"mi70s"
19,46,NA,7,"vk402"
25,52,NA,7,"idqqb"
13,47,NA,5,"iklhl"
28,65,4.90999984741211,4,"ifbz2"
27,40,NA,4,"by9xq"
32,53,NA,6,"rasw8"
38,67,NA,3,"way8p"
24,55,2.94000005722046,5,"b8iim"
38,28,5.96999979019165,2,"c43u3"
20,48,2.94000005722046,4,"pjn7i"
36,75,5.96999979019165,8,"dtpws"
33,50,3,4,"oyh52"
28,48,3.97000002861023,3,"n5xnn"
40,58,7.96999979019165,5,"u2q34"
11,50,NA,8,"fbbhk"
29,53,NA,7,"qjexn"
21,42,0.970000028610229,2,"va5ms"
34,60,NA,9,"x4kex"
16,55,NA,8,"wd0fu"
27,50,NA,12,"duv1t"
55,70,6,4,"ukbym"
26,62,1.94000005722046,6,"plrjn"
16,50,NA,9,"heaar"
45,80,NA,4,"lfsgb"
28,50,4.94000005722046,4,"rxbpl"
26,46,1.94000005722046,10,"hw3g2"
25,49,1.94000005722046,4,"j67gw"
36,55,NA,2,"tnkfw"
28,60,3.91000008583069,9,"x4kex"
48,22,6,2,"jh6nq"
28,49,4.94000005722046,9,"a5sbo"
36,55,7.94000005722046,4,"w1dxq"
60,65,6,4,"oydr4"
50,22,12,1,"vowy3"
37,63,NA,6,"ik333"
21,50,NA,9,"b4d7y"
38,36,3.97000002861023,5,"jbocc"
40,49,1,3,"n3012"
40,55,6.96999979019165,2,"ibwxm"
22,56,NA,11,"bdm73"
23,55,0.970000028610229,3,"enc1k"
29,48,3.97000002861023,2,"mxy3j"
21,63,1.94000005722046,8,"nehnr"
20,37,NA,6,"r1jih"
22,55,0,7,"rnqvr"
15,37,NA,6,"r1jih"
19,48,NA,8,"ygx40"
62,87,NA,8,"u0vmd"
48,66,NA,11,"a0n7r"
30,56,NA,12,"ksnm9"
31,63,1.97000002861023,6,"ik333"
23,38,1.94000005722046,3,"yt80y"
23,62,NA,12,"sxfsh"
18,38,NA,6,"s7spt"
35,55,4.94000005722046,4,"gh741"
24,48,3.94000005722046,4,"ooyen"
29,60,NA,4,"wtptz"
22,68,1.94000005722046,10,"e5p8j"
49,70,NA,7,"mi70s"
22,60,1.94000005722046,7,"sju2c"
50,65,NA,8,"anh7f"
52,24,5,2,"qqnzz"
22,50,NA,8,"fsj61"
54,92,NA,9,"xwhnw"
40,65,NA,5,"n5dm8"
31,53,3.91000008583069,10,"y11gv"
36,65,NA,3,"jxo1m"
24,55,2.97000002861023,7,"gsu3t"
30,70,NA,8,"wa2ph"
25,50,NA,5,"iez3d"
25,60,NA,6,"f232p"
35,59,NA,6,"dx3ep"
20,42,NA,3,"gdato"
45,55,1,4,"nfukx"
62,60,NA,11,"mipmh"
65,85,NA,8,"hm0rx"
23,63,NA,8,"nehnr"
46,66,7.96999979019165,5,"p7pq3"
30,57,2.97000002861023,6,"wqhan"
50,80,NA,4,"q3vc2"
19,60,NA,6,"f232p"
28,65,6.90999984741211,4,"xwls4"
28,56,4,7,"kowj3"
65,60,NA,2,"f32k4"
30,66,NA,6,"lc5n8"
25,60,2.97000002861023,4,"c7yvh"
13,50,NA,5,"tx9ft"
35,65,4.96999979019165,3,"m08yj"
10,36,NA,5,"jbocc"
44,60,NA,9,"t1ymr"
25,52,4.90999984741211,4,"isava"
45,70,10.9099998474121,4,"j7uxe"
16,63,NA,9,"r5c5y"
34,65,3.97000002861023,10,"kwk6n"
46,66,NA,2,"mu8ah"
60,79,NA,7,"m57fi"
12,40,NA,3,"qusic"
30,61,NA,5,"vrz4n"
25,60,2.94000005722046,3,"h9xex"
22,30,1.94000005722046,4,"orm1g"
48,68,NA,7,"v0e5z"
36,60,NA,7,"e68bt"
41,70,5,5,"q2hw8"
36,60,4.96999979019165,11,"g5hox"
35,80,NA,5,"vupk7"
24,42,NA,6,"oisal"
26,50,NA,5,"q13y8"
32,40,NA,3,"nbwhf"
22,39,2.94000005722046,7,"yddkt"
60,75,5,4,"dgmu7"
14,59,NA,6,"mte8w"
38,50,3.97000002861023,7,"l073x"
30,62,3,9,"pmofb"
22,38,0.970000028610229,6,"s7spt"
16,56,NA,11,"bdm73"
60,60,9,5,"nz1qx"
35,54,2,4,"r3blx"
35,65,2.97000002861023,3,"bqciz"
14,55,NA,6,"s45z8"
43,56,8,4,"ny63d"
30,55,NA,10,"bgwy5"
45,70,3,4,"upwcd"
55,44,5,5,"d79bz"
62,85,NA,8,"oyq56"
35,65,5.94000005722046,3,"phtzx"
63,65,NA,4,"oydr4"
42,75,NA,6,"p5c0i"
20,50,NA,7,"h93jq"
55,57,3,4,"hpt4n"
32,58,NA,7,"qs1uh"
15,55,NA,10,"vuet1"
20,56,2.91000008583069,12,"ksnm9"
32,58,NA,7,"jccuf"
30,50,2.97000002861023,7,"l073x"
15,60,NA,11,"g5hox"
20,48,NA,12,"vhzcq"
50,80,NA,5,"msiya"
21,60,1.94000005722046,3,"fz8p2"
25,58,NA,4,"ayviz"
45,81,NA,6,"q0o85"
34,60,3.97000002861023,5,"ydv94"
41,70,NA,9,"cma7u"
33,49,2,9,"a5sbo"
11,53,NA,10,"y11gv"
40,60,7.94000005722046,9,"gayo6"
31,57,5.94000005722046,9,"xifvm"
58,60,12,11,"mipmh"
52,72,3,5,"y1u6v"
54,60,NA,5,"uww01"
10,37,NA,6,"r1jih"
38,48,NA,6,"unvd7"
17,56,NA,5,"tkcj1"
18,55,NA,5,"stggx"
25,50,NA,6,"nbwcz"
25,50,2.94000005722046,8,"fsj61"
22,60,NA,5,"b8iim"
15,60,NA,6,"qosww"
19,50,1.94000005722046,9,"k8fm2"
32,55,NA,4,"yjebm"
30,65,2.97000002861023,6,"dglw0"
65,65,NA,4,"oydr4"
30,50,2.97000002861023,9,"ugvmv"
19,50,1.94000005722046,6,"enwkz"
30,67,1.94000005722046,9,"wekcj"
30,75,NA,8,"dtpws"
11,39,NA,7,"yfcbf"
18,47,NA,9,"tfh3n"
15,65,NA,4,"g61mf"
17,70,NA,4,"tz29i"
28,50,2.94000005722046,5,"j5y0k"
29,65,2,5,"oqstl"
25,60,NA,3,"x0e3k"
33,52,5.90999984741211,10,"fzvm5"
31,65,5.94000005722046,8,"ewoiz"
24,44,1.97000002861023,4,"uc4m0"
19,28,0.970000028610229,2,"o2rvn"
49,72,NA,6,"kaeup"
34,40,NA,4,"k6c4r"
12,80,NA,6,"owp8o"
29,58,NA,7,"qs1uh"
28,52,2.91000008583069,10,"xh9di"
26,50,NA,10,"w3aqe"
31,63,NA,12,"ryo04"
25,65,NA,4,"ifbz2"
43,78,NA,6,"ko9fb"
31,50,6.94000005722046,7,"h93jq"
27,52,NA,7,"idqqb"
31,60,NA,5,"bz5ry"
42,60,NA,4,"o8es2"
13,46,NA,10,"hw3g2"
30,46,4,5,"ojoug"
33,53,5.94000005722046,7,"qjexn"
35,70,6.94000005722046,4,"qv81k"
25,54,2.94000005722046,4,"ypydn"
23,40,1.97000002861023,8,"hd8hz"
49,70,NA,7,"yv4uu"
30,50,3.94000005722046,4,"oyh52"
20,38,NA,8,"yiq82"
15,38,NA,3,"l5sz0"
26,59,2.94000005722046,6,"cr3gb"
40,33,NA,4,"ec5zn"
28,70,1.97000002861023,3,"qd5ax"
45,70,6,7,"ftbpj"
40,38,NA,6,"i6dkg"
24,55,NA,10,"vuet1"
27,60,NA,11,"g5hox"
32,65,NA,6,"dglw0"
25,48,NA,4,"hn0he"
38,70,NA,9,"used7"
23,40,NA,6,"a3bht"
16,40,NA,5,"hondf"
60,87,NA,8,"u0vmd"
19,42,NA,6,"cgs9a"
40,88,5,10,"fp9vo"
11,50,NA,5,"soj4c"
15,48,NA,8,"ygx40"
28,50,2.91000008583069,7,"l073x"
27,58,NA,7,"jccuf"
39,68,4.96999979019165,2,"h7la1"
32,50,NA,10,"w3aqe"
50,75,NA,8,"dtpws"
10,46,NA,6,"sbmqg"
30,50,4.96999979019165,4,"ubrvs"
13,40,NA,5,"btx82"
52,87,2,8,"u0vmd"
49,65,1,3,"x7ku6"
20,49,1.94000005722046,9,"a5sbo"
21,65,1.94000005722046,10,"kwk6n"
14,62,NA,12,"sxfsh"
20,39,0.970000028610229,7,"yfcbf"
22,61,1.94000005722046,8,"rr4o0"
41,70,5,3,"g2xew"
33,55,5.96999979019165,5,"stggx"
25,49,2.94000005722046,5,"ao72k"
34,60,6.96999979019165,5,"uki1j"
50,70,7,2,"eqkq7"
24,45,0.970000028610229,3,"vh6b7"
37,58,5.96999979019165,5,"w3hcx"
45,60,9.9399995803833,4,"w391w"
17,50,NA,5,"iez3d"
37,68,NA,6,"apk91"
39,63,NA,12,"ryo04"
33,77,NA,5,"mql50"
29,46,1.97000002861023,4,"htia3"
33,65,5.94000005722046,8,"anh7f"
61,60,8,6,"f232p"
29,60,3.97000002861023,10,"avn7i"
40,58,2,3,"z34fl"
35,65,5.96999979019165,6,"el16l"
40,67,5.94000005722046,5,"r8qss"
26,49,NA,7,"dowxd"
32,67,NA,9,"wekcj"
58,44,5,5,"m36tj"
30,44,NA,5,"m36tj"
37,62,4,9,"wxzo3"
42,65,6.96999979019165,2,"y110b"
40,26,5,3,"n0el4"
35,55,NA,7,"gsu3t"
10,46,NA,10,"hw3g2"
24,54,NA,5,"v6ibx"
33,40,5.96999979019165,4,"k3sb4"
28,50,NA,6,"nbwcz"
30,70,0,6,"w0n5m"
40,60,NA,8,"m7v35"
29,62,NA,12,"sxfsh"
33,68,4.94000005722046,10,"e5p8j"
26,60,NA,9,"t1ymr"
27,37,2.97000002861023,1,"zbew1"
35,61,3,4,"sjc7n"
56,60,5,5,"uww01"
48,70,5,4,"ukbym"
38,75,NA,6,"p5c0i"
34,65,7,8,"fn6n5"
38,60,NA,9,"x4kex"
30,40,0.970000028610229,2,"u5jje"
39,75,NA,2,"upd0c"
24,55,NA,10,"bgwy5"
60,80,9,5,"y1u6v"
52,79,6,7,"m57fi"
38,59,NA,6,"dx3ep"
12,52,NA,10,"fzvm5"
26,57,NA,6,"wqhan"
11,71,NA,5,"y8j2x"
38,30,4.94000005722046,1,"yeqos"
50,80,7,6,"owp8o"
17,43,0,10,"cb5aw"
23,45,NA,11,"j7rjy"
35,68,NA,7,"eelt2"
17,52,NA,10,"fzvm5"
12,56,NA,12,"ksnm9"
12,50,NA,9,"dqhss"
20,35,NA,5,"zgsuy"
43,67,5,7,"qa7nu"
36,70,4,6,"j0u0h"
28,60,4.94000005722046,5,"bz5ry"
40,68,5,6,"apk91"
21,50,NA,9,"k8fm2"
25,48,3.94000005722046,5,"zlf1e"
20,60,NA,7,"suu12"
10,47,NA,8,"ubl1g"
46,67,NA,7,"wtdom"
30,70,4.94000005722046,8,"ds7f0"
30,62,NA,9,"wxzo3"
22,43,2.94000005722046,5,"yaihn"
45,54,8,4,"fdy4i"
23,50,0.970000028610229,9,"b4d7y"
16,47,NA,8,"ubl1g"
18,52,NA,5,"nfm2m"
33,54,4.94000005722046,5,"v6ibx"
56,65,NA,5,"mexw8"
55,75,3.94000005722046,8,"dtpws"
36,70,NA,9,"oqrfh"
37,71,NA,5,"y8j2x"
38,65,NA,10,"kwk6n"
54,54,NA,4,"fdy4i"
25,65,2.97000002861023,4,"xwls4"
27,50,NA,9,"b4d7y"
30,80,2.97000002861023,3,"uswn8"
23,50,NA,8,"oh95h"
27,56,NA,12,"ksnm9"
20,38,NA,9,"uypcu"
38,62,NA,9,"wxzo3"
34,65,NA,6,"r29av"
42,68,NA,4,"x7s16"
26,50,1.94000005722046,12,"pwhmy"
28,60,NA,6,"p4m6o"
40,62,9.90999984741211,6,"rxl77"
44,50,4,9,"v06qq"
14,42,NA,7,"w4iyd"
27,42,1.97000002861023,4,"sjv0v"
11,45,NA,5,"nbqlt"
15,40,NA,9,"b7oyg"
50,65,8,3,"jxo1m"
25,46,3.91000008583069,7,"vk402"
38,70,4,6,"vqqyd"
50,55,NA,4,"nfukx"
23,72,NA,3,"grc3l"
26,68,NA,6,"gyq2m"
56,60,NA,11,"mipmh"
22,44,1.97000002861023,6,"amln4"
25,60,2,6,"j3sa1"
27,60,NA,10,"avn7i"
50,71,11,9,"zetyc"
67,57,5,3,"p54n5"
28,38,NA,6,"i6dkg"
42,81,9.90999984741211,2,"pzej5"
34,70,3.97000002861023,8,"zttcm"
20,56,NA,8,"yw5xv"
32,35,NA,2,"hmgnf"
50,70,4,9,"oqrfh"
32,55,3.97000002861023,2,"tnkfw"
17,50,0.970000028610229,9,"b4d7y"
45,86,NA,6,"b3pzu"
28,50,NA,10,"j03tu"
36,30,5.94000005722046,3,"ydscp"
62,70,NA,7,"sg3tg"
30,60,1.94000005722046,7,"adwjh"
20,49,NA,9,"a5sbo"
23,70,NA,6,"vqqyd"
22,60,NA,8,"zotxz"
24,50,2,8,"kg73z"
25,60,NA,7,"x1kxa"
48,52,12,4,"yx4e5"
32,60,3,8,"zotxz"
14,56,NA,12,"ksnm9"
54,75,11,5,"sgiy6"
40,70,NA,5,"q2ln4"
13,46,NA,7,"vk402"
10,43,NA,7,"vblxz"
54,65,NA,5,"mexw8"
19,45,NA,8,"aws1q"
35,66,1,2,"mu8ah"
20,43,NA,7,"vblxz"
21,61,NA,8,"iqfel"
50,75,NA,10,"xxdzw"
42,70,NA,6,"vqqyd"
42,60,NA,9,"wfeiv"
25,54,1.97000002861023,3,"mgmff"
31,50,6.94000005722046,9,"heaar"
40,75,NA,4,"aj20h"
45,60,0,5,"jo5tb"
26,70,3.94000005722046,7,"yv4uu"
25,40,0.970000028610229,8,"hd8hz"
57,70,7,7,"ea136"
46,25,5.96999979019165,2,"vqags"
16,46,NA,5,"ojoug"
13,28,NA,2,"o2rvn"
38,67,5.94000005722046,6,"o1rqg"
30,65,2.97000002861023,3,"trowy"
23,60,1.94000005722046,10,"avn7i"
35,57,NA,4,"f4uci"
15,40,NA,6,"ve49r"
60,57,NA,3,"p54n5"
25,53,NA,7,"qjexn"
57,86,NA,9,"xlgcy"
24,65,0.970000028610229,3,"m08yj"
43,69,4,3,"o7mt1"
70,60,NA,2,"f32k4"
27,38,NA,3,"yt80y"
23,40,1.94000005722046,6,"ve49r"
43,65,2,8,"anh7f"
70,60,3,2,"f32k4"
50,85,NA,3,"t2hc0"
30,50,2.91000008583069,10,"x41ja"
51,48,1,3,"ox66i"
50,86,10,6,"b3pzu"
22,62,NA,9,"pmofb"
30,61,NA,5,"vrz4n"
15,50,NA,4,"r8nn6"
18,48,NA,4,"pjn7i"
30,80,4.94000005722046,5,"ps2ir"
36,72,1.94000005722046,6,"kaeup"
24,50,NA,12,"duv1t"
38,70,NA,8,"wa2ph"
12,55,NA,8,"mwwn8"
22,37,0.970000028610229,6,"r1jih"
18,60,NA,6,"oqxs0"
35,72,NA,3,"grc3l"
25,50,NA,5,"tx9ft"
12,46,NA,6,"i4e5d"
43,65,NA,8,"fn6n5"
40,60,NA,9,"t1ymr"
35,61,5,5,"tjycz"
24,61,1.97000002861023,4,"pacz6"
37,60,6,7,"e68bt"
26,63,2.94000005722046,8,"nehnr"
50,30,4,1,"ugvtc"
18,48,NA,7,"t1sfm"
24,45,2.91000008583069,11,"j7rjy"
35,70,NA,6,"vqqyd"
24,59,2.91000008583069,6,"cr3gb"
37,60,2,3,"trowy"
28,38,3.91000008583069,3,"unbqy"
26,60,NA,10,"avn7i"
67,67,5,1,"ygc8w"
35,65,6.88000011444092,6,"do8rg"
28,46,NA,6,"sbmqg"
40,56,NA,7,"kowj3"
26,61,NA,5,"rr4o0"
40,67,1,7,"qa7nu"
13,35,NA,3,"b8x0z"
41,64,4.96999979019165,5,"xtu77"
22,58,NA,7,"rnwry"
59,49,6,3,"n3012"
28,58,4.90999984741211,11,"ozozn"
42,68,NA,7,"v0e5z"
36,65,NA,10,"kwk6n"
23,50,NA,4,"rxbpl"
31,65,2.91000008583069,10,"kwk6n"
25,35,0.970000028610229,5,"b7ygz"
43,80,NA,8,"dgbjr"
45,70,3,4,"j7uxe"
30,63,NA,8,"nehnr"
42,80,NA,4,"q3vc2"
12,40,NA,9,"b7oyg"
30,50,NA,10,"w3aqe"
27,25,1.97000002861023,1,"rbe87"
18,43,NA,10,"ts6pg"
49,56,NA,4,"ny63d"
37,63,NA,12,"ryo04"
50,60,NA,5,"jo5tb"
41,60,8.97000026702881,1,"xno64"
26,54,0.970000028610229,6,"eui6x"
14,36,NA,4,"xec6u"
20,50,NA,9,"k8fm2"
43,67,5,3,"way8p"
27,70,3.91000008583069,6,"j0u0h"
28,58,4.94000005722046,6,"ibhju"
22,35,1.94000005722046,3,"gjtcg"
26,60,1.94000005722046,9,"t1ymr"
50,60,NA,5,"nz1qx"
20,56,1.94000005722046,5,"tkcj1"
48,25,NA,3,"yfucm"
40,66,NA,11,"a0n7r"
40,60,2,4,"l17yh"
58,60,NA,5,"uww01"
50,79,NA,7,"m57fi"
34,70,NA,5,"q2hw8"
29,65,3.94000005722046,5,"n5dm8"
46,75,6,4,"ali08"
28,50,3.97000002861023,9,"dqhss"
36,56,5.94000005722046,11,"bdm73"
39,66,4,4,"m70cm"
35,55,NA,8,"wd0fu"
37,60,5,9,"wfeiv"
27,55,1.94000005722046,8,"mwwn8"
42,77,1.94000005722046,5,"mql50"
28,75,NA,8,"dtpws"
30,57,NA,6,"yccc2"
55,75,6,4,"an5ey"
42,48,7,5,"gcc7s"
21,48,0.970000028610229,4,"ooyen"
30,65,NA,4,"g61mf"
23,60,2.94000005722046,11,"paxqy"
37,65,2.97000002861023,4,"u8gkj"
15,40,NA,8,"ku8qo"
24,58,3.91000008583069,11,"ozozn"
40,58,7,1,"jj114"
32,70,4.94000005722046,6,"j0u0h"
36,81,5.94000005722046,2,"pzej5"
30,60,3.94000005722046,7,"suu12"
19,50,NA,9,"heaar"
36,62,4.94000005722046,3,"iwtii"
20,50,NA,9,"dqhss"
31,60,NA,6,"p4m6o"
19,58,0.970000028610229,1,"a49yp"
22,48,NA,12,"vhzcq"
18,50,NA,10,"j03tu"
35,60,NA,4,"kxx4g"
52,52,NA,3,"oj7tf"
15,46,NA,4,"htia3"
40,57,NA,9,"ehuy9"
38,40,NA,4,"k3sb4"
23,51,2.91000008583069,5,"m40sx"
22,48,NA,7,"kkbfv"
68,60,NA,8,"r58b3"
34,55,5.94000005722046,3,"p36ke"
40,55,NA,4,"w1dxq"
32,80,3.97000002861023,8,"dgbjr"
20,49,NA,7,"wtf5q"
37,65,1,6,"uhusz"
33,60,3,6,"p4m6o"
45,75,NA,8,"dtpws"
17,49,NA,7,"dowxd"
13,45,NA,7,"v8opa"
26,70,NA,9,"cma7u"
41,80,NA,8,"dgbjr"
37,68,NA,10,"e5p8j"
22,44,1.94000005722046,5,"geuyv"
18,36,0.970000028610229,6,"sqhuf"
20,60,0.970000028610229,8,"zotxz"
32,70,NA,9,"oqrfh"
49,20,7,1,"xlzn7"
31,70,NA,3,"kwevm"
14,45,NA,11,"j7rjy"
13,47,NA,9,"tfh3n"
34,62,NA,4,"ifyb9"
19,43,0.970000028610229,10,"ts6pg"
37,67,7.94000005722046,7,"wtdom"
28,50,3,8,"fsj61"
30,65,NA,4,"ifbz2"
22,66,NA,5,"d0fdo"
13,60,NA,9,"pjgsp"
25,45,2.97000002861023,6,"zaqwn"
25,48,3.97000002861023,7,"kkbfv"
20,56,NA,11,"bdm73"
24,48,NA,7,"t1sfm"
27,60,2.94000005722046,7,"x1kxa"
60,68,NA,2,"q15v7"
32,70,5,4,"jpgsz"
27,50,NA,3,"ejv12"
32,65,6.96999979019165,7,"u5w5f"
42,63,NA,12,"ryo04"
44,65,NA,5,"mexw8"
15,50,NA,10,"x41ja"
23,50,NA,8,"fbbhk"
38,59,2,8,"kacff"
41,58,2.94000005722046,5,"w3hcx"
30,60,NA,9,"gayo6"
21,48,NA,5,"zlf1e"
38,61,5.96999979019165,4,"pacz6"
40,65,5.96999979019165,4,"q8v50"
46,71,NA,9,"zetyc"
47,70,11.9399995803833,9,"cma7u"
25,49,1.94000005722046,4,"j67gw"
21,58,NA,6,"ibhju"
17,55,NA,7,"gsu3t"
31,60,NA,4,"l17yh"
39,65,NA,6,"el16l"
28,50,3,10,"w3aqe"
30,75,NA,8,"dtpws"
38,67,5,5,"r8qss"
13,40,NA,5,"hondf"
40,58,NA,5,"w3hcx"
28,50,4.90999984741211,11,"vry4e"
31,52,NA,7,"idqqb"
17,60,NA,11,"paxqy"
32,60,NA,6,"j3sa1"
25,43,2.94000005722046,3,"i5je0"
60,60,NA,5,"jo5tb"
65,75,6,8,"x03ap"
34,59,NA,9,"kacff"
20,50,NA,12,"pwhmy"
50,75,NA,8,"x03ap"
32,66,5,5,"d0fdo"
50,25,3,2,"cysju"
33,68,5.94000005722046,7,"v0e5z"
12,65,NA,6,"h1t8z"
16,50,NA,7,"x4s9x"
17,60,NA,10,"avn7i"
53,50,NA,9,"v06qq"
32,49,1,7,"dowxd"
25,58,2.94000005722046,7,"rnwry"
37,68,6.94000005722046,6,"fibyw"
44,60,6,9,"x4kex"
31,65,2.94000005722046,10,"kwk6n"
40,57,NA,4,"f4uci"
22,56,1.94000005722046,8,"yw5xv"
36,65,3.97000002861023,3,"bq1jy"
12,42,NA,6,"cgs9a"
42,48,7.96999979019165,6,"unvd7"
70,40,NA,3,"zee2r"
28,55,3.97000002861023,3,"u8ho6"
19,40,0.970000028610229,5,"g986j"
35,44,4.96999979019165,4,"f83gf"
39,56,5,1,"wr2jj"
13,63,NA,9,"r5c5y"
35,64,3.97000002861023,3,"bjrck"
50,75,NA,8,"x03ap"
29,49,2.94000005722046,7,"dowxd"
36,61,4.96999979019165,8,"iqfel"
43,75,8.97000026702881,9,"d8qwy"
56,75,NA,8,"x03ap"
44,92,NA,10,"f4es3"
30,62,5.94000005722046,6,"plrjn"
42,75,5.96999979019165,2,"upd0c"
30,55,1.94000005722046,11,"qgkoa"
50,70,NA,9,"used7"
27,65,NA,6,"r29av"
27,66,NA,6,"lc5n8"
40,67,NA,5,"gw1ci"
29,52,NA,7,"idqqb"
32,65,NA,7,"yi0xi"
36,60,6.94000005722046,3,"oaca9"
20,60,NA,9,"i3oyv"
37,55,8.9399995803833,8,"ewoiz"
32,56,NA,8,"k79i3"
25,55,3.91000008583069,11,"qgkoa"
25,65,0.970000028610229,4,"g61mf"
32,60,NA,7,"suu12"
16,50,NA,7,"h93jq"
28,66,1,4,"m70cm"
40,88,NA,10,"fp9vo"
33,75,NA,5,"ie773"
12,52,NA,5,"nfm2m"
30,50,3.97000002861023,5,"enwkz"
38,55,NA,10,"ngtae"
21,48,NA,10,"ntavw"
52,85,12,8,"oyq56"
25,40,2.97000002861023,4,"by9xq"
26,50,0.970000028610229,4,"vqh59"
36,54,NA,6,"eui6x"
37,58,NA,5,"u2q34"
48,92,10,10,"f4es3"
50,70,4,5,"q2hw8"
21,50,1.94000005722046,9,"dqhss"
14,54,NA,5,"bxfte"
43,67,NA,6,"xklbs"
45,25,NA,2,"cysju"
20,44,0.970000028610229,6,"amln4"
30,60,6.90999984741211,8,"m7v35"
28,48,NA,2,"nqk4l"
31,70,NA,4,"upwcd"
50,80,4,3,"aspag"
20,40,NA,6,"mxz5k"
70,40,6,3,"zee2r"
19,46,0.970000028610229,6,"sbmqg"
25,40,2.94000005722046,6,"a3bht"
13,40,NA,6,"ve49r"
40,70,NA,7,"ftbpj"
23,63,NA,12,"ryo04"
35,60,NA,6,"aqplk"
15,42,NA,7,"ren9z"
23,50,1.94000005722046,11,"vry4e"
28,52,4.94000005722046,3,"k484v"
31,60,NA,9,"pjgsp"
24,49,NA,7,"wtf5q"
27,58,NA,7,"qs1uh"
40,50,4,4,"mzm53"
