"sex","land","kuniony","landf","uniony","idu"
2,9.5,"1755",8.5,1725,"LP0204"
1,0,"1771",0,1735,"PI1199"
2,79.5,"1772",154,1735,"EI1504"
2,0,"1768",3,1743,"PE1671"
1,9,"1776",0,1734,"GS1483"
2,0,"1759",65,1732,"UP0379"
2,0,"1813",81.5,1780,"PI1999"
2,42.5,"1790",74,1767,"GS0396"
2,0,"1752",0,1726,"UP1216"
2,193,"1788",110,1749,"EI1638"
2,99.5,"1763",100,1734,"PI2373"
1,0,"1827",0,1785,"PI0498"
2,0,"1835",14,1792,"GS0012"
2,0,"1791",0,1759,"PI0346"
1,0,"1783",0,1751,"UP0075"
1,0,"1756",0,1726,"GH1437"
1,0,"1849",3,1818,"GS0046"
2,53,"1767",53,1746,"LP0142"
2,69.5,"1812",156.800003051758,1781,"CH0022"
1,0,"1762",0,1734,"PE1664"
1,0,"1806",0,1776,"GH1448"
1,0,"1801",0,1768,"UP0468"
1,0,"1797",0,1764,"GH0333"
1,0,"1763",0,1739,"GS1543"
2,72,"1776",128,1746,"GI0346"
1,123.75,"1810",0,1778,"GH1162"
2,14.5,"1812",18,1790,"EI1458"
2,80,"1804",85,1780,"PI0689"
1,0,"1765",40,1741,"GS0624"
1,0,"1803",5,1776,"UT1121"
2,60,"1815",90,1791,"EI0278"
2,0,"1824",0,1798,"VI0740"
2,127,"1791",51.5,1753,"GI1766"
1,0,"1817",0,1785,"UP0033"
1,0,"1783",0,1748,"EI1152"
2,0,"1803",0,1772,"HW0356"
1,0,"1730",0,1694,"GH1639"
2,40,"1860",270,1829,"PI2140"
2,140,"1782",114.5,1751,"PI0776"
2,0,"1759",0,1729,"PI1041"
1,0,"1835",4.5,1792,"FR0139"
2,123,"1809",90,1767,"WO0015"
1,0,"1808",11,1769,"GH1027"
2,0,"1808",0,1779,"PI2371"
2,0,"1800",0,1770,"GS0147"
1,0,"1807",6,1777,"GS2563"
1,0,"1798",0,1771,"HW0949"
1,0,"1802",0,1759,"PI0364"
2,0,"1779",0,1743,"GS2805"
2,116.5,"1801",144,1769,"CN0142"
1,0,"1758",0,1714,"GS2867"
2,0,"1807",0,1782,"PI0660"
1,138,"1797",243,1756,"HW0186"
1,4,"1780",33,1741,"CN0020"
2,0,"1870",0,1813,"GS1257"
2,142.5,"1781",37,1747,"GS0518"
1,83.5,"1791",74.5,1753,"FR0205"
2,6.5,"1749",144,1727,"PI1282"
1,125.5,"1782",85,1737,"VI0685"
1,0,"1768",15,1732,"GH0320"
1,0,"NA",0,1765,"PI1025"
1,0,"1761",204,1731,"GH0406"
1,0,"1742",0,1710,"GS2589"
2,0,"1803",18,1759,"PI0358"
1,0,"1779",0,1742,"GS2350"
1,0,"1779",0,1744,"GH1813"
1,127.5,"1761",133,1735,"UT1882"
2,158,"1790",175,1751,"CI0609"
1,31,"1829",0,1778,"GH1162"
2,0,"1771",0,1745,"JE0892"
2,0,"1802",0,1774,"HW0061"
2,0,"1773",0,1745,"JE0892"
1,129,"1854",82,1789,"UT0840"
2,3,"1863",0,1831,"GS2480"
2,0,"1830",0,1798,"GS0908"
2,21,"1775",21,1742,"UT1383"
2,5,"NA",7.5,1778,"PI1800"
1,141,"1773",149.5,1738,"PI0914"
2,0,"1731",0,1694,"GH1639"
1,0,"1858",0,1823,"LP0680"
2,0,"1825",0,1801,"WO0392"
1,0,"1806",0,1768,"VI1176"
2,0,"1842",0,1804,"GS1526"
1,0,"1807",0,1777,"PI2178"
1,19,"1808",9,1769,"EI1597"
1,5.5,"1771",4,1726,"PI0605"
1,11,"1778",0,1740,"EI0548"
2,0,"1767",0,1739,"GI0406"
2,0,"1784",0,1757,"VI0901"
2,58.75,"1759",179.75,1734,"GI1225"
2,25,"1831",14,1784,"UT1026"
2,12,"1822",0,1794,"GH0631"
2,0,"1756",0,1733,"PI2341"
2,0,"1779",0,1730,"GI1844"
2,0,"1786",0,1758,"EI1689"
1,0,"1775",0,1754,"PI0345"
1,20,"1811",196,1764,"GH0352"
2,0,"1765",3.29999995231628,1742,"GS2139"
2,0,"1816",0,1785,"CN0189"
1,5,"1800",0,1771,"PI2208"
1,0,"1800",0,1771,"GS1975"
2,0,"1869",0,1831,"CN0452"
2,9,"1778",17,1748,"CN0691"
2,3,"1833",106,1811,"HW0618"
2,0,"1842",13,1813,"LP0802"
2,35,"1817",11,1774,"GS2250"
2,0,"1797",0,1762,"PI2181"
1,0,"1804",4,1766,"HW0462"
1,0,"1776",0,1753,"GS1313"
2,0,"1788",0,1761,"UP1172"
2,33,"1774",3,1754,"PI0059"
1,0,"1861",7.5,1822,"LP0793"
1,3,"1827",16,1795,"HW0881"
2,0,"1796",0,1760,"HW0155"
1,0,"1812",12,1784,"GS0501"
2,0,"1802",0,1773,"PI1203"
2,0,"1758",43.5,1726,"GS2892"
1,0,"1868",0,1831,"LP0439"
2,31.5,"1799",21,1775,"UT0381"
1,6,"1803",12,1777,"FR0034"
2,0,"1807",0,1786,"FR0175"
2,0,"1744",0,1718,"PI2460"
1,87,"1855",9,1806,"PE1114"
1,0,"1845",0,1801,"GS0124"
1,6.5,"1756",0,1729,"VI0273"
1,77.5,"1773",154,1735,"EI1504"
1,0,"1779",5,1743,"GH0434"
1,0,"1799",0,1763,"UT0306"
1,2.5,"1810",123,1775,"PE0993"
2,192,"1828",14,1797,"GH1568"
2,0,"NA",0,1700,"GH1910"
2,4,"1777",0,1747,"EI0726"
1,62.25,"1820",139,1781,"EI0340"
2,0,"1834",0,1803,"GH1514"
2,0,"1737",0,1717,"GS1184"
2,31,"1829",160.5,1792,"GH0609"
2,0,"1780",27,1735,"PI1333"
2,9,"1776",5,1742,"GS1546"
1,6,"1772",5,1740,"PE0264"
1,0,"1814",81.5,1780,"PI1999"
2,18,"1723",0,1696,"GS0553"
1,0,"1840",0,1803,"GH1676"
2,121.5,"1818",10.5,1789,"LP0078"
1,0,"1788",0,1752,"VI0526"
1,5,"1808",21,1778,"PE0421"
2,0,"1735",0,1711,"GH1052"
2,0,"1788",4,1755,"PI2474"
2,129,"1800",21,1778,"PE0421"
1,37,"1747",140,1715,"GS0483"
1,13.5,"1783",0,1759,"GS2528"
1,0,"1790",29.75,1755,"FR0601"
1,0,"1742",0,1711,"GS1890"
1,0,"1766",0,1743,"UT0435"
2,0,"1770",0,1726,"GH1437"
1,0,"NA",0,1738,"VI0450"
2,81.5,"1751",38,1725,"PI2145"
1,74,"1767",3.29999995231628,1727,"GS0398"
2,0,"1861",16,1836,"CN0232"
2,14,"1777",2.5,1736,"PE0038"
2,0,"1785",0,1756,"GS2333"
2,0,"1781",0,1726,"PI0926"
1,3,"1777",19,1735,"GS1907"
1,121.5,"1805",278,1761,"VI0595"
2,0,"1801",17,1774,"PI0187"
2,0,"1786",3,1743,"VI0300"
2,0,"1734",137,1716,"PI2329"
1,12,"1784",0,1751,"GS0469"
2,0,"1793",0,1763,"HW0973"
1,0,"1840",0,1801,"GS0124"
1,387,"1835",2.5,1810,"PE0997"
2,0,"1761",0,1733,"EI0774"
2,67,"1769",75.25,1746,"VI0690"
1,0,"1781",15.5,1754,"PE1464"
2,0,"1775",0,1737,"GS0661"
1,0,"1803",0,1760,"GH0620"
1,0,"1741",0,1715,"GS2178"
2,86.5,"1754",171,1729,"GH0086"
1,0,"1740",0,1714,"GS2867"
2,77,"1812",14,1784,"UT1026"
1,45.5,"1781",30,1748,"LP0368"
1,113,"1792",0,1730,"EI0084"
2,12,"1779",38,1754,"PE0563"
2,0,"1753",43.5,1726,"GS2892"
1,0,"1863",0,1839,"GI2171"
2,0,"1823",0,1782,"GS1076"
1,132,"1775",165,1748,"UP0924"
2,0,"1768",0,1736,"UP0458"
1,46,"1797",46,1756,"EI0429"
1,0,"1769",56.5,1744,"FR0147"
1,0,"1809",0,1786,"PI1170"
2,0,"1761",0,1736,"GS0295"
2,0,"1773",0,1729,"UP0256"
1,0,"1793",0,1759,"PI1962"
2,0,"1801",0,1770,"VI1674"
1,0,"1748",50,1715,"GS0642"
2,0,"1744",0,1718,"GH0966"
1,0,"1794",0,1746,"JE0443"
1,4.5,"1815",0,1777,"GS0194"
1,0,"1754",0,1731,"EI1201"
1,0,"1751",0,1711,"GS2667"
1,61,"NA",73,1736,"PI1513"
1,80,"1769",85,1737,"VI0685"
1,3,"1743",0,1710,"GS1243"
1,0,"1810",3,1777,"GS0137"
1,2.5,"1753",9,1722,"PI2325"
1,0,"1784",0,1759,"GI0679"
2,0,"1793",0,1759,"PI0619"
2,4.5,"1821",136.5,1788,"UP1005"
1,0,"1797",0,1741,"GI0407"
2,61.5,"1795",196,1764,"GH0352"
2,0,"1780",0,1737,"PI1004"
1,1,"1794",1,1753,"VI0301"
2,0.300000011920929,"1825",0,1792,"CI0148"
2,27,"1794",91,1771,"UT0956"
1,66,"NA",110,1749,"EI1638"
2,0,"1775",0,1745,"GS1123"
2,0,"1788",0,1751,"GS1035"
2,3,"NA",0,1765,"HW1214"
1,0,"1800",0,1765,"GS1297"
2,0,"1817",27,1782,"FR0618"
2,0,"1796",0,1775,"GS1992"
1,0,"1788",0,1753,"UP1209"
2,0,"1850",0,1806,"HW0966"
2,0,"1751",8,1719,"GS1140"
2,80,"1769",75.25,1746,"VI0690"
1,0,"1851",0,1818,"PI1977"
1,0,"1804",0,1765,"PI0729"
1,0,"1810",0,1779,"UP0235"
2,0,"1790",0,1756,"GH0121"
2,17.25,"1812",16,1786,"FR0555"
2,0,"1816",0,1784,"PE1820"
2,49,"1810",132,1775,"UP0698"
2,9,"NA",100,1710,"GH0560"
2,8.5,"1793",74.5,1753,"FR0205"
2,99.5,"1768",79.5,1733,"PI2201"
1,9,"1780",9,1750,"LP0410"
1,0,"1765",5,1724,"GS0190"
1,31.5,"1801",87,1765,"PI1146"
2,0,"1804",4,1776,"CN0129"
2,0,"1742",50,1699,"GS0639"
2,0,"1835",0,1796,"PI0653"
1,0,"1798",0,1770,"UT0888"
1,90.5,"1789",6,1766,"PE0399"
1,154,"1863",129,1837,"GS0982"
2,0,"1804",0,1779,"PI0031"
1,0,"1839",7,1815,"GI2168"
2,0,"NA",0,1765,"GS1297"
2,82.5,"1778",149.5,1738,"PI0914"
1,0,"1775",0,1741,"EI0972"
2,0,"1794",0,1764,"JE0855"
1,0,"1771",0,1730,"PI1390"
1,0,"1807",0,1779,"GS1560"
2,0,"1762",0,1731,"FR0298"
1,0,"1790",0,1751,"PE1021"
1,6,"1846",19,1808,"PI1793"
2,0,"1749",0,1725,"GS1657"
1,0,"1785",0,1743,"PI0340"
1,0,"1771",0,1732,"PI1251"
1,0,"1778",0,1730,"GH0727"
1,0,"1756",0,1726,"PI0926"
1,89.5,"1794",2,1760,"PE0724"
1,13,"1786",12.75,1746,"UT1374"
1,0,"1873",0,1831,"LP0439"
2,26,"1801",21.7000007629395,1776,"GH1819"
2,0,"1769",0,1737,"GS0661"
2,126.75,"1781",126.75,1740,"VI1369"
1,243,"1819",146,1788,"UT1606"
1,8,"1841",8,1814,"GH1527"
1,0,"NA",0,1754,"GH0836"
1,0,"1797",11,1769,"GH1027"
2,145.600006103516,"1804",111,1781,"VI1740"
1,0,"1793",0,1737,"PI1004"
1,0,"1754",0,1726,"VI1664"
2,0,"1748",0,1719,"JE0515"
1,42.5,"1809",122.5,1785,"HI2921"
1,12,"1826",12,1789,"LP0386"
1,0,"NA",9,1727,"HI2095"
1,42,"1853",0,1814,"FR0645"
2,0,"1784",0,1740,"PI2430"
2,0,"1786",0,1747,"UP0638"
2,0,"1799",33,1774,"PI0807"
1,0,"1766",0,1734,"PI1124"
2,2.79999995231628,"1843",10,1813,"LP0213"
2,0,"1754",0,1716,"PI1421"
1,0,"1771",0,1748,"HW0682"
1,0,"1765",0,1736,"GS0295"
1,36.5,"1831",147,1797,"HW0466"
2,0,"1734",0,1696,"GH1510"
1,0,"1785",0,1747,"PI1952"
2,5,"1795",10,1769,"EI0947"
1,0,"NA",0,1742,"PI1005"
2,0,"1750",0,1721,"PI0712"
2,0,"1767",0,1743,"HW0520"
1,13.5,"1851",121.5,1818,"LP1921"
2,0,"1793",0,1764,"GH0333"
2,23,"1774",11.5,1746,"VI1268"
2,4,"1813",0,1785,"CN0189"
2,147,"1784",0,1759,"PI0364"
2,0,"1794",5,1763,"GH1879"
1,0,"1737",0,1708,"GS2055"
2,0,"1766",29.5,1738,"FR0700"
1,0,"NA",0,1754,"GH0836"
2,6,"1731",0,1696,"GH1082"
1,0,"NA",0,1766,"WO0582"
2,167.25,"1853",10.1999998092651,1828,"UT1514"
1,0,"1801",0,1776,"GS2635"
2,139,"1772",110,1749,"EI1638"
2,0,"1794",0,1759,"PI0390"
2,2.5,"NA",81,1723,"EI1257"
2,0,"1809",0,1770,"PI0155"
2,33,"1789",11.5,1746,"VI1268"
1,62,"1785",13.5,1755,"GS1015"
2,5,"1763",0,1740,"EI0905"
1,135,"NA",76.5,1771,"UT1883"
1,0,"1788",0,1761,"PI1869"
2,0,"1795",0,1742,"PI0996"
1,37.5,"1748",137,1716,"PI2329"
2,282,"1845",14.5,1812,"PI2492"
2,5,"NA",8,1757,"GS1135"
1,117.5,"1786",181,1746,"LP1487"
1,102,"1848",20,1817,"EI1571"
2,0,"1831",0,1802,"CN0540"
2,6,"1800",0,1770,"GS0752"
1,0,"1819",0,1790,"UT0925"
1,129,"1794",137,1756,"UT1893"
2,0,"1754",3,1724,"PI0362"
1,24.5,"NA",0,1775,"CN0784"
1,79.5,"1784",79.5,1733,"PI2201"
2,200,"1835",129,1801,"EI1634"
1,0,"1769",11,1731,"GH0127"
1,0,"1868",16,1836,"CN0232"
1,0,"1798",0,1768,"UP1215"
2,0,"1736",0,1710,"GS2028"
1,0,"1798",0,1770,"GS0752"
2,215,"NA",118,1775,"VI1671"
1,8,"1835",0,1793,"GH1466"
1,64,"1811",94.5,1754,"JE0062"
1,0,"1804",0,1770,"HW1141"
1,0,"1796",0,1763,"PI0478"
1,0,"1803",0,1765,"PI0228"
2,0,"1761",0,1731,"EI1201"
2,0,"1795",37.5,1764,"PI1988"
2,0,"1772",3,1744,"GS0494"
1,134,"1758",144,1727,"PI1282"
2,46,"1816",2,1791,"EI1791"
2,21,"1822",7.5,1792,"CH0049"
1,0,"1778",0,1732,"PI1251"
1,318.799987792969,"1784",58.75,1759,"GI1645"
2,0,"1803",5.5,1771,"PI1975"
2,113,"1792",109,1760,"PI1981"
2,3,"1744",18,1723,"GS1384"
2,61.5,"1798",31.5,1773,"GH0989"
2,1,"1753",1,1729,"VI1109"
1,0,"1761",0,1735,"VI1308"
1,49,"1821",135,1794,"PI1834"
2,0,"1807",0,1767,"HW1254"
1,135,"1837",146,1812,"PI2275"
1,141.5,"1815",34,1778,"EI0210"
2,0,"1757",0,1711,"GS2011"
2,0,"1778",2,1746,"UT1125"
2,31.5,"1773",142,1739,"GH0582"
1,0,"1753",0,1714,"GH0655"
2,0,"1800",0,1759,"PI1962"
2,5,"NA",0,1778,"UT1453"
1,0,"1805",0,1772,"HW0155A"
2,0,"1799",0,1758,"PI0415"
2,136.5,"1788",148.5,1753,"UP0886"
2,2,"1744",0,1710,"GH1727"
1,0,"1746",0,1717,"JE0002"
2,0,"1799",109,1766,"PI1947"
2,0,"1801",0,1775,"PI1958"
2,15,"1760",3,1733,"HI0170"
2,83,"1811",146,1788,"UT1606"
1,0,"1847",24,1799,"FR0569"
2,8,"1835",26,1801,"GH1567"
2,0,"1745",0,1711,"GS2363"
2,121,"1833",80,1804,"PI1619"
1,0,"1790",0,1756,"GH0999"
1,0,"1800",0,1771,"PI2064"
1,0,"NA",11,1724,"GH0070"
1,0,"1783",0,1741,"HW0980"
2,0,"1786",0,1748,"VI0844"
2,147,"1797",139,1772,"GI0388"
1,81,"1786",90,1749,"CI0264"
2,0,"1777",0,1741,"EI0972"
1,240,"1855",385,1828,"GH1585"
2,156,"1851",121,1833,"PI0974"
1,0,"1784",3,1755,"UT1509"
1,7.5,"1810",139.5,1786,"GS1433"
1,183,"1852",116.5,1801,"GH0689"
2,126,"1792",172,1765,"GI1116"
2,3,"1800",19,1769,"PI1394"
2,135,"1836",126,1792,"VI0201"
1,0,"NA",0,1734,"JE0687"
2,84,"1778",90,1755,"EI1359"
1,0,"1809",0,1755,"GS1355"
2,0,"1765",0,1731,"GS1326"
1,0,"1822",0,1785,"GH0505"
1,137,"1782",128,1746,"GI0346"
2,106,"1776",86.5,1754,"GH0462"
2,101.5,"1789",126.5,1762,"VI0373"
1,0,"1797",12,1762,"PE1386"
1,148.5,"1753",168,1713,"UP0892"
2,0,"1811",0,1777,"EI1580"
2,157,"1815",129,1794,"UT1425"
1,144,"1768",117.5,1716,"PI0192"
1,155.25,"1846",0,1810,"GI1416"
1,0,"1820",0,1778,"PE1017"
2,9,"1780",137,1756,"UT1893"
1,0,"1814",0,1781,"HW0986"
2,0,"1806",0,1775,"GS2366"
1,0,"1806",0,1766,"CN0363"
2,0,"1816",33,1789,"PI0808"
1,5,"1781",5,1749,"UT0163"
2,0,"1746",0,1716,"PI0795"
2,64,"1811",139,1790,"PE0690"
2,0,"1815",0,1781,"VI0686"
1,6,"NA",32,1817,"WZ0065"
2,0,"1803",0,1772,"UT0953"
1,0,"1749",0,1724,"EI1592"
1,82,"1812",90,1767,"WO0015"
1,0,"NA",0,1766,"CN0363"
2,0,"1820",0,1795,"GS0291"
1,0,"NA",0,1735,"UP0545"
2,0,"1760",0,1736,"UP0458"
1,0,"1829",0,1801,"HI1493"
1,49,"1796",29,1752,"WO0631"
1,0,"NA",0,1756,"CN0402"
2,14,"1792",1,1769,"GS1544"
2,6,"1853",19,1810,"GS0601"
1,1,"1791",30.75,1746,"WO0532"
2,0,"1745",0,1714,"GS1859"
1,120,"1826",139.5,1786,"GS1433"
2,121,"1762",133,1735,"UT1882"
2,2,"1807",0,1778,"UT0631"
1,0,"1808",0,1774,"GH1047"
1,130,"1830",129,1800,"PE0217B"
2,0,"1753",0,1711,"GS1890"
2,0,"1795",6,1745,"PE1713"
2,0,"1778",3,1745,"GH0718"
1,0,"1771",0,1740,"PI2430"
2,193,"1824",135,1794,"PI1834"
1,0,"1788",0,1760,"GH0620"
1,0,"1778",3,1743,"VI0300"
2,56,"1794",39.5,1773,"GS0802"
2,3,"1775",6.5,1747,"HW0818"
2,121.5,"1774",88.5,1744,"CH0241"
1,73,"1858",35,1817,"GS1972"
2,3,"1856",3.5,1816,"PI1072"
1,2,"1835",22,1809,"VI1376"
2,21,"1855",14,1819,"GH1279"
2,56.5,"1783",81.5,1751,"PI0019"
1,49,"1773",0,1746,"UT0430"
2,196,"1764",142,1739,"GH0582"
1,0,"1794",8,1757,"GS1135"
1,0,"1865",0,1820,"FR0159"
1,60,"1867",20,1827,"GH1255"
1,0,"1806",0,1765,"HW1214"
1,0,"1754",6,1728,"PI0068"
2,0,"1835",0,1800,"CI0164"
1,128.25,"1859",228.350006103516,1810,"GI0452"
1,0,"1769",0,1729,"GS2521"
1,0,"1798",0,1769,"UP0137"
2,0,"1805",0,1778,"HI2709"
1,0,"1770",0,1736,"PI0842"
2,0,"1778",0,1742,"PI1005"
1,88.25,"1782",50,1748,"GS2887"
2,90,"1755",0,1733,"WO0620"
2,42,"1853",6,1827,"LP1661"
1,0,"1795",0,1763,"PE1070"
2,0,"1800",4,1755,"PI2474"
1,116.25,"NA",73.5,1808,"GI0040"
1,0,"1756",8,1726,"GH1884"
2,0,"1785",0,1764,"GI0160"
1,0,"1761",0,1730,"GH0727"
2,12.75,"1746",0,1716,"PI1135"
2,4,"1836",35,1817,"GS1972"
2,4.5,"1804",14,1779,"UT1025"
1,0,"1754",0,1726,"VI1664"
2,63.75,"1841",13,1815,"JE0048"
1,0,"1811",0,1760,"GH0620"
1,0,"1804",0,1771,"GS1975"
2,0,"NA",3,1755,"UT1509"
1,6.5,"1837",12,1784,"GS0501"
2,0,"1782",0,1740,"GS2353"
2,0,"1805",33,1774,"PI0807"
2,148.199996948242,"1816",162.75,1777,"FR0066"
1,0,"1779",6,1750,"HW0825"
1,0,"1772",0,1744,"FR0370"
2,5,"1781",0,1740,"GS2353"
2,0,"1785",5,1763,"GH1879"
2,0,"1760",0,1731,"PI1797"
1,0,"1787",0,1752,"JE0410"
2,0,"1830",0,1802,"GS1798"
1,0,"1812",29,1777,"PI2228"
1,0,"1753",0,1715,"PI0635"
2,11.75,"1773",74.5,1753,"FR0205"
2,109,"1766",6.5,1739,"PI0307"
2,115,"1757",103,1732,"VI1676"
1,0,"1772",70,1733,"EI1214"
1,0,"1782",0,1743,"GS2805"
1,0,"1844",0,1790,"FR1223"
2,0,"NA",0,1707,"GH0657"
2,345,"1821",80,1782,"VI0684"
2,5,"1786",38,1763,"PE0564"
2,0,"1794",6,1750,"HW0825"
2,0,"1782",0,1760,"PI1444"
1,58,"NA",6,1782,"LP1215"
2,79,"1815",65,1791,"CH0580"
2,85.5,"1777",114,1752,"HI2991"
2,0,"1809",0,1770,"PI0155"
2,0,"1770",2,1738,"PE0744"
1,9,"1863",0,1818,"PI1977"
2,4.5,"1784",109,1755,"PI1946"
2,116,"1798",86,1766,"CI0388"
1,46.7999992370605,"1866",89.6999969482422,1838,"FR1051"
1,4,"1777",24,1742,"UT1011"
2,109,"1817",160.5,1792,"GH0609"
2,114.5,"1751",144,1727,"PI1282"
2,0,"1804",0,1771,"GS2183"
2,0,"1788",0,1756,"PI0387"
1,0,"1811",0,1785,"PI0498"
2,0,"1720",100,1698,"GH0538"
1,0,"1730",0,1692,"GH0289"
2,104,"1771",50,1748,"GS2887"
1,8.5,"1751",12,1722,"EI0807"
1,193.5,"1867",4.5,1821,"GH1138"
2,123,"1775",38,1754,"PE0563"
2,89.5,"1818",130,1797,"PE1180"
1,3,"1811",62,1785,"UT0743"
1,0,"NA",0,1759,"VI0486"
1,0,"1827",0,1782,"GS1076"
1,9,"1811",86,1766,"CI0388"
2,0,"1849",3,1807,"PE0971"
1,151,"1792",122.75,1763,"HI1750"
1,0,"1759",0,1716,"PI1135"
1,58.5,"1838",124.800003051758,1801,"GI0002"
1,146,"NA",106,1759,"HW0650"
2,80,"1782",278,1761,"VI0595"
1,0,"1794",20,1755,"GS1770"
2,9,"1753",140,1715,"GS0483"
2,0,"1798",0,1771,"PI1822"
2,0,"1771",5,1740,"PE0264"
2,3,"NA",9,1806,"PE1114"
1,15,"1812",73,1770,"LP1749"
1,0,"1794",0,1750,"PI1057"
1,9.75,"1779",74.5,1753,"FR0205"
2,110,"1765",127,1741,"PE0004"
2,0,"NA",0,1731,"PI1123"
2,153.75,"NA",73.5,1808,"GI0040"
2,182,"1861",235,1833,"EI1643"
2,121,"1837",14.5,1812,"PI2492"
2,0,"NA",160,1819,"EI1159"
1,0,"1796",8.5,1747,"PI1144"
2,37,"1813",132,1785,"CI0038"
1,4,"1867",0,1834,"EI1323"
1,0,"1749",0,1711,"GS0218"
2,0,"1796",6,1757,"CI0511"
1,146,"1788",129,1750,"UT0020"
2,0,"1776",0,1753,"GH1890"
1,0,"1796",0,1758,"PI0415"
1,0,"1792",0,1756,"PI0387"
1,94.5,"1754",116.5,1720,"EI1578"
1,0,"1791",0,1762,"PI2422"
2,0,"1775",0,1747,"PI2175"
2,0,"1784",0,1757,"FR0795"
2,193,"1786",86.5,1754,"GH0462"
1,0,"1764",0,1734,"GI0338"
2,0,"1802",0,1779,"CN0575"
2,2,"1841",7.5,1810,"GS1432"
1,0,"1777",0,1740,"GS2353"
1,0,"1769",0,1730,"EI0084"
1,10,"1730",0,1696,"GS2622"
2,51.5,"1807",90.25,1772,"GI0364"
2,7,"1836",80,1782,"VI0684"
2,11,"1724",0,1692,"GH0289"
1,10,"1803",56,1770,"PI2376"
1,0,"NA",0,1761,"PI0671"
1,0,"1793",0,1766,"GH1451"
2,8,"1841",4,1813,"PI2189"
1,5.5,"1847",19,1810,"GS0601"
2,0,"1790",0,1759,"PI1953"
1,170,"1851",46,1816,"EI0214"
1,3,"NA",16,1756,"EI1720"
1,200,"1838",146,1801,"WZ0064"
2,0,"NA",0,1750,"PI1057"
2,0,"1757",3,1723,"GS0184"
2,0,"1805",0,1771,"GS2183"
2,6,"1846",19,1810,"GS0601"
1,0,"1792",0,1747,"PI2478"
1,4,"1780",0,1730,"GH0259"
2,0,"1787",26,1735,"UT0405"
1,136.5,"1788",243,1756,"HW0186"
1,94.5,"NA",94.5,1754,"JE0062"
1,116,"1798",295,1763,"UT1766"
1,0,"1795",0,1763,"GS2171"
1,0,"1779",30,1748,"LP0368"
2,41.5,"1866",120,1826,"PI1285"
1,3,"NA",116.5,1786,"GH0688"
2,0,"1789",0,1756,"JE0532"
1,3,"NA",153.5,1786,"GH1122"
1,0,"1845",0,1801,"GS0124"
1,0,"1793",0,1752,"GI0181"
1,105,"1834",10.5,1789,"LP0078"
1,4.5,"1777",0,1735,"PI0599"
2,0,"1788",0,1764,"GI0160"
2,0,"1778",0,1749,"UT1485"
2,0,"1810",0,1780,"PI0755"
1,134.5,"1767",127,1741,"PE0004"
1,0,"1805",0,1765,"GH1330"
2,0,"1756",0,1710,"GH0510"
2,0,"1766",60,1737,"CN0345"
2,0,"1759",0,1730,"PI1309"
1,20,"1770",0,1736,"GS0295"
2,0,"1755",1,1729,"VI1109"
1,0,"1792",0,1761,"UT0432"
2,105,"1834",129,1801,"EI1634"
2,5.5,"1847",7.5,1810,"GS1432"
2,0,"1775",0,1743,"GS2805"
2,0,"1803",9.75,1779,"FR0523"
1,21,"1778",15,1741,"HW1294"
1,110,"1765",154,1733,"PE0110"
2,54,"1774",8,1744,"PE1809"
1,9,"1776",0,1737,"GS0661"
1,0,"1777",0,1732,"EI0910"
1,0,"1814",0,1781,"HI2710"
2,0,"1777",0,1734,"GS1483"
1,0,"1779",19,1735,"GS1907"
1,0,"1745",0,1718,"GI0514"
2,15,"1772",78.5,1746,"HI2115"
2,0,"1774",5,1742,"GS1546"
1,0,"1773",6,1745,"PE1713"
2,224,"1861",135,1836,"VI0403"
1,0,"1793",2.5,1764,"GI1311"
1,85,"1780",80,1735,"PI1238"
1,0,"1752",0,1710,"GH0510"
2,0,"1858",7,1816,"UT0887"
1,18,"1773",142,1739,"GH0582"
1,8,"1759",77,1733,"GH1095"
2,12.1000003814697,"1852",129,1812,"LP1581"
2,300,"1845",72,1816,"EI1273"
1,0,"1763",0,1729,"PI1041"
2,0,"1844",0,1807,"GH1398"
2,0,"1805",3,1757,"PI1895"
1,10,"1796",0,1773,"UT0785"
1,0,"1767",0,1734,"PE1664"
1,0,"1816",0,1780,"UP0939A"
1,97,"1843",1,1815,"PE0993A"
2,106,"1789",46.5,1768,"PI1584"
2,129,"1794",129,1750,"UT0020"
1,0,"1802",0,1765,"PI1025"
1,0,"1768",77,1733,"GH1095"
2,70,"1773",46,1745,"CN0528"
2,0,"1812",0,1777,"EI1580"
1,0,"1771",0,1728,"PI1708"
1,0,"1797",6,1762,"EI0973"
1,0,"1794",0,1763,"UT0306"
2,158,"1783",165,1748,"UP0924"
1,0,"1795",0,1755,"GS1737"
2,0,"1771",4,1743,"VI0977"
1,0,"1864",0,1838,"GS0754"
2,0,"1752",9,1726,"GH0774"
2,0,"1759",204,1731,"GH0406"
1,0,"1819",12,1784,"GS0501"
2,15,"NA",0,1741,"HW0980"
1,5,"1811",113,1768,"LP0766"
2,0,"1799",0,1768,"UP0468"
1,9,"NA",4,1702,"GH0497"
1,44.5999984741211,"1811",74,1767,"GS0396"
2,140.5,"1759",116,1735,"HW0512"
1,0.300000011920929,"1825",0,1796,"CI0641"
1,0,"1825",4,1794,"PI0281"
2,6,"1777",0,1750,"PI1057"
1,4.5,"1784",6.5,1751,"PI0823"
1,99.5,"1763",137,1716,"PI2329"
2,0,"1798",116,1770,"WO0536"
1,5,"1766",150,1739,"PI1014"
2,0,"1752",10,1719,"GH0745"
1,80,"1782",95,1743,"VI0671"
2,16,"1786",6,1752,"HI1360"
2,7.5,"1835",156.800003051758,1781,"CH0022"
1,0,"1767",0,1728,"PI1708"
2,120,"1826",18,1790,"EI1458"
2,0,"1752",0,1716,"PI0795"
2,3,"1836",147,1797,"HW0466"
2,180,"1811",90.5,1765,"UT0401"
2,0,"1790",2,1744,"UT0898"
1,156,"1851",385,1828,"GH1585"
1,0,"1779",2.5,1736,"PE0038"
1,0,"1827",12,1784,"GS0501"
2,61.5,"1770",0,1743,"PI0196"
1,0,"1860",0,1831,"GS0846"
2,0,"1809",0,1788,"PI1530"
2,12,"1779",104,1740,"LP0770"
2,1,"1791",6,1745,"PE1713"
1,3,"1818",0,1783,"GS0068"
1,0,"1751",0,1718,"EI1222"
2,117,"NA",118,1775,"VI1671"
2,0,"1786",0,1745,"GS1123"
1,3,"NA",4,1752,"UT1679"
2,94,"1820",77,1793,"LP0852"
2,0,"1767",0,1740,"GS0102"
2,11.5,"1771",8,1735,"FR0738"
2,0,"1745",0,1719,"PI0002"
2,144,"1733",60,1710,"EI0124"
2,89,"1782",32,1758,"GI1346"
2,0,"1803",0,1773,"GH1067"
1,0,"1763",0,1734,"PE1664"
2,0,"1779",43,1750,"PE0924"
2,165,"1748",60,1710,"EI0124"
2,0,"1756",11,1731,"GH0127"
1,0,"1762",0,1737,"UP0558"
2,0,"1779",0,1742,"PI0996"
1,60,"1815",85,1780,"PI0689"
1,94,"1820",10.5,1789,"LP0078"
1,15,"1722",0,1700,"GH1666"
1,0,"1788",0,1737,"PI0576"
1,57,"1782",38,1754,"PE0563"
1,126,"1792",243,1756,"HW0186"
1,0,"NA",0,1714,"GS1859"
2,0,"1779",0,1748,"GI1369"
1,6,"1853",19,1808,"PI1793"
2,0,"1805",0,1768,"HW0220"
1,80,"1804",99.5,1768,"PI1984"
2,0,"1771",0,1739,"JE0401"
2,0,"1800",5,1763,"GH1879"
2,0,"1804",0,1779,"HW0736"
1,0,"NA",6,1750,"HW0825"
2,0,"1774",0,1737,"UT1484"
1,140,"1782",143,1743,"PI2360"
1,0,"1761",0,1734,"PI1124"
2,0,"1750",0,1721,"GH1736"
2,120,"1752",206.25,1731,"GI0627"
2,56,"1767",83,1744,"GS1687"
1,45,"1842",84,1810,"WO0540"
2,0,"1858",0,1817,"UP0211"
2,6.5,"1838",77,1785,"GH1487"
2,0,"1769",0,1735,"PI1199"
1,0,"1824",0,1777,"GH0932"
1,89,"1837",158,1790,"CN0275"
1,2,"1809",0,1780,"GS0746"
2,0,"1797",6,1772,"PE0688"
1,0,"1776",4,1743,"VI0977"
1,8,"NA",8.5,1747,"PI1144"
1,16,"1823",9,1780,"LP0243"
2,0,"1749",0,1712,"GS0741"
2,144,"1758",31,1733,"LP1042"
2,10,"1769",0,1738,"PI0994"
2,7,"1816",49,1773,"UT0806"
2,0,"1807",0,1765,"PE0874"
2,0,"1803",5,1768,"PI0329"
1,0,"1812",0,1785,"GS0451"
2,0,"1802",0,1778,"PI0864"
1,0,"1849",0,1813,"GS2314"
2,0,"1854",0,1827,"GS0650"
2,0,"1801",0,1756,"GH0999"
1,147,"1784",142,1739,"GH0582"
1,0,"1854",0,1822,"GS2257"
2,0,"1817",0,1792,"FR1274"
2,7,"1799",0,1770,"PI0155"
2,0,"1734",0,1704,"GS1193"
2,0,"1798",8,1769,"VI0077"
2,0,"1814",0,1785,"CN0189"
1,0,"1803",0,1768,"HW0220"
2,0,"1766",204,1731,"GH0406"
2,0,"1790",13.5,1766,"HI0163"
2,316,"1839",114,1815,"GI0568"
2,117.5,"1786",129,1750,"UT0020"
1,0,"1797",0,1755,"VI1390"
1,0,"1786",0,1746,"PI0518"
1,0,"1736",0,1711,"GH1052"
2,170,"1803",132,1775,"UP0698"
2,0,"1754",0,1715,"PI0635"
2,0,"1793",0,1745,"HW0497"
1,0,"1765",0,1740,"EI0905"
2,5,"1865",0,1794,"GH0128"
2,172,"1765",19,1737,"GS0747"
1,1.5,"1810",0,1771,"CN0367"
1,0,"NA",0,1766,"HI0379"
1,0,"1780",38,1740,"PI2146"
2,0,"1760",0,1728,"PI1708"
1,0,"1793",109,1766,"PI1947"
2,23,"1749",0,1724,"EI1592"
2,5,"1816",113.5,1747,"UT0918"
2,0,"1803",0,1779,"GS1744"
2,0,"1778",0,1741,"UP0076"
2,0,"1751",40,1729,"GS0623"
1,12,"1779",53,1746,"LP0142"
1,50.5,"1755",171,1729,"GH0086"
1,3,"1754",3,1724,"PI0362"
1,0,"1801",8,1769,"VI0077"
2,0,"1798",0,1761,"EI0139"
1,57,"1787",134,1758,"PI1153"
2,0,"1783",4,1753,"PI2396"
1,0,"1786",0,1758,"PI0415"
1,0,"1810",142.5,1781,"GS1791"
2,0,"1750",12,1721,"PI0600"
2,0,"1797",0,1756,"FR0204"
2,11,"1782",13.5,1755,"GS1015"
2,58.5,"1838",51.5,1807,"GI1054"
1,0,"1811",0,1772,"GS0833"
1,0,"1844",0,1810,"FR1084"
1,0,"NA",0,1768,"HW0220"
2,0,"1762",0,1716,"PI0104"
1,184,"1864",385,1828,"GH1585"
2,0,"1772",8,1733,"GH1632"
1,39,"1847",37,1813,"WZ0132"
1,23,"1802",1,1765,"PE1316"
1,9,"1768",9,1722,"PI2325"
2,3,"1844",147,1797,"HW0466"
2,0,"NA",0,1762,"PE0569"
2,0,"1772",0,1744,"GH1813"
2,0,"1754",0,1714,"GH0655"
1,0,"1774",0,1743,"HW0577"
2,154,"1863",235,1833,"EI1643"
1,46,"1756",22.5,1728,"EI0641"
1,6,"1777",0,1749,"GS2549"
2,0,"1761",0,1729,"PI1041"
2,0,"1799",0,1765,"PI0729"
1,0,"1858",0,1810,"WZ0146"
1,0,"NA",0,1748,"GI1369"
2,0,"1739",0,1714,"GS2867"
2,0,"NA",0,1715,"PI0635"
2,20.5,"1761",4,1726,"PI0605"
2,0,"1771",8,1733,"GH1632"
1,0,"1810",139.5,1786,"GS1433"
2,200,"1848",32,1817,"WZ0065"
2,0,"1804",0,1770,"GS0752"
2,0,"1825",0,1798,"GS2194"
1,138,"1786",78,1750,"WO0581"
1,0,"1760",0,1734,"PI1261"
2,0,"1735",0,1694,"GH1735"
1,90,"1783",91,1747,"UT0955"
2,0,"NA",0,1736,"PI0842"
2,11,"1769",0,1731,"PI1797"
2,0,"1798",0,1762,"HW0099"
1,0,"NA",0,1700,"GH1910"
1,0,"1756",0,1712,"GS0741"
1,0,"NA",0,1697,"GH0335"
2,0,"1807",5,1768,"PI0329"
1,4,"1773",80,1735,"PI1238"
1,126,"1802",243,1756,"HW0186"
1,56,"1801",0,1760,"UT0729"
1,93,"NA",66,1757,"VI1621"
2,20,"1817",156.800003051758,1781,"CH0022"
1,0,"1840",0,1806,"PI1167"
1,50.5999984741211,"1803",31.5,1773,"GH0989"
1,0,"1762",7,1734,"PE0614"
2,0,"1787",66,1757,"VI1621"
1,0,"1778",0,1740,"PI2430"
1,19,"1735",11,1708,"GS1910"
1,0,"1760",9,1731,"FR0858"
2,0,"1798",0,1766,"HW1267"
2,0,"1785",0,1755,"VI1525"
1,0,"1772",150,1739,"PI1014"
1,0,"1848",0,1803,"CI0547"
2,0,"1771",0,1734,"GS2736"
2,10,"1816",111,1781,"VI1740"
1,76,"NA",87,1765,"PI1146"
1,51.5,"1807",51.5,1753,"GI1766"
2,76.5,"1771",149.5,1738,"PI0914"
1,0,"1798",3,1766,"EI0692"
1,22,"1822",0,1790,"HW0738"
2,7.5,"NA",181,1746,"LP1487"
1,10,"1789",2,1760,"PE0724"
2,0,"NA",0,1752,"UP0425"
1,0,"1760",81,1729,"GS1536"
2,0,"1843",1.5,1810,"CN0600"
2,8,"1757",30,1731,"GI1203"
1,140,"1810",127.5,1761,"UT1058"
2,0,"1763",3,1743,"UT1012"
2,0,"1753",0,1729,"UP0256"
1,0,"1792",0,1759,"GS2528"
1,0,"1835",3,1784,"GS1455"
2,135,"1837",133.5,1801,"VI0405"
1,0,"1758",0,1736,"GS0781"
2,77,"1779",77,1733,"GH1095"
2,0,"1871",0,1835,"LP2039"
2,179.75,"1734",140,1715,"GS0483"
1,0,"1778",0,1753,"GS1313"
2,12,"1791",16.5,1765,"FR0033"
2,0,"1779",24,1742,"UT1011"
1,89.5,"1818",89.5,1794,"PE1717"
2,0,"1773",5.5,1743,"PE0075"
2,582,"1845",34,1821,"EI1640"
1,8,"1850",117,1786,"HW0231"
2,3,"1743",100,1719,"GH0823"
1,0,"1779",0,1747,"PI2478"
1,1.5,"1811",0,1778,"UT0631"
1,3,"1747",3,1723,"PI2342"
2,0,"1766",0,1726,"PI0926"
1,0,"1740",0,1709,"GS1658"
2,49,"1773",0,1745,"UT1640"
2,0,"1777",19,1735,"GS1907"
2,114,"1815",126,1792,"VI0201"
2,0,"1867",0,1834,"GH0159"
2,0,"1865",0,1837,"CI0167"
2,0,"1802",0,1771,"CN0367"
2,0,"1754",11.5,1728,"VI1107"
2,55,"1757",144,1733,"UP1027"
1,4,"1830",0,1776,"GH0030"
1,90.5,"1765",87,1741,"EI0376"
1,27,"1782",46,1747,"FR0602"
2,0,"1765",0,1734,"PI0636"
1,0,"1804",0,1771,"HW0608"
2,9,"1769",4,1741,"EI1332"
1,45,"1843",31.5,1801,"PI1588"
1,0,"1782",0,1753,"GS1195"
2,0,"1753",10.5,1731,"GS0197"
2,0,"1821",0,1776,"GH0030"
1,0,"1810",0,1768,"PI0820"
2,0,"1797",0,1765,"HW1214"
2,0,"1784",0,1742,"GS0607"
1,0,"1798",0,1765,"HW1214"
1,3,"1771",0,1742,"GS0482"
2,0,"1765",0,1730,"GH1165"
1,78,"1813",132,1775,"UP0698"
1,0,"1800",0,1766,"WO0582"
1,14,"1748",0,1717,"PI1108"
2,0,"1792",151,1756,"CH0559"
2,0,"1785",90,1761,"PE0052"
2,13,"1815",101.5,1789,"JE0512"
2,0,"1805",0,1765,"GS1297"
2,0,"1766",0,1735,"PI1891"
2,0,"1733",0,1698,"GH0902"
1,0,"1753",8.5,1727,"PI1188"
1,160,"1799",148.5,1753,"UP0886"
2,0,"1821",56.5,1783,"PI1971"
1,0,"NA",0,1762,"PI0290"
1,72,"1796",37,1747,"GS0518"
2,0,"1806",11,1774,"GS2250"
1,0,"1790",0,1745,"HW0497"
1,148,"1792",175,1751,"CI0609"
2,0,"1801",0,1770,"PE0789"
2,0,"1743",0,1715,"GS2178"
1,0,"1799",0,1767,"PE1067"
1,129,"1801",110,1749,"EI1638"
1,49,"1810",147,1784,"PI1843"
2,0,"1810",0,1778,"GS2844"
2,78.5,"1801",121.5,1774,"CH0432"
2,0,"1806",3,1775,"HW0679"
1,6.5,"1749",0,1722,"PI2233"
1,1,"1817",0,1789,"UT1202"
1,0,"1755",0,1721,"PI0712"
1,114.5,"NA",65,1766,"VI1083"
2,0,"1771",0,1730,"GH1165"
1,6,"1835",0,1799,"WZ0193"
2,13.5,"NA",0,1696,"GH1510"
1,0,"1739",50,1699,"GS0639"
1,0,"1796",0,1762,"PI2181"
2,26.6000003814697,"1810",8,1773,"GH0072"
1,0,"1744",0,1712,"GS0741"
2,0,"1827",0,1797,"UP0232"
2,0,"1792",0,1770,"PI1220"
1,109,"1760",137,1716,"PI2329"
1,1.5,"1745",0,1717,"PI1632"
1,172,"1765",179.75,1734,"GI1225"
1,90,"1755",170,1732,"WO0343"
2,0,"1796",0,1763,"UT0306"
1,0,"1791",46.5,1751,"JE0721"
2,0,"1790",0,1758,"EI1689"
2,37.5,"1764",1.5,1735,"VI0972"
2,175,"1751",60,1710,"EI0124"
1,165,"1860",193,1824,"PI1192"
1,0,"1805",0,1775,"GS1992"
2,270,"1829",80,1804,"PI1619"
1,0,"1808",17,1748,"CN0691"
2,0,"1793",0,1751,"PI0519"
1,4.5,"1804",4.5,1750,"EI0933"
1,0,"1761",0,1736,"PI0532"
2,0,"1753",0,1726,"PI0926"
1,0,"1807",0,1762,"PE0569"
1,0,"1742",0,1714,"GS0793"
2,0,"1799",0,1770,"VI1674"
1,0,"1784",0,1758,"PI0415"
2,0,"1793",6.5,1749,"PI2235"
1,84,"1810",116,1750,"WO0533"
2,0,"1767",3,1738,"WO0049"
1,8.25,"1780",6.25,1749,"GI0072"
1,447,"NA",25,1774,"GH1960"
2,0,"1800",0,1771,"HW0608"
1,0,"1765",0,1727,"UP0451"
2,2,"1744",0,1716,"PI1421"
1,5,"1804",0,1759,"PI0364"
1,0,"1780",0,1740,"GS0102"
2,0,"1756",0,1731,"EI0667"
2,3,"1827",9,1806,"PE1114"
1,0,"1798",0,1768,"UP1215"
1,196,"1764",70,1726,"GH0400"
1,83,"1744",140,1715,"GS0483"
2,172,"1820",126,1792,"VI0201"
2,0,"1778",0,1748,"VI0844"
1,0,"1796",0,1762,"PI2422"
1,345,"1821",90,1791,"EI0278"
2,16,"1769",0,1735,"GS0430"
1,0,"1846",0,1807,"CH0490"
1,1,"1769",19,1735,"GS1907"
2,0,"1759",0,1731,"GH0057"
1,15,"1844",10,1813,"LP0213"
2,171,"1729",0,1700,"GH1605"
1,148.199996948242,"1816",24,1777,"HW0433"
1,0,"1744",81,1716,"GS1535"
2,0,"1762",0,1726,"PI0926"
1,22,"1809",178,1777,"EI1769"
1,18,"1790",81.5,1751,"PI0019"
2,4,"1794",0,1760,"HW0367"
1,0,"1813",0,1785,"PI0341"
1,6,"1793",9,1784,"CI0437"
1,4,"1753",6,1717,"PI0121"
2,0,"NA",0,1748,"GI1369"
2,10,"NA",0,1780,"PI2147"
2,0,"1768",0,1736,"UP0458"
2,0,"1786",0,1749,"GH0059"
2,84,"1850",121.5,1818,"LP1921"
2,0,"1783",0,1751,"GH0432"
1,0,"1777",30.75,1746,"WO0532"
2,3,"1825",13,1799,"UT1023"
1,0,"1806",0,1768,"PI0820"
1,129,"1794",144,1758,"CN0141"
2,97,"1843",2.5,1810,"PE0997"
1,0,"1770",0,1742,"PI0996"
1,34,"1778",70,1733,"EI1214"
2,0,"1824",4.5,1792,"FR0139"
1,0,"1831",0,1793,"GI0475"
2,133,"1765",133,1735,"UT1882"
2,0,"1806",0,1783,"PI0476"
1,0,"1805",0,1768,"PI0820"
2,0,"1765",0,1735,"GH1305"
1,0,"1747",0,1716,"PI1421"
2,29,"1752",109,1730,"LP0779"
1,34,"NA",52,1776,"EI1642"
2,3,"1816",0,1795,"PE0250"
2,0,"1810",318.799987792969,1784,"GI0312"
2,0,"1765",0,1738,"PE1759"
2,0,"1785",114.5,1751,"PI0776"
1,19,"1810",5,1781,"GS0603"
2,1.5,"1774",3,1744,"GS0494"
2,0,"1755",0,1726,"PI0926"
2,0,"1831",0,1795,"PE1788"
2,0,"1873",7.5,1822,"LP0793"
1,1,"1815",123,1775,"PE0993"
1,0,"1765",0,1741,"PE0864"
1,135,"1836",121.5,1805,"VI0721"
2,0,"NA",0,1741,"UP0806"
1,0,"NA",7,1767,"PI1319"
1,385,"1828",139,1781,"EI0340"
1,97,"1818",80,1769,"VI0673"
1,0,"1795",5,1768,"PI0329"
1,135,"1794",142,1739,"GH0582"
2,82,"1812",103,1786,"WO0469"
2,0,"1751",0,1714,"GS1859"
2,14,"1748",2.5,1718,"PI0380"
2,1,"1803",79.5,1772,"EI0952"
2,0,"1766",0,1719,"JE0515"
1,0,"1808",0,1766,"PI0674"
1,8.5,"1799",149,1751,"UP0431"
1,0,"1807",0,1766,"WO0582"
2,0,"1808",0,1778,"UP0559"
2,0,"1793",0,1760,"GH0620"
1,29,"1756",9,1731,"FR0858"
1,0,"1793",23,1738,"EI1076"
2,0,"1761",0,1726,"GH1437"
2,9.75,"1779",0,1752,"GH0437"
1,134.25,"NA",114,1815,"GI0568"
1,0,"1818",0,1793,"GH1466"
2,16.5,"1765",0,1729,"FR0623"
2,0,"1763",11,1732,"PE0961"
1,5,"NA",142.5,1781,"GS1791"
2,0,"1813",0,1787,"PI1884"
1,6.25,"1749",0,1712,"GS0741"
1,0,"1758",0,1730,"PI0955"
1,23,"1774",43.5,1735,"GS2893"
1,4.5,"1792",56.5,1757,"GH0204"
2,0,"1786",0,1743,"HW0520"
2,0,"1764",0,1719,"JE0082"
1,0,"1755",0,1712,"GS0741"
2,45,"1843",49,1810,"HW0463"
2,23,"1802",12,1779,"LP0388"
2,90,"1791",14,1755,"WO0671"
2,0,"1806",0,1775,"PI1308"
2,6,"1773",12,1734,"PE0911"
1,4,"1851",69.5,1812,"PI0128"
2,20,"1827",14,1797,"GH1568"
1,0,"1786",6.5,1751,"PI0823"
2,0,"1813",29,1781,"EI1366"
1,3,"1863",0,1822,"GS2257"
1,0,"1781",0,1755,"GH0132"
1,97.5,"1849",51.5,1807,"GI1054"
2,0,"1838",10,1813,"LP0213"
2,0,"1756",0,1735,"PI0599"
1,135,"1787",144,1758,"CN0141"
1,27,"1803",98,1753,"UP1155"
1,9,"1845",14,1792,"GS0012"
1,0,"NA",4,1758,"EI0729"
1,0,"1788",14,1760,"PI0706"
1,14,"1777",0,1742,"CN0380"
2,14.5,"1816",9.75,1791,"FR1135"
2,0,"1775",0,1748,"GS0635"
2,4.5,"1815",113,1792,"PI0114"
2,0,"1753",0,1717,"GH0683"
2,0,"1797",2.5,1752,"GI1003"
2,146,"1812",106,1789,"PI1076"
1,0,"1733",4,1704,"GI0848"
1,274,"NA",228.350006103516,1810,"GI0452"
2,0,"1798",0,1773,"JE0953"
2,0,"1762",0,1735,"PI1199"
1,0,"1848",0,1813,"GS2314"
2,0,"1810",0,1777,"GS0194"
2,247,"1843",146,1812,"PI2275"
1,90,"1761",154,1733,"PE0110"
2,221.600006103516,"1749",60,1710,"EI0124"
1,16,"1823",158,1790,"CN0275"
1,0,"1783",0,1735,"PI1136"
1,0,"1800",0,1766,"PI0674"
1,172,"1814",0,1776,"VI0765"
2,11.5,"1781",0,1727,"UP0451"
1,99.25,"1723",43,1697,"WO0488"
2,0,"1772",0,1743,"HW0251"
1,4,"1794",0,1753,"PI0198"
1,6,"1766",90,1732,"PE0819"
1,60.5,"1796",127.25,1761,"CI0409"
1,193,"1807",134,1781,"PI1154"
1,0,"NA",151,1756,"CH0559"
1,11,"1768",0,1744,"EI1488"
2,0,"1772",0,1737,"GS0928"
2,0,"1808",0,1783,"HW0911"
1,87,"1765",117.5,1716,"PI0192"
2,0,"NA",0,1755,"PI1434"
2,0,"1795",23,1774,"GS1050"
1,0,"1781",0,1742,"PI0996"
1,0,"1786",0,1762,"PI2181"
2,98,"1753",65,1732,"UP0379"
2,0,"1780",0,1752,"VI0526"
2,0,"1749",0,1728,"GS1019"
2,0,"1769",0,1741,"UP0806"
2,0,"1802",0,1770,"VI1674"
1,0,"1811",81.5,1780,"PI1999"
1,0,"NA",0,1762,"PI2181"
1,0,"1873",10,1828,"LP0165"
1,435,"1843",42.5,1809,"LP1846"
1,0,"1775",0,1734,"GS2736"
1,1,"1832",31.5,1799,"UT0582"
2,0,"1796",12,1762,"PE1386"
1,157,"1794",32,1758,"GI1346"
1,0,"1784",0,1754,"PI0027"
1,0,"1802",9,1776,"GS1800"
2,4.5,"1792",0,1753,"PI0198"
2,5,"1800",0,1772,"HW0985"
1,6,"1766",88.5,1729,"EI0931"
1,141,"1865",385,1828,"GH1585"
1,3,"NA",15,1760,"HI2984"
1,0,"1790",17,1748,"CN0691"
1,0,"1754",0,1710,"GS1243"
1,0,"1803",0,1775,"GS1346"
2,0,"NA",26,1801,"GH1567"
1,0,"1801",0,1774,"HW0061"
1,34.5,"NA",37,1747,"GS0518"
2,0,"1794",6,1762,"EI0973"
1,90.5,"NA",243,1756,"HW0186"
2,42,"1837",49,1810,"HW0463"
1,0,"1813",0,1788,"PI0878"
1,87,"1773",8,1744,"PE1809"
2,0,"1813",9,1788,"GS1801"
1,180,"1845",37,1813,"WZ0132"
1,0,"1849",3,1818,"GS0046"
2,0,"1764",2,1738,"PE0744"
2,2,"1809",33,1774,"PI0807"
2,9,"1863",0,1838,"GH0787"
1,0,"NA",0,1820,"GS0443"
1,2,"NA",318.799987792969,1784,"GI0312"
2,200,"1838",31.5,1801,"PI1588"
2,0,"1803",0,1778,"PI1818"
1,17.25,"1812",90.5,1765,"UT0401"
2,0,"1766",60.5,1737,"PE1182"
2,118,"1775",95,1743,"VI0671"
1,20,"1827",49,1796,"WO0626"
2,9,"1806",0,1783,"PE1681"
1,51.5,"1758",18,1723,"GS1384"
1,0,"1744",0,1707,"GH0657"
2,90,"1783",0,1751,"JE0464"
2,5,"1811",221.600006103516,1749,"GI0707"
2,0,"1794",4,1766,"HW0462"
1,16.5,"1851",16,1823,"LP0241"
2,0,"1760",22,1739,"GS1559"
1,0,"NA",30,1748,"LP0368"
2,0,"1790",6,1745,"PE1713"
1,0,"1786",0,1759,"PI0619"
1,0,"1794",0,1766,"PI0674"
2,0,"1763",0,1736,"GS0295"
2,0,"1730",0,1703,"GH0965"
2,0,"NA",0,1769,"UP0254"
2,10,"1769",46,1745,"CN0528"
1,0,"1821",0,1778,"GH0291"
1,14.5,"1816",28.8999996185303,1783,"FR0868"
2,9,"NA",11,1735,"PE0383"
2,180,"1845",10,1816,"VI1594"
1,118,"1775",100,1734,"PI2373"
1,15,"NA",49,1796,"WO0626"
2,0,"1829",0,1804,"CN0375"
2,90.5,"1765",88.5,1744,"CH0241"
1,0,"1838",0,1803,"GS0909"
2,65,"1766",126.75,1740,"VI1369"
2,0,"1776",0,1742,"CN0380"
1,142.5,"1845",135,1794,"PI1834"
1,45,"1782",85,1737,"VI0685"
1,2,"1842",0,1800,"CI0164"
1,6.25,"1730",11,1708,"GS1910"
2,0,"1806",0,1779,"EI1422"
2,0,"1777",0,1753,"VI0622"
2,0,"1752",0,1721,"JE0816"
2,0,"1855",0,1819,"LP0675"
2,0,"1788",6,1763,"PI0859"
1,0,"1754",0,1730,"PI1390"
2,7,"1769",0,1737,"GS0928"
2,0,"1775",0,1740,"GS0071"
2,4,"1830",0,1793,"GH1466"
1,0,"1794",63,1754,"EI0394"
2,0,"1806",0,1784,"GH0063"
1,0,"1825",11.75,1773,"FR0777"
2,0,"1772",0,1735,"PI1891"
1,0,"1815",9,1776,"GS1800"
1,13,"1813",40,1785,"LP0786"
2,74.5,"1753",66.5,1732,"FR0518"
2,228.350006103516,"1810",156.800003051758,1781,"CH0022"
2,6.5,"1837",77,1785,"GH1487"
2,135,"1787",116,1750,"WO0533"
2,54,"1820",0,1790,"HW1172"
1,6,"1763",6,1728,"PI0068"
2,148,"1845",146,1812,"PI2275"
1,0,"1775",0,1740,"PI2430"
1,0,"1797",0,1764,"GI0160"
1,3,"1816",3,1788,"PE1124"
2,11,"1778",0,1747,"PI1092"
2,193.5,"1867",31,1829,"GH1159"
2,0,"1774",112.5,1737,"HI0903"
1,7.5,"1792",0,1762,"CH0305"
2,168,"1816",2,1791,"EI1791"
1,164,"NA",243,1819,"UT1583"
2,0,"1760",0,1726,"GH1437"
2,0,"1765",9,1737,"GH0775"
2,19,"1735",0,1712,"GS1636"
1,0,"1760",0,1731,"GH0057"
2,46.5,"1751",0,1721,"JE0816"
2,3,"1755",0,1719,"PI0002"
1,156.360000610352,"NA",160,1809,"UP0889"
1,82,"1789",15,1750,"UT0756"
1,8,"1757",8,1719,"GS1140"
2,0,"1771",60,1737,"CN0345"
1,0,"1768",0,1743,"UP0810"
2,73,"1858",146,1827,"GS2602"
1,24,"1786",74.5,1753,"FR0205"
2,0,"1793",0,1760,"GI0748"
2,8.5,"1768",0,1747,"PI1952"
2,8,"1824",26,1801,"GH1567"
1,0,"1784",43,1750,"PE0924"
1,0,"1759",0,1737,"GI1209"
1,79,"1815",117.5,1786,"CH0447"
1,0,"1773",0,1743,"PI0340"
1,22.5,"1858",16,1823,"LP0241"
1,0,"1779",0,1753,"UP0452"
1,8,"1773",3,1745,"GH0718"
1,0,"1760",0,1732,"UP1214"
2,0,"1798",0,1761,"VI0517"
2,6,"1782",104,1740,"LP0770"
2,34,"1821",90,1791,"EI0278"
2,14,"1784",125,1753,"UT0024"
2,0,"1795",0,1769,"UT0460"
2,139.5,"1786",8,1757,"GS1135"
1,0,"1780",0,1749,"GS2356"
1,0,"1836",0,1798,"GS2194"
1,44.5,"1768",124.5,1733,"HI2269"
2,0,"1803",20,1755,"GS1770"
2,129,"1812",66.5,1777,"GH0494"
1,0,"1797",0,1761,"VI1004"
1,142,"1748",60,1710,"EI0124"
1,5,"1786",11,1738,"UT0178"
1,31.5,"1773",111,1736,"WO0623"
2,0.75,"1848",24,1799,"FR0569"
2,37,"NA",132,1785,"CI0038"
1,327,"1822",18,1790,"EI1458"
2,19,"1769",38,1740,"PI2146"
1,0,"1795",0,1755,"FR0371"
1,0,"1761",12,1721,"PI0600"
2,0,"1864",0,1831,"GS2480"
2,146,"1827",27,1801,"LP1969"
1,0,"1800",0,1764,"PI2512"
1,52,"1776",110,1749,"EI1638"
1,0,"1837",0,1800,"CI0164"
1,0,"1783",0,1754,"PE1672"
2,0,"NA",6,1763,"PI0859"
1,0,"1772",0,1742,"PI1327"
1,148,"1845",10,1816,"VI1594"
2,0,"1799",74.5,1753,"FR0205"
2,0,"1801",88,1772,"HI0727"
1,139.5,"1786",39.5,1758,"GS0801"
1,0,"1766",0,1730,"GH1165"
2,0,"1786",0,1756,"PI0085"
2,78,"1759",3,1729,"HI2948"
1,0,"1860",0,1817,"FR0227"
2,0,"1761",204,1731,"GH0406"
2,0,"1856",0,1818,"PI1977"
1,27,"1853",14,1797,"GH1568"
2,0,"NA",0,1735,"PI0599"
2,0,"1739",0,1708,"GS2055"
2,0,"1824",0,1794,"GH1484"
2,81.5,"1780",86.5,1754,"GH0462"
1,0,"1772",0,1731,"GS1326"
1,0,"1837",0,1810,"GI1416"
2,11,"1801",0,1776,"GH0030"
1,0,"1754",0,1729,"FR0687"
2,10.5,"1789",181,1746,"LP1487"
1,0,"1752",0,1718,"EI1222"
2,0,"1746",0,1720,"GS2744"
1,0,"1815",56.5,1783,"PI1971"
1,7.5,"1835",106,1792,"PI2195"
2,9,"1749",3,1713,"GH1923"
1,0,"1821",4.25,1782,"FR0125"
1,0,"1761",0,1731,"EI1593"
1,86,"1781",23,1738,"EI1076"
2,27,"1853",82,1789,"UT0840"
2,0,"1747",13.5,1723,"GS1478"
1,0,"1799",0,1775,"PI1816"
1,106,"1764",0,1730,"GI1844"
2,73,"1759",31,1733,"LP1042"
2,11,"1766",104,1740,"LP0770"
2,0,"1777",0,1736,"GS1041"
2,89.6999969482422,"1838",148.199996948242,1816,"FR0836"
2,3,"1807",21,1778,"PE0421"
1,3,"1744",0,1711,"GS2667"
2,0,"1875",0,1838,"LP1568"
2,0,"1804",7,1769,"PI1831"
1,0,"1790",0,1765,"GS1297"
2,0,"1793",0,1759,"PI0364"
2,2,"1760",6,1735,"PE1712"
1,0,"1805",0,1772,"PI2179"
2,13.5,"1755",8,1719,"GS1140"
1,0,"1796",46,1756,"EI0429"
2,135,"1794",99.5,1768,"PI1984"
2,0,"1781",18,1741,"PE1699"
1,0,"1808",0,1767,"UP0961"
2,134.5,"1826",126,1792,"VI0201"
1,0,"NA",0,1734,"GS1483"
1,0,"1765",0,1732,"PI1251"
2,2,"1845",106,1811,"HW0618"
2,198,"NA",193.5,1765,"PI1133"
1,63.75,"1841",51.5,1807,"GI1054"
2,4,"1773",143,1743,"PI2360"
1,0,"1803",0,1760,"GH0342"
2,118,"NA",0,1764,"LP0399"
2,0,"1761",0,1737,"PI1106"
2,0,"1797",0,1765,"HW1214"
1,187,"NA",149,1751,"UP0431"
1,6,"1782",17,1747,"LP0620"
1,0,"1757",0,1732,"GH0285"
1,61.5,"1841",162.75,1777,"FR0066"
2,0,"1775",0,1753,"GS1195"
2,0,"1779",2,1745,"PE0705"
2,0,"1856",13,1813,"LP0802"
1,100.5,"1781",181,1746,"LP1487"
2,36,"1801",87,1773,"PE1811"
1,0,"1787",0,1759,"GS2528"
1,88.25,"1812",137,1782,"GI0330"
2,6,"NA",0,1740,"EI0905"
1,85,"NA",95,1743,"VI0671"
1,0,"1740",50,1699,"GS0639"
1,11,"1740",0,1711,"GS2011"
1,0,"1794",0,1760,"UP0808"
2,0,"NA",7,1769,"PI1831"
1,11.25,"1824",8.25,1780,"GI1436"
2,0,"1779",0,1743,"HW0520"
1,0,"1865",0,1834,"GH0159"
2,0,"1746",0.5,1717,"GI0011"
2,0,"1763",5,1740,"PE0264"
1,0,"1786",0,1739,"UP0989"
1,0,"1797",0,1766,"GS1042"
2,106,"1792",97,1766,"PI1944"
2,12,"1784",8,1757,"GS1135"
1,0,"1758",0,1726,"GI1778"
2,0,"1753",70,1726,"GH0400"
2,13,"1740",45,1704,"WO0489"
2,16,"1793",2.5,1759,"EI0819"
1,15,"1833",10.5,1789,"LP0078"
1,104,"1796",80,1769,"VI0673"
2,0,"1775",0,1749,"UT1485"
2,0,"NA",127,1714,"GS2695"
2,5,"1808",144,1769,"CN0142"
1,89,"NA",111,1736,"WO0623"
1,0,"1806",0,1772,"PI1685"
2,0,"1797",0,1765,"PI0228"
1,106,"1789",86.5,1754,"GH0462"
2,91.5,"1796",4.5,1750,"EI0933"
2,0,"1786",0,1746,"PI0666"
1,147.75,"NA",318.799987792969,1784,"GI0312"
2,9,"1777",0,1735,"EI1444"
2,90.25,"1772",71.25,1743,"GI1157"
2,0,"1814",0,1778,"PI0864"
1,148,"1818",132,1775,"UP0698"
2,0,"1792",125,1753,"UT0024"
1,0,"1804",0,1772,"PI2179"
2,0,"1807",0,1782,"GS1076"
1,0,"1787",0,1763,"UT0306"
1,209,"1813",90.5,1765,"UT0401"
2,0,"1768",9,1731,"FR0858"
2,0,"1744",12,1722,"EI0807"
1,0,"1756",0,1719,"PI0002"
2,170,"1851",168,1816,"EI0528"
2,0,"1762",13,1740,"WO0098"
1,61.5,"1826",162.75,1777,"FR0066"
1,0,"1779",37.5,1748,"PI1987"
1,0,"1799",0,1769,"GS0771"
2,0,"1802",0,1767,"CH0348"
2,0,"1773",0,1732,"HW0038"
1,19,"1737",0,1695,"GS2378"
2,0,"1811",5,1795,"PI0309"
2,0,"1782",2,1744,"UT0898"
2,0,"1862",0,1831,"CN0452"
2,130,"1830",133.5,1801,"VI0405"
2,18,"1772",18,1748,"GI1130"
2,0,"1773",0,1732,"HW0038"
1,0,"NA",13.5,1755,"GS1015"
2,0,"1759",0,1717,"PI1108"
2,0,"1792",1,1769,"GS1544"
1,0,"1794",0,1767,"GI1840"
2,0,"1780",0,1747,"VI1362"
2,57,"1782",8,1759,"GS1730"
1,0,"1863",0,1821,"GH1932"
1,0,"1772",26,1735,"UT0405"
2,0,"1803",0,1774,"GH1047"
2,282,"1835",96.5,1814,"HW0460"
1,0,"1775",0,1748,"PI1375"
2,0,"1784",128,1745,"GH0007"
2,0,"1754",4.75,1732,"GI1566"
2,0,"1792",0,1756,"FR0458"
2,0,"NA",2.5,1736,"PE0038"
1,0,"1750",10,1719,"GH0745"
2,0,"1819",0,1796,"GS1044"
2,88.25,"1782",109,1755,"PI1946"
1,0,"1755",0,1726,"GH1437"
2,318.799987792969,"1784",172,1765,"GI1116"
2,10,"1763",10,1737,"UT0659"
1,169,"1835",0,1809,"GH1610"
1,37.9000015258789,"1848",148.199996948242,1816,"FR0836"
1,46,"1816",34,1778,"EI0210"
2,56,"1770",83,1744,"GS1687"
1,12,"1732",4,1702,"GH0497"
1,6,"1782",82.5,1747,"UT0690"
1,142.5,"1813",33,1774,"PI0807"
1,0,"1743",0,1710,"GH0510"
1,0,"1777",0,1743,"EI0382"
2,102,"1848",49,1810,"HW0463"
2,0,"1777",3,1743,"PE1671"
1,3,"1836",116.5,1801,"GH0689"
2,0,"1825",109,1790,"CI0211"
2,8,"1726",0,1692,"GH0289"
1,0,"1748",0,1717,"JE0002"
2,240,"1855",270,1829,"PI2140"
1,0,"1800",0,1771,"CN0367"
1,0,"1803",0,1775,"UT0889"
1,0,"1781",0,1740,"PI2333"
1,0,"1757",0,1730,"GI1844"
1,18,"1760",206.25,1731,"GI0627"
1,6,"NA",11,1766,"EI1298"
2,0,"1852",0,1813,"GS2314"
1,138,"1860",10,1816,"VI1594"
2,0,"1778",0,1732,"UP0986"
1,0,"1792",15,1750,"UT0756"
2,0,"1747",0,1716,"PI0795"
1,103,"1796",49,1773,"UT0806"
1,0,"1760",0,1733,"GI0851"
2,14,"1760",27,1735,"PI1333"
1,0,"1798",0,1774,"GS1239"
2,0,"1779",27,1735,"PI1333"
2,0,"1758",0,1731,"EI1593"
2,0,"1798",0,1772,"HW0311"
1,0,"NA",17,1748,"CN0691"
2,0,"1794",16,1769,"GS2533"
2,148,"1792",127.25,1761,"CI0409"
1,0,"1752",1,1729,"VI1109"
1,5,"NA",0,1784,"HW0726"
2,8,"1778",0,1755,"VI1390"
1,0,"1772",8,1733,"GH1632"
1,0,"1818",55,1757,"UP0047"
1,190,"1787",165,1748,"UP0924"
1,0,"1803",0,1764,"HW0157"
2,129,"1802",162.75,1777,"FR0066"
2,0,"1732",60,1710,"EI0124"
1,0,"1796",17,1748,"CN0691"
2,4.5,"1750",0,1717,"PI1632"
2,0,"1796",37.5,1764,"PI1988"
2,1,"1824",14,1792,"GS0012"
1,0,"1762",11,1735,"PE0383"
1,153.5,"1768",171,1729,"GH0086"
1,0,"1820",0,1786,"FR0175"
2,0,"1748",88.5,1729,"EI0931"
1,13.5,"NA",0,1694,"GH1639"
2,0,"1792",0,1767,"UP0536"
2,0,"1821",0,1799,"FR0453"
1,77,"1779",188.5,1751,"UT0018"
2,70,"1797",9,1762,"GH0390"
1,133.5,"1801",115,1757,"VI0590"
1,151,"1787",46,1745,"CN0528"
1,8,"1769",0,1733,"VI0312"
1,36,"1810",196,1764,"GH0352"
2,14,"1755",31,1733,"LP1042"
2,11,"1777",0,1751,"GH0432"
2,134,"1758",80,1735,"PI1238"
2,0,"1800",0,1777,"GS0363"
2,97,"1818",106,1792,"PI2195"
2,73.5,"1808",318.799987792969,1784,"GI0312"
2,5.5,"1771",27,1735,"PI1333"
1,18.5,"1818",80,1769,"VI0673"
1,0,"1745",0,1714,"GS2232"
1,0,"1782",0,1750,"GS1611"
1,0,"1789",0,1755,"GS1737"
1,0,"NA",0,1767,"UP0961"
2,142.600006103516,"1820",10.5,1789,"LP0078"
1,4,"1753",0,1716,"PI1421"
1,0,"NA",18,1759,"PI0358"
2,8,"1759",179.75,1734,"GI1225"
1,7.5,"1788",13.5,1758,"FR0083"
1,0,"1774",0,1743,"PI0533"
2,65,"1791",53,1767,"CH0175"
2,51,"1766",146,1744,"LP1736"
1,0,"1759",12,1732,"GH0006"
1,14.5,"1812",85,1780,"PI0689"
1,0,"NA",0,1753,"PI1376"
2,151,"1804",158,1783,"UP0502"
1,28.5,"1870",134.5,1826,"VI0778"
2,0,"1812",3,1777,"GS0137"
1,81.5,"NA",81.5,1751,"PI0019"
1,0,"1830",0,1795,"GI0866"
1,5,"1869",0,1838,"LP1568"
1,2.5,"NA",0,1732,"PE1805"
1,0,"1731",26,1694,"GH1317"
1,56,"1767",100,1734,"PI2373"
1,136.5,"NA",144,1768,"HW0651"
1,5,"1743",0,1710,"GH0510"
1,225,"1834",133.5,1801,"VI0405"
2,0,"1743",0,1712,"WO0684"
2,0,"1782",0,1759,"PI0346"
2,0,"NA",0,1742,"PI1005"
1,98,"1753",168,1713,"UP0892"
1,0,"NA",0,1703,"GH1221"
2,6,"1775",71.25,1743,"GI1157"
2,2.5,"1764",0,1730,"GI0089"
2,129,"1794",110,1765,"PE0054"
2,164,"NA",394,1838,"HW1076"
2,0,"1773",2.5,1736,"PE0038"
1,11,"1777",8,1753,"GH1732"
1,132,"1785",134,1756,"CI0033"
1,122.5,"1785",137.5,1760,"HI2914"
1,2,"1841",0,1810,"GS1507"
1,0,"NA",0,1742,"PI1327"
1,0,"1778",0,1753,"GH1003"
1,0,"1794",0,1769,"GH0874"
2,60,"1867",192,1828,"GH0878"
2,6,"1766",154,1733,"PE0110"
1,129,"1837",57,1782,"GS0979"
2,0,"1806",85,1737,"VI0685"
2,16,"1756",0,1731,"EI1201"
2,10,"1719",5,1696,"GH0069"
2,97.5,"1849",157,1815,"UT0928"
2,0,"NA",0,1753,"GH1890"
2,100,"1734",127,1714,"GS2695"
2,0,"1811",7,1767,"PI1319"
2,0,"1764",0,1739,"GI0532"
2,130,"1844",145.600006103516,1804,"GI0453"
1,37,"1813",77,1791,"UT0579"
2,0,"1775",0,1743,"GI0630"
1,0,"NA",7,1799,"GI2166"
2,0,"1800",6,1762,"EI0973"
1,0,"1751",0,1716,"PI0817"
1,0,"1849",0,1810,"WZ0146"
1,4.5,"1798",34,1758,"HI3108"
2,4,"1780",0,1753,"GH1890"
2,0,"1783",0,1742,"PI0996"
2,0,"1784",0,1752,"HW1001"
2,2,"1791",99.5,1768,"PI1984"
2,0,"1778",0,1742,"PI1005"
1,27,"1837",82,1789,"UT0840"
1,0,"1820",0,1779,"GS1744"
2,0,"1782",8.5,1751,"EI1206"
2,0,"1838",0,1799,"JE0839"
2,0,"1814",0,1792,"FR1274"
1,29,"1789",29,1752,"WO0631"
1,6,"1774",6,1745,"PE1713"
1,0,"1754",0,1717,"GH0683"
2,3,"1859",0,1819,"PI0537"
1,54,"1820",126.75,1781,"VI0544"
1,16.5,"1765",60,1737,"CN0345"
2,0,"1833",0,1798,"VI0740"
2,94.5,"1794",127.5,1761,"UT1058"
2,0,"1751",13,1731,"PE1845"
1,0,"1782",0,1734,"PI1124"
2,0,"1791",4,1755,"PI2474"
2,0,"1800",0,1758,"GS2739"
2,4,"1832",16,1795,"HW0881"
1,0,"1789",0,1748,"EI1152"
2,0,"1803",0,1766,"HW1267"
2,97,"1793",134.5,1767,"PE0605"
2,90,"1767",111,1736,"WO0623"
1,0,"1863",0,1831,"PI0501"
