"male","outdegp","indegp","indeg","outdeg","age","agetodayf","agetodaym","ageatdeathf","ageatdeathm","fid","mid"
1,NA,NA,9,14,59.4799995422363,NA,NA,NA,NA,NA,NA
0,NA,NA,12,13,59.0699996948242,NA,NA,NA,NA,NA,NA
1,NA,NA,11,2,75.2399978637695,NA,NA,NA,NA,NA,NA
0,NA,NA,9,14,52.439998626709,NA,NA,NA,NA,NA,NA
1,NA,NA,11,12,66.4899978637695,NA,NA,NA,NA,NA,NA
0,NA,NA,13,18,31.1299991607666,NA,NA,NA,NA,NA,NA
1,NA,NA,6,2,46.0499992370605,NA,NA,NA,NA,NA,NA
1,NA,NA,11,9,64.2300033569336,NA,NA,NA,NA,NA,NA
0,NA,NA,10,14,23.3700008392334,NA,NA,NA,NA,NA,NA
0,1,9,8,11,50.5699996948242,75.0699996948242,81.620002746582,71,NA,"lnkmq","rhexx"
1,12,10,10,4,33.1599998474121,67.7699966430664,61.3899993896484,NA,NA,"t634i","i7igx"
1,NA,NA,9,13,64.6100006103516,NA,NA,NA,NA,NA,NA
1,NA,NA,6,8,60.7000007629395,NA,NA,NA,NA,NA,NA
1,NA,NA,16,18,63.2099990844727,NA,NA,NA,NA,NA,NA
1,NA,NA,15,19,49.4199981689453,NA,NA,NA,NA,NA,NA
1,NA,NA,6,8,69.9899978637695,NA,NA,NA,NA,NA,NA
0,17,12,6,2,44.3199996948242,66.6500015258789,65.6800003051758,NA,NA,"dacdl","ezehb"
0,NA,NA,4,0,40.5200004577637,NA,NA,NA,NA,NA,NA
1,12,14,5,9,24.1800003051758,64.9199981689453,50.3400001525879,NA,NA,"g7qmh","n3f7e"
0,NA,NA,5,0,50.0200004577637,NA,NA,NA,NA,NA,NA
1,NA,NA,4,7,70,NA,NA,NA,NA,NA,NA
0,17,19,11,15,38.1399993896484,64.5699996948242,61.1199989318848,NA,NA,"ckc0g","vyrpd"
0,13,9,10,13,39.0099983215332,64.6100006103516,68.1999969482422,NA,NA,"r9uqr","zejzm"
0,NA,NA,9,12,52.5699996948242,NA,NA,NA,NA,NA,NA
1,NA,NA,8,9,56.4799995422363,NA,NA,NA,NA,NA,NA
1,NA,NA,10,17,47.2099990844727,NA,NA,NA,NA,NA,NA
1,NA,NA,12,13,54.1500015258789,NA,NA,NA,NA,NA,NA
1,19,15,6,8,24.1800003051758,49.4199981689453,52.5800018310547,NA,49,"d3kq5","dqsaa"
0,6,7,11,11,33.1300010681152,66.4000015258789,70.1100006103516,42.2000007629395,NA,"mu69a","jwv6m"
0,1,9,7,2,55.310001373291,75.0699996948242,81.620002746582,71,NA,"lnkmq","rhexx"
1,NA,NA,6,0,58.4799995422363,NA,NA,NA,NA,NA,NA
1,0,5,4,4,36.0099983215332,NA,66.879997253418,NA,NA,"h0nty","roeah"
1,11,9,11,15,38.2799987792969,68.9400024414062,72.7600021362305,NA,NA,"n1mcb","yfec1"
0,NA,NA,16,0,43.1699981689453,NA,NA,NA,NA,NA,NA
0,7,8,6,7,41.6800003051758,80.5999984741211,81.4000015258789,NA,67.2300033569336,"ardr6","u98ks"
0,NA,NA,13,14,52.8600006103516,NA,NA,NA,NA,NA,NA
0,5,12,13,9,33.8199996948242,62.5800018310547,58.9700012207031,NA,NA,"xpf6g","nxjx0"
1,NA,NA,9,12,59.9799995422363,NA,NA,NA,NA,NA,NA
0,NA,NA,9,5,34.4900016784668,NA,NA,NA,NA,NA,NA
0,20,13,12,15,39.1500015258789,80.2900009155273,78.1699981689453,46.0800018310547,NA,"iudc5","aqke1"
0,NA,NA,9,1,56.0699996948242,NA,NA,NA,NA,NA,NA
0,NA,NA,7,0,52.4199981689453,NA,NA,NA,NA,NA,NA
0,NA,NA,11,10,21.6200008392334,NA,NA,NA,NA,NA,NA
0,0,6,9,12,29.7299995422363,83.6500015258789,69.879997253418,83.4899978637695,NA,"kemfh","t2t1p"
1,NA,NA,6,13,60.2200012207031,NA,NA,NA,NA,NA,NA
0,NA,NA,13,17,17.25,NA,NA,NA,NA,NA,NA
1,NA,NA,8,9,65.2099990844727,NA,NA,NA,NA,NA,NA
1,NA,NA,10,5,67.879997253418,NA,NA,NA,NA,NA,NA
1,NA,NA,7,10,46.1800003051758,NA,NA,NA,NA,NA,NA
0,NA,NA,9,1,79.0100021362305,NA,NA,NA,NA,NA,NA
0,NA,NA,7,10,43.5400009155273,NA,NA,NA,NA,NA,NA
0,17,19,13,14,36.2900009155273,64.5699996948242,61.1199989318848,NA,NA,"ckc0g","vyrpd"
1,NA,NA,9,12,69.3300018310547,NA,NA,NA,NA,NA,NA
1,NA,NA,11,11,64.2099990844727,NA,NA,NA,NA,NA,NA
0,NA,NA,7,10,73.2699966430664,NA,NA,NA,NA,NA,NA
0,NA,NA,6,10,60.9000015258789,NA,NA,NA,NA,NA,NA
0,1,9,8,9,52.8199996948242,77.7900009155273,79.0100021362305,NA,NA,"w38k1","ni7wj"
1,12,10,12,15,47.3600006103516,72.4300003051758,72.4300003051758,NA,NA,"da1ox","gmsrp"
0,NA,NA,10,4,26.8899993896484,NA,NA,NA,NA,NA,NA
1,NA,NA,6,6,70.25,NA,NA,NA,NA,NA,NA
1,13,11,8,7,33.6300010681152,64.2799987792969,62.9300003051758,NA,NA,"oijar","onqdh"
1,3,5,4,11,33.4500007629395,72.9300003051758,60.0900001525879,NA,NA,"zgxpr","blo6b"
0,NA,NA,10,11,48.4000015258789,NA,NA,NA,NA,NA,NA
1,NA,NA,18,21,58.8899993896484,NA,NA,NA,NA,NA,NA
0,NA,NA,14,0,48.810001373291,NA,NA,NA,NA,NA,NA
0,NA,NA,6,7,50.6500015258789,NA,NA,NA,NA,NA,NA
0,NA,NA,3,13,62.0099983215332,NA,NA,NA,NA,NA,NA
1,NA,NA,8,8,82.25,NA,NA,NA,NA,NA,NA
1,NA,NA,5,13,43.5,NA,NA,NA,NA,NA,NA
1,8,7,9,15,34,62.5400009155273,63.5099983215332,55.0400009155273,NA,"lpqda","uwtzh"
0,NA,NA,7,6,65.5299987792969,NA,NA,NA,NA,NA,NA
0,NA,NA,8,9,25.4500007629395,NA,NA,NA,NA,NA,NA
1,NA,NA,31,48,52.9599990844727,NA,NA,NA,NA,NA,NA
1,17,19,13,16,26.7999992370605,64.5699996948242,61.1199989318848,NA,NA,"ckc0g","vyrpd"
0,NA,NA,10,2,85.7300033569336,NA,NA,NA,NA,NA,NA
1,NA,NA,5,7,48.6500015258789,NA,NA,NA,NA,NA,NA
0,NA,NA,7,11,63.7999992370605,NA,NA,NA,NA,NA,NA
0,NA,NA,6,0,59.1599998474121,NA,NA,NA,NA,NA,NA
1,NA,NA,10,16,38.0200004577637,NA,NA,NA,NA,NA,NA
1,12,9,7,12,26.4799995422363,49.4199981689453,52.5699996948242,NA,NA,"h8iij","sno4w"
0,NA,NA,9,13,68.1999969482422,NA,NA,NA,NA,NA,NA
0,7,9,7,11,27.9799995422363,64.0199966430664,65.2600021362305,42.6300010681152,NA,"rqbu3","g046f"
0,NA,NA,18,21,57.5,NA,NA,NA,NA,NA,NA
1,11,7,13,17,31.7199993133545,66.9000015258789,63.7999992370605,60,NA,"lnv2v","bti2x"
1,NA,NA,9,11,68.9400024414062,NA,NA,NA,NA,NA,NA
0,NA,NA,9,1,81.620002746582,NA,NA,NA,NA,NA,NA
0,NA,NA,13,22,56.9900016784668,NA,NA,NA,NA,NA,NA
0,NA,NA,14,32,41.8699989318848,NA,NA,NA,NA,NA,NA
0,NA,NA,11,12,69.3899993896484,NA,NA,NA,NA,NA,NA
1,8,7,7,11,37.8400001525879,62.5400009155273,63.5099983215332,55.0400009155273,NA,"lpqda","uwtzh"
1,7,8,9,11,54.3199996948242,80.5999984741211,84,NA,40,"ardr6","bpkb1"
0,9,8,4,4,36.3199996948242,65.2099990844727,67.8099975585938,NA,36.810001373291,"k3syj","m7f7l"
0,26,22,10,12,34.1100006103516,63.3400001525879,66.4700012207031,NA,NA,"z0c51","m8io8"
0,NA,NA,13,10,43.060001373291,NA,NA,NA,NA,NA,NA
0,NA,NA,13,8,58.1399993896484,NA,NA,NA,NA,NA,NA
1,NA,NA,6,10,72.5800018310547,NA,NA,NA,NA,NA,NA
1,9,13,11,11,38.1699981689453,66.6399993896484,66.120002746582,NA,NA,"lge7y","m5cr4"
1,NA,NA,11,2,51.3499984741211,NA,NA,NA,NA,NA,NA
0,NA,NA,9,7,65.2600021362305,NA,NA,NA,NA,NA,NA
0,NA,NA,6,8,31.4599990844727,NA,NA,NA,NA,NA,NA
1,NA,NA,6,7,57.9900016784668,NA,NA,NA,NA,NA,NA
0,NA,NA,5,4,62.0400009155273,NA,NA,NA,NA,NA,NA
0,NA,NA,8,0,84.1900024414062,NA,NA,NA,NA,NA,NA
0,NA,NA,7,0,78.2799987792969,NA,NA,NA,NA,NA,NA
1,24,19,16,25,43.310001373291,65.0999984741211,65.0100021362305,NA,NA,"so9ie","dmmws"
0,NA,NA,10,17,44.3300018310547,NA,NA,NA,NA,NA,NA
0,NA,NA,15,2,35.9799995422363,NA,NA,NA,NA,NA,NA
0,NA,NA,8,6,64.1500015258789,NA,NA,NA,NA,NA,NA
0,NA,NA,10,11,48.2299995422363,NA,NA,NA,NA,NA,NA
0,11,10,13,16,27.1000003814697,53.1500015258789,59.4599990844727,NA,NA,"ajn7p","fqkza"
0,11,8,5,7,54.3600006103516,83.9899978637695,84.8600006103516,NA,NA,"xdwod","tywtw"
0,NA,NA,10,12,36.7299995422363,NA,NA,NA,NA,NA,NA
0,NA,NA,23,19,46.7000007629395,NA,NA,NA,NA,NA,NA
0,NA,NA,7,2,67.879997253418,NA,NA,NA,NA,NA,NA
0,29,26,13,14,29.3500003814697,59.6300010681152,54.8800010681152,NA,NA,"ig9h9","gp25h"
0,NA,NA,11,14,40.1399993896484,NA,NA,NA,NA,NA,NA
0,NA,NA,23,22,71.3000030517578,NA,NA,NA,NA,NA,NA
0,5,14,8,11,32.5499992370605,60.939998626709,61.0999984741211,45.8600006103516,NA,"lv1kg","t4ncz"
0,NA,NA,13,20,78.1699981689453,NA,NA,NA,NA,NA,NA
0,NA,NA,15,2,69.5199966430664,NA,NA,NA,NA,NA,NA
0,NA,NA,7,8,63.5099983215332,NA,NA,NA,NA,NA,NA
0,NA,NA,7,5,26.2600002288818,NA,NA,NA,NA,NA,NA
1,NA,NA,5,7,54.2799987792969,NA,NA,NA,NA,NA,NA
1,NA,NA,12,16,35.2000007629395,NA,NA,NA,NA,NA,NA
1,NA,NA,9,10,53.0499992370605,NA,NA,NA,NA,NA,NA
0,NA,NA,13,17,61.2400016784668,NA,NA,NA,NA,NA,NA
1,NA,NA,16,32,37.7999992370605,NA,NA,NA,NA,NA,NA
0,12,9,12,14,43.8800010681152,69.3300018310547,73.3300018310547,NA,NA,"h56se","b7s0c"
1,5,5,9,11,37.5400009155273,63.2599983215332,63.1100006103516,NA,NA,"uwfwl","pxm4l"
1,NA,NA,9,11,39.0299987792969,NA,NA,NA,NA,NA,NA
1,NA,NA,8,14,62.6300010681152,NA,NA,NA,NA,NA,NA
0,NA,NA,9,7,73.7099990844727,NA,NA,NA,NA,NA,NA
1,NA,NA,7,1,74.1399993896484,NA,NA,NA,NA,NA,NA
0,NA,NA,7,0,56.0099983215332,NA,NA,NA,NA,NA,NA
1,NA,NA,8,0,28.9400005340576,NA,NA,NA,NA,NA,NA
0,NA,NA,6,16,80.1900024414062,NA,NA,NA,NA,NA,NA
1,NA,NA,7,6,67.7200012207031,NA,NA,NA,NA,NA,NA
0,NA,NA,5,7,79.0100021362305,NA,NA,NA,NA,NA,NA
0,NA,NA,6,8,67.5100021362305,NA,NA,NA,NA,NA,NA
0,NA,NA,19,24,65.0100021362305,NA,NA,NA,NA,NA,NA
1,NA,NA,15,16,60.4199981689453,NA,NA,NA,NA,NA,NA
1,NA,NA,10,11,65.3399963378906,NA,NA,NA,NA,NA,NA
1,57,28,14,15,29.3899993896484,58.5400009155273,61.0299987792969,NA,NA,"eurf6","d2m70"
0,NA,NA,11,9,38.9599990844727,NA,NA,NA,NA,NA,NA
0,22,23,10,16,41.1800003051758,72.4199981689453,71.3000030517578,NA,NA,"k72pe","xsy4x"
0,NA,NA,4,2,65.5599975585938,NA,NA,NA,NA,NA,NA
0,8,13,7,5,28.9200000762939,63.6100006103516,58.1399993896484,NA,NA,"loteh","lar2v"
0,NA,NA,5,0,74.5699996948242,NA,NA,NA,NA,NA,NA
0,0,0,7,9,50.4799995422363,77.870002746582,80.0999984741211,NA,76,"i3prn","iawty"
1,NA,NA,5,5,63.2599983215332,NA,NA,NA,NA,NA,NA
0,NA,NA,7,6,70.1100006103516,NA,NA,NA,NA,NA,NA
1,16,6,14,32,47.9199981689453,74.3099975585938,80.1900024414062,NA,NA,"ihdaf","lg6yv"
0,NA,NA,12,1,34.4500007629395,NA,NA,NA,NA,NA,NA
1,NA,NA,9,1,77.7900009155273,NA,NA,NA,NA,NA,NA
0,NA,NA,5,6,73.8899993896484,NA,NA,NA,NA,NA,NA
0,NA,NA,4,7,62.7000007629395,NA,NA,NA,NA,NA,NA
0,6,7,13,17,30.3899993896484,67.7200012207031,65.5299987792969,NA,NA,"jloo0","obpg7"
0,NA,NA,18,53,55.6500015258789,NA,NA,NA,NA,NA,NA
0,6,6,8,7,34.810001373291,70.25,74.8600006103516,NA,NA,"nenyj","edhgy"
0,NA,NA,19,1,36.9900016784668,NA,NA,NA,NA,NA,NA
1,NA,NA,6,7,38.560001373291,NA,NA,NA,NA,NA,NA
0,NA,NA,8,0,65.870002746582,NA,NA,NA,NA,NA,NA
0,NA,NA,11,13,62.9300003051758,NA,NA,NA,NA,NA,NA
0,NA,NA,9,11,39.3300018310547,NA,NA,NA,NA,NA,NA
1,NA,NA,19,21,80.2200012207031,NA,NA,NA,NA,NA,NA
1,NA,NA,15,30,61.0400009155273,NA,NA,NA,NA,NA,NA
0,NA,NA,13,8,23.0400009155273,NA,NA,NA,NA,NA,NA
0,24,19,18,18,36.9500007629395,65.0999984741211,65.0100021362305,NA,NA,"so9ie","dmmws"
1,NA,NA,6,2,73.4899978637695,NA,NA,NA,NA,NA,NA
1,24,19,10,14,28.6000003814697,65.0999984741211,65.0100021362305,NA,NA,"so9ie","dmmws"
1,10,9,12,17,66.6500015258789,89.9100036621094,88.6600036621094,86,NA,"i16re","vos8u"
1,NA,NA,9,10,50.8199996948242,NA,NA,NA,NA,NA,NA
1,NA,NA,10,12,67.7699966430664,NA,NA,NA,NA,NA,NA
1,12,10,11,11,30.8899993896484,67.7699966430664,61.3899993896484,NA,NA,"t634i","i7igx"
0,NA,NA,11,2,40.75,NA,NA,NA,NA,NA,NA
1,NA,NA,10,12,49.8800010681152,NA,NA,NA,NA,NA,NA
0,NA,NA,6,2,74.879997253418,NA,NA,NA,NA,NA,NA
0,9,13,12,14,24.6700000762939,66.6399993896484,66.120002746582,NA,NA,"lge7y","m5cr4"
1,1,6,9,14,50.3600006103516,83.120002746582,80.7699966430664,69.3899993896484,NA,"biw7n","c5ulo"
0,NA,NA,8,0,45.7200012207031,NA,NA,NA,NA,NA,NA
1,NA,NA,10,0,53.3499984741211,NA,NA,NA,NA,NA,NA
0,18,12,14,15,30.7099990844727,59.4599990844727,65.4199981689453,NA,NA,"sxjix","jx4fj"
1,NA,NA,20,27,57.6399993896484,NA,NA,NA,NA,NA,NA
0,NA,NA,4,5,25.8799991607666,NA,NA,NA,NA,NA,NA
1,NA,NA,13,8,58.5999984741211,NA,NA,NA,NA,NA,NA
0,NA,NA,9,7,55.7000007629395,NA,NA,NA,NA,NA,NA
1,NA,NA,24,30,54.7999992370605,NA,NA,NA,NA,NA,NA
0,NA,NA,2,0,33.9900016784668,NA,NA,NA,NA,NA,NA
0,NA,NA,22,26,66.4700012207031,NA,NA,NA,NA,NA,NA
1,5,10,11,14,37.8400001525879,67.879997253418,70.7399978637695,NA,NA,"wgcv3","vzdmj"
0,NA,NA,10,7,61.9300003051758,NA,NA,NA,NA,NA,NA
1,24,19,13,18,31.3299999237061,65.0999984741211,65.0100021362305,NA,NA,"so9ie","dmmws"
0,NA,NA,5,10,42.1699981689453,NA,NA,NA,NA,NA,NA
1,NA,NA,7,0,55.7599983215332,NA,NA,NA,NA,NA,NA
1,NA,NA,10,14,52.6800003051758,NA,NA,NA,NA,NA,NA
1,0,9,9,12,33.4099998474121,70.7799987792969,75.2900009155273,42.4599990844727,NA,"ehjn5","rblc8"
0,NA,NA,9,1,46.4000015258789,NA,NA,NA,NA,NA,NA
0,NA,NA,1,4,61.2000007629395,NA,NA,NA,NA,NA,NA
0,NA,NA,6,2,74.3000030517578,NA,NA,NA,NA,NA,NA
0,20,13,12,18,43.2799987792969,80.2900009155273,78.1699981689453,46.0800018310547,NA,"iudc5","aqke1"
1,12,10,7,12,37.1100006103516,72.4300003051758,72.4300003051758,NA,NA,"da1ox","gmsrp"
0,NA,NA,9,14,49.25,NA,NA,NA,NA,NA,NA
0,NA,NA,10,11,74.2399978637695,NA,NA,NA,NA,NA,NA
0,NA,NA,11,10,59.1500015258789,NA,NA,NA,NA,NA,NA
0,NA,NA,9,12,73.3300018310547,NA,NA,NA,NA,NA,NA
1,NA,NA,8,12,64.3399963378906,NA,NA,NA,NA,NA,NA
1,NA,NA,13,17,57.9900016784668,NA,NA,NA,NA,NA,NA
1,NA,NA,18,53,45.7900009155273,NA,NA,NA,NA,NA,NA
0,NA,NA,4,8,66.629997253418,NA,NA,NA,NA,NA,NA
0,NA,NA,5,7,59.8899993896484,NA,NA,NA,NA,NA,NA
1,NA,NA,11,10,26.8899993896484,NA,NA,NA,NA,NA,NA
1,NA,NA,7,10,73.4199981689453,NA,NA,NA,NA,NA,NA
0,NA,NA,7,1,32.8800010681152,NA,NA,NA,NA,NA,NA
0,NA,NA,10,12,50.5999984741211,NA,NA,NA,NA,NA,NA
0,NA,NA,9,22,52.5900001525879,NA,NA,NA,NA,NA,NA
1,NA,NA,0,0,77.870002746582,NA,NA,NA,NA,NA,NA
0,NA,NA,12,10,52,NA,NA,NA,NA,NA,NA
1,NA,NA,26,29,59.6300010681152,NA,NA,NA,NA,NA,NA
1,NA,NA,8,6,62.689998626709,NA,NA,NA,NA,NA,NA
1,10,4,8,2,46.5499992370605,80.3000030517578,63,NA,NA,"un4ms","duj8l"
0,NA,NA,9,1,69.7600021362305,NA,NA,NA,NA,NA,NA
1,NA,NA,1,4,61.6300010681152,NA,NA,NA,NA,NA,NA
1,NA,NA,19,1,43.2700004577637,NA,NA,NA,NA,NA,NA
0,20,17,10,14,28.1499996185303,57.7000007629395,60.0200004577637,NA,NA,"d355w","bmphl"
0,NA,NA,4,10,66.129997253418,NA,NA,NA,NA,NA,NA
1,NA,NA,14,9,47.9199981689453,NA,NA,NA,NA,NA,NA
0,NA,NA,9,12,66.0400009155273,NA,NA,NA,NA,NA,NA
0,NA,NA,15,24,55.8300018310547,NA,NA,NA,NA,NA,NA
0,NA,NA,9,11,62.7599983215332,NA,NA,NA,NA,NA,NA
1,NA,NA,9,9,51.7000007629395,NA,NA,NA,NA,NA,NA
1,NA,NA,13,14,52.7000007629395,NA,NA,NA,NA,NA,NA
1,NA,NA,6,7,74.6100006103516,NA,NA,NA,NA,NA,NA
0,NA,NA,11,4,46.6599998474121,NA,NA,NA,NA,NA,NA
0,11,10,8,12,37.8800010681152,65.6999969482422,74.2399978637695,24.7000007629395,NA,"i3v18","cibrq"
0,NA,NA,4,11,33.5400009155273,NA,NA,NA,NA,NA,NA
0,NA,NA,11,11,60.7799987792969,NA,NA,NA,NA,NA,NA
0,NA,NA,7,12,32.1500015258789,NA,NA,NA,NA,NA,NA
1,NA,NA,10,20,60.2599983215332,NA,NA,NA,NA,NA,NA
1,NA,NA,8,7,80.5999984741211,NA,NA,NA,NA,NA,NA
1,12,10,12,15,27.6499996185303,67.7699966430664,61.3899993896484,NA,NA,"t634i","i7igx"
1,1,9,11,9,36.7400016784668,75.0699996948242,81.620002746582,71,NA,"lnkmq","rhexx"
0,NA,NA,7,10,67,NA,NA,NA,NA,NA,NA
1,NA,NA,3,0,44.6500015258789,NA,NA,NA,NA,NA,NA
0,0,9,8,11,51.0400009155273,70.7799987792969,75.2900009155273,42.4599990844727,NA,"ehjn5","rblc8"
1,7,12,15,10,38.7799987792969,66.2099990844727,61.1300010681152,NA,NA,"jg12p","qr3nm"
0,6,7,9,10,40.2099990844727,66.4000015258789,70.1100006103516,42.2000007629395,NA,"mu69a","jwv6m"
0,NA,NA,10,0,64.1399993896484,NA,NA,NA,NA,NA,NA
0,NA,NA,7,12,54.4300003051758,NA,NA,NA,NA,NA,NA
1,NA,NA,12,14,32.2200012207031,NA,NA,NA,NA,NA,NA
0,NA,NA,5,5,56.9900016784668,NA,NA,NA,NA,NA,NA
1,NA,NA,13,2,56.2700004577637,NA,NA,NA,NA,NA,NA
1,NA,NA,15,14,51.1699981689453,NA,NA,NA,NA,NA,NA
0,NA,NA,11,11,49.0800018310547,NA,NA,NA,NA,NA,NA
1,NA,NA,6,9,54.0900001525879,NA,NA,NA,NA,NA,NA
0,NA,NA,19,19,55.5999984741211,NA,NA,NA,NA,NA,NA
1,NA,NA,23,22,72.4199981689453,NA,NA,NA,NA,NA,NA
0,NA,NA,10,12,61.3899993896484,NA,NA,NA,NA,NA,NA
1,NA,NA,8,2,77.5800018310547,NA,NA,NA,NA,NA,NA
0,NA,NA,28,57,61.0299987792969,NA,NA,NA,NA,NA,NA
1,NA,NA,14,12,64.9199981689453,NA,NA,NA,NA,NA,NA
0,NA,NA,13,2,48.7099990844727,NA,NA,NA,NA,NA,NA
0,12,9,9,14,34.3300018310547,59.9799995422363,66.0400009155273,NA,NA,"h7q40","ig38n"
1,NA,NA,8,11,50.7700004577637,NA,NA,NA,NA,NA,NA
1,NA,NA,13,9,66.6399993896484,NA,NA,NA,NA,NA,NA
0,NA,NA,8,10,34.1800003051758,NA,NA,NA,NA,NA,NA
0,8,8,12,15,49.3199996948242,82.25,80.1100006103516,NA,NA,"w6bq0","e7w0v"
0,NA,NA,12,7,61.1300010681152,NA,NA,NA,NA,NA,NA
0,NA,NA,5,5,63.1100006103516,NA,NA,NA,NA,NA,NA
1,13,12,6,8,28.0300006866455,54.1500015258789,59.0699996948242,NA,NA,"jujn3","uy3tw"
1,24,19,15,2,38.7200012207031,65.0999984741211,65.0100021362305,NA,NA,"so9ie","dmmws"
0,NA,NA,1,2,51.1100006103516,NA,NA,NA,NA,NA,NA
0,NA,NA,10,11,67.1999969482422,NA,NA,NA,NA,NA,NA
1,NA,NA,13,8,63.6100006103516,NA,NA,NA,NA,NA,NA
0,NA,NA,14,5,61.0999984741211,NA,NA,NA,NA,NA,NA
1,8,7,10,12,34.4500007629395,67.2699966430664,67.6800003051758,NA,NA,"oog8s","g89ye"
0,NA,NA,26,29,54.8800010681152,NA,NA,NA,NA,NA,NA
1,NA,NA,10,12,38.5099983215332,NA,NA,NA,NA,NA,NA
0,NA,NA,15,10,36.0200004577637,NA,NA,NA,NA,NA,NA
0,2,7,8,12,29.9200000762939,68.1800003051758,67.879997253418,NA,NA,"pyrbf","dw9ha"
0,NA,NA,12,4,50.0400009155273,NA,NA,NA,NA,NA,NA
0,NA,NA,8,0,54.8800010681152,NA,NA,NA,NA,NA,NA
0,NA,NA,20,27,57.6399993896484,NA,NA,NA,NA,NA,NA
0,NA,NA,12,5,58.9700012207031,NA,NA,NA,NA,NA,NA
1,NA,NA,7,10,68.2900009155273,NA,NA,NA,NA,NA,NA
1,NA,NA,4,8,62.8800010681152,NA,NA,NA,NA,NA,NA
1,9,9,7,5,27.5400009155273,66.0100021362305,65.4899978637695,NA,NA,"ku4em","u9r1z"
1,NA,NA,11,12,46.3600006103516,NA,NA,NA,NA,NA,NA
0,NA,NA,17,20,60.0200004577637,NA,NA,NA,NA,NA,NA
0,NA,NA,10,4,59.6599998474121,NA,NA,NA,NA,NA,NA
0,NA,NA,9,9,65.4899978637695,NA,NA,NA,NA,NA,NA
0,NA,NA,11,11,55.1500015258789,NA,NA,NA,NA,NA,NA
1,NA,NA,12,10,54.060001373291,NA,NA,NA,NA,NA,NA
1,NA,NA,2,0,44,NA,NA,NA,NA,NA,NA
0,NA,NA,6,5,45,NA,NA,NA,NA,NA,NA
0,NA,NA,15,16,59.1699981689453,NA,NA,NA,NA,NA,NA
0,6,7,10,14,34.3300018310547,67.7200012207031,65.5299987792969,NA,NA,"jloo0","obpg7"
1,NA,NA,11,11,61.2299995422363,NA,NA,NA,NA,NA,NA
0,NA,NA,7,11,64.9700012207031,NA,NA,NA,NA,NA,NA
1,NA,NA,3,4,67,NA,NA,NA,NA,NA,NA
1,NA,NA,3,0,86.4899978637695,NA,NA,NA,NA,NA,NA
1,NA,NA,6,0,84,NA,NA,NA,NA,NA,NA
1,NA,NA,10,9,60.939998626709,NA,NA,NA,NA,NA,NA
0,NA,NA,11,15,45.3899993896484,NA,NA,NA,NA,NA,NA
1,NA,NA,8,10,33.310001373291,NA,NA,NA,NA,NA,NA
1,NA,NA,19,17,64.5699996948242,NA,NA,NA,NA,NA,NA
1,NA,NA,5,3,72.9300003051758,NA,NA,NA,NA,NA,NA
1,NA,NA,8,1,74.8600006103516,NA,NA,NA,NA,NA,NA
1,NA,NA,9,11,57.1500015258789,NA,NA,NA,NA,NA,NA
0,NA,NA,6,5,59.6300010681152,NA,NA,NA,NA,NA,NA
1,NA,NA,21,30,55.4599990844727,NA,NA,NA,NA,NA,NA
1,NA,NA,4,10,80.3000030517578,NA,NA,NA,NA,NA,NA
0,NA,NA,10,10,69.1999969482422,NA,NA,NA,NA,NA,NA
0,NA,NA,10,4,57.5499992370605,NA,NA,NA,NA,NA,NA
0,NA,NA,6,0,66.120002746582,NA,NA,NA,NA,NA,NA
0,NA,NA,8,0,40,NA,NA,NA,NA,NA,NA
0,NA,NA,14,12,50.3400001525879,NA,NA,NA,NA,NA,NA
0,NA,NA,7,3,48.8199996948242,NA,NA,NA,NA,NA,NA
0,NA,NA,9,10,88.6600036621094,NA,NA,NA,NA,NA,NA
1,17,12,7,5,29.9799995422363,66.6500015258789,65.6800003051758,NA,NA,"dacdl","ezehb"
0,NA,NA,6,1,68,NA,NA,NA,NA,NA,NA
0,NA,NA,11,11,33.75,NA,NA,NA,NA,NA,NA
0,NA,NA,9,12,58.2799987792969,NA,NA,NA,NA,NA,NA
0,NA,NA,10,0,79.6800003051758,NA,NA,NA,NA,NA,NA
0,NA,NA,6,8,41.7700004577637,NA,NA,NA,NA,NA,NA
1,NA,NA,1,2,53.1300010681152,NA,NA,NA,NA,NA,NA
0,7,12,7,12,34.9099998474121,66.2099990844727,61.1300010681152,NA,NA,"jg12p","qr3nm"
1,NA,NA,15,9,73.4499969482422,NA,NA,NA,NA,NA,NA
1,NA,NA,9,9,66.0100021362305,NA,NA,NA,NA,NA,NA
1,NA,NA,11,10,64.2200012207031,NA,NA,NA,NA,NA,NA
0,5,5,5,5,27.2299995422363,61.9199981689453,52.9700012207031,NA,31.5599994659424,"j6nps","jcn7l"
0,7,16,13,16,40.3899993896484,70.1999969482422,70.2200012207031,69.9899978637695,NA,"y9zu2","a2gi0"
0,NA,NA,5,13,44.7700004577637,NA,NA,NA,NA,NA,NA
1,NA,NA,10,13,42.8600006103516,NA,NA,NA,NA,NA,NA
1,NA,NA,6,16,74.3099975585938,NA,NA,NA,NA,NA,NA
0,NA,NA,5,0,42,NA,NA,NA,NA,NA,NA
1,29,26,4,5,26.2099990844727,59.6300010681152,54.8800010681152,NA,NA,"ig9h9","gp25h"
0,NA,NA,7,13,59.7000007629395,NA,NA,NA,NA,NA,NA
1,NA,NA,13,16,50.3899993896484,NA,NA,NA,NA,NA,NA
0,NA,NA,5,7,42.6100006103516,NA,NA,NA,NA,NA,NA
1,NA,NA,28,57,58.5400009155273,NA,NA,NA,NA,NA,NA
1,NA,NA,11,13,64.2799987792969,NA,NA,NA,NA,NA,NA
0,NA,NA,10,20,37.1800003051758,NA,NA,NA,NA,NA,NA
1,5,5,6,19,59.060001373291,75.8000030517578,82.4000015258789,NA,NA,"chut5","hsuo3"
1,NA,NA,7,7,79.6100006103516,NA,NA,NA,NA,NA,NA
0,NA,NA,9,11,39.9000015258789,NA,NA,NA,NA,NA,NA
1,NA,NA,10,11,53.1500015258789,NA,NA,NA,NA,NA,NA
0,NA,NA,3,0,58.2799987792969,NA,NA,NA,NA,NA,NA
1,NA,NA,6,5,52.7999992370605,NA,NA,NA,NA,NA,NA
0,NA,NA,8,0,72.6500015258789,NA,NA,NA,NA,NA,NA
1,9,10,6,8,36.7000007629395,65.0699996948242,64.120002746582,61,NA,"yxa62","qkbfz"
1,NA,NA,8,1,64.9300003051758,NA,NA,NA,NA,NA,NA
1,17,19,18,18,34.2900009155273,64.5699996948242,61.1199989318848,NA,NA,"ckc0g","vyrpd"
1,NA,NA,7,6,71.379997253418,NA,NA,NA,NA,NA,NA
0,3,11,0,0,36.3199996948242,87.75,65.9599990844727,81.9199981689453,NA,"ngr2y","iay3k"
0,NA,NA,24,30,56.1800003051758,NA,NA,NA,NA,NA,NA
0,NA,NA,11,10,49.9199981689453,NA,NA,NA,NA,NA,NA
0,NA,NA,6,0,32.5999984741211,NA,NA,NA,NA,NA,NA
1,NA,NA,19,24,65.0999984741211,NA,NA,NA,NA,NA,NA
0,NA,NA,8,12,60.8199996948242,NA,NA,NA,NA,NA,NA
0,NA,NA,9,10,42.0800018310547,NA,NA,NA,NA,NA,NA
0,NA,NA,7,7,63.2099990844727,NA,NA,NA,NA,NA,NA
0,NA,NA,11,3,65.9599990844727,NA,NA,NA,NA,NA,NA
0,NA,NA,8,0,65.7399978637695,NA,NA,NA,NA,NA,NA
0,NA,NA,12,22,77.8600006103516,NA,NA,NA,NA,NA,NA
1,NA,NA,11,11,54.1599998474121,NA,NA,NA,NA,NA,NA
0,NA,NA,13,9,66.120002746582,NA,NA,NA,NA,NA,NA
1,9,13,12,14,32.9900016784668,66.6399993896484,66.120002746582,NA,NA,"lge7y","m5cr4"
1,NA,NA,7,13,63.2999992370605,NA,NA,NA,NA,NA,NA
1,NA,NA,5,1,69.5100021362305,NA,NA,NA,NA,NA,NA
0,NA,NA,4,6,74.4700012207031,NA,NA,NA,NA,NA,NA
1,NA,NA,7,8,51.8199996948242,NA,NA,NA,NA,NA,NA
0,9,13,10,18,35.689998626709,66.6399993896484,66.120002746582,NA,NA,"lge7y","m5cr4"
1,NA,NA,9,14,53.1500015258789,NA,NA,NA,NA,NA,NA
0,NA,NA,6,6,74.8600006103516,NA,NA,NA,NA,NA,NA
1,NA,NA,10,11,54.0900001525879,NA,NA,NA,NA,NA,NA
0,NA,NA,5,3,60.0900001525879,NA,NA,NA,NA,NA,NA
0,12,9,12,13,29.4899997711182,59.9799995422363,66.0400009155273,NA,NA,"h7q40","ig38n"
0,0,7,8,0,24.2900009155273,NA,52.4199981689453,NA,NA,"y2axe","fg8dd"
1,NA,NA,7,2,68.1800003051758,NA,NA,NA,NA,NA,NA
0,NA,NA,6,13,53.9099998474121,NA,NA,NA,NA,NA,NA
0,NA,NA,8,1,63.5099983215332,NA,NA,NA,NA,NA,NA
1,NA,NA,9,12,49.4199981689453,NA,NA,NA,NA,NA,NA
0,NA,NA,8,8,80.1100006103516,NA,NA,NA,NA,NA,NA
1,NA,NA,14,0,73.5500030517578,NA,NA,NA,NA,NA,NA
1,57,28,13,17,24.8199996948242,58.5400009155273,61.0299987792969,NA,NA,"eurf6","d2m70"
1,NA,NA,8,14,58.5999984741211,NA,NA,NA,NA,NA,NA
1,NA,NA,12,18,36.7799987792969,NA,NA,NA,NA,NA,NA
1,3,11,10,11,41.0099983215332,87.75,65.9599990844727,81.9199981689453,NA,"ngr2y","iay3k"
0,NA,NA,8,11,84.8600006103516,NA,NA,NA,NA,NA,NA
1,NA,NA,2,0,74.3899993896484,NA,NA,NA,NA,NA,NA
0,NA,NA,15,14,55.6100006103516,NA,NA,NA,NA,NA,NA
1,0,2,5,10,42.2400016784668,74.3899993896484,76.3099975585938,NA,59.8699989318848,"al3dl","pqskf"
1,NA,NA,2,0,64.5299987792969,NA,NA,NA,NA,NA,NA
1,NA,NA,15,2,66.4199981689453,NA,NA,NA,NA,NA,NA
0,NA,NA,19,17,61.1199989318848,NA,NA,NA,NA,NA,NA
0,NA,NA,6,19,55.6100006103516,NA,NA,NA,NA,NA,NA
0,NA,NA,6,9,56.9300003051758,NA,NA,NA,NA,NA,NA
0,NA,NA,16,18,67.3099975585938,NA,NA,NA,NA,NA,NA
1,NA,NA,9,22,53.0699996948242,NA,NA,NA,NA,NA,NA
1,NA,NA,6,7,70.9599990844727,NA,NA,NA,NA,NA,NA
0,NA,NA,8,14,58.6300010681152,NA,NA,NA,NA,NA,NA
0,11,10,16,25,44.4599990844727,65.6999969482422,74.2399978637695,24.7000007629395,NA,"i3v18","cibrq"
0,NA,NA,6,7,62.2099990844727,NA,NA,NA,NA,NA,NA
1,NA,NA,13,9,36.7900009155273,NA,NA,NA,NA,NA,NA
0,NA,NA,16,7,43.1599998474121,NA,NA,NA,NA,NA,NA
0,NA,NA,16,10,50.9300003051758,NA,NA,NA,NA,NA,NA
0,NA,NA,15,30,59.9799995422363,NA,NA,NA,NA,NA,NA
0,NA,NA,10,4,55.7599983215332,NA,NA,NA,NA,NA,NA
0,NA,NA,21,30,54.7000007629395,NA,NA,NA,NA,NA,NA
1,NA,NA,7,9,41.9000015258789,NA,NA,NA,NA,NA,NA
1,NA,NA,4,6,68.6999969482422,NA,NA,NA,NA,NA,NA
1,5,5,11,15,46.3800010681152,75.8000030517578,82.4000015258789,NA,NA,"chut5","hsuo3"
0,NA,NA,7,0,52.9900016784668,NA,NA,NA,NA,NA,NA
0,NA,NA,16,32,31.1900005340576,NA,NA,NA,NA,NA,NA
1,NA,NA,13,8,27.0900001525879,NA,NA,NA,NA,NA,NA
1,NA,NA,15,12,78.2399978637695,NA,NA,NA,NA,NA,NA
0,NA,NA,7,6,66.9100036621094,NA,NA,NA,NA,NA,NA
0,NA,NA,16,19,50.2299995422363,NA,NA,NA,NA,NA,NA
0,NA,NA,6,1,66.1600036621094,NA,NA,NA,NA,NA,NA
0,NA,NA,12,18,65.4199981689453,NA,NA,NA,NA,NA,NA
0,NA,NA,6,5,50.0299987792969,NA,NA,NA,NA,NA,NA
0,3,11,10,12,33.9199981689453,87.75,65.9599990844727,81.9199981689453,NA,"ngr2y","iay3k"
0,NA,NA,10,11,59.4599990844727,NA,NA,NA,NA,NA,NA
0,NA,NA,6,7,77.4899978637695,NA,NA,NA,NA,NA,NA
0,NA,NA,10,12,72.4300003051758,NA,NA,NA,NA,NA,NA
0,NA,NA,7,0,64.3300018310547,NA,NA,NA,NA,NA,NA
0,NA,NA,7,0,66.6900024414062,NA,NA,NA,NA,NA,NA
1,NA,NA,10,14,45.3899993896484,NA,NA,NA,NA,NA,NA
1,NA,NA,10,10,63.7099990844727,NA,NA,NA,NA,NA,NA
1,NA,NA,10,18,35.7799987792969,NA,NA,NA,NA,NA,NA
0,0,7,14,9,38.560001373291,72.1699981689453,64.3300018310547,39.1699981689453,NA,"qupia","r91ce"
0,NA,NA,9,11,72.7600021362305,NA,NA,NA,NA,NA,NA
0,NA,NA,12,17,65.6800003051758,NA,NA,NA,NA,NA,NA
1,48,31,10,14,23.3299999237061,52.9599990844727,48.3699989318848,NA,NA,"i84a8","ebups"
0,NA,NA,9,9,50.2400016784668,NA,NA,NA,NA,NA,NA
1,NA,NA,6,0,86.3000030517578,NA,NA,NA,NA,NA,NA
0,NA,NA,11,2,77.2799987792969,NA,NA,NA,NA,NA,NA
0,NA,NA,11,9,68.4100036621094,NA,NA,NA,NA,NA,NA
0,NA,NA,6,2,68.1999969482422,NA,NA,NA,NA,NA,NA
0,NA,NA,3,8,57.5200004577637,NA,NA,NA,NA,NA,NA
1,NA,NA,12,14,50.6500015258789,NA,NA,NA,NA,NA,NA
1,NA,NA,8,9,62.0099983215332,NA,NA,NA,NA,NA,NA
0,NA,NA,12,16,24.2999992370605,NA,NA,NA,NA,NA,NA
1,NA,NA,10,22,57.0400009155273,NA,NA,NA,NA,NA,NA
1,12,11,9,10,42.689998626709,66.4899978637695,69.3899993896484,NA,NA,"lby4z","vx983"
0,NA,NA,31,48,48.3699989318848,NA,NA,NA,NA,NA,NA
0,10,10,14,20,33.6500015258789,63.7099990844727,69.1999969482422,NA,NA,"ycex5","y2ubw"
0,NA,NA,9,0,75.2900009155273,NA,NA,NA,NA,NA,NA
0,NA,NA,4,6,54.0400009155273,NA,NA,NA,NA,NA,NA
1,5,5,8,12,34.3300018310547,63.2599983215332,63.1100006103516,NA,NA,"uwfwl","pxm4l"
1,NA,NA,12,22,77.379997253418,NA,NA,NA,NA,NA,NA
1,11,7,12,15,29.3600006103516,66.9000015258789,63.7999992370605,60,NA,"lnv2v","bti2x"
1,NA,NA,8,11,83.9899978637695,NA,NA,NA,NA,NA,NA
0,NA,NA,5,11,68.9899978637695,NA,NA,NA,NA,NA,NA
0,NA,NA,4,5,80.2399978637695,NA,NA,NA,NA,NA,NA
0,NA,NA,6,1,80.7699966430664,NA,NA,NA,NA,NA,NA
1,NA,NA,6,5,60.3300018310547,NA,NA,NA,NA,NA,NA
0,NA,NA,9,10,48.9500007629395,NA,NA,NA,NA,NA,NA
1,10,4,16,7,43.1300010681152,80.3000030517578,66.129997253418,NA,NA,"un4ms","wrw7e"
0,NA,NA,29,34,38.1800003051758,NA,NA,NA,NA,NA,NA
1,NA,NA,11,10,52.6399993896484,NA,NA,NA,NA,NA,NA
0,NA,NA,3,0,50.0900001525879,NA,NA,NA,NA,NA,NA
1,4,3,5,5,25.2999992370605,67,62.2299995422363,NA,NA,"mcyaq","cntks"
1,NA,NA,11,8,34.8199996948242,NA,NA,NA,NA,NA,NA
1,NA,NA,5,7,61.2700004577637,NA,NA,NA,NA,NA,NA
0,13,11,11,8,31.4699993133545,64.2799987792969,62.9300003051758,NA,NA,"oijar","onqdh"
1,NA,NA,5,5,61.9199981689453,NA,NA,NA,NA,NA,NA
1,NA,NA,6,4,71.7699966430664,NA,NA,NA,NA,NA,NA
0,NA,NA,6,7,32.25,NA,NA,NA,NA,NA,NA
0,NA,NA,10,14,54.0800018310547,NA,NA,NA,NA,NA,NA
0,7,6,9,15,31.8799991607666,57.9900016784668,62.2099990844727,NA,NA,"kkx5k","sj1g5"
0,NA,NA,16,7,70.2200012207031,NA,NA,NA,NA,NA,NA
1,NA,NA,12,5,62.5800018310547,NA,NA,NA,NA,NA,NA
1,10,13,29,34,34.1399993896484,66.5599975585938,61.9599990844727,38.7299995422363,NA,"qcd9e","jnudl"
0,NA,NA,12,15,28.3500003814697,NA,NA,NA,NA,NA,NA
1,57,28,14,20,27.1000003814697,58.5400009155273,61.0299987792969,NA,NA,"eurf6","d2m70"
1,NA,NA,7,2,62.8699989318848,NA,NA,NA,NA,NA,NA
1,NA,NA,12,18,59.4599990844727,NA,NA,NA,NA,NA,NA
0,NA,NA,10,22,57.7200012207031,NA,NA,NA,NA,NA,NA
0,NA,NA,13,10,61.9599990844727,NA,NA,NA,NA,NA,NA
0,NA,NA,10,5,70.7399978637695,NA,NA,NA,NA,NA,NA
1,NA,NA,17,20,57.7000007629395,NA,NA,NA,NA,NA,NA
1,NA,NA,10,12,72.4300003051758,NA,NA,NA,NA,NA,NA
0,NA,NA,3,4,62.2299995422363,NA,NA,NA,NA,NA,NA
1,NA,NA,9,7,75.2799987792969,NA,NA,NA,NA,NA,NA
1,NA,NA,15,24,67.9599990844727,NA,NA,NA,NA,NA,NA
1,14,8,12,13,29.8400001525879,58.5999984741211,58.6300010681152,NA,NA,"d5i9e","u8z7x"
0,NA,NA,10,9,64.120002746582,NA,NA,NA,NA,NA,NA
0,NA,NA,8,2,76.629997253418,NA,NA,NA,NA,NA,NA
0,NA,NA,8,9,56.4000015258789,NA,NA,NA,NA,NA,NA
1,12,10,10,12,34.5699996948242,67.7699966430664,61.3899993896484,NA,NA,"t634i","i7igx"
0,NA,NA,2,0,60.3400001525879,NA,NA,NA,NA,NA,NA
1,1,9,9,11,39.939998626709,75.0699996948242,81.620002746582,71,NA,"lnkmq","rhexx"
1,7,6,5,6,42.2200012207031,74.6100006103516,77.4899978637695,NA,NA,"tc2df","a6vri"
0,NA,NA,7,11,36.4099998474121,NA,NA,NA,NA,NA,NA
0,NA,NA,5,1,66.879997253418,NA,NA,NA,NA,NA,NA
0,NA,NA,6,0,69.879997253418,NA,NA,NA,NA,NA,NA
1,2,7,8,11,32.2200012207031,68.1800003051758,67.879997253418,NA,NA,"pyrbf","dw9ha"
1,NA,NA,13,14,57.9599990844727,NA,NA,NA,NA,NA,NA
0,NA,NA,12,14,31.4599990844727,NA,NA,NA,NA,NA,NA
1,NA,NA,7,8,67.2699966430664,NA,NA,NA,NA,NA,NA
1,NA,NA,7,7,61.7400016784668,NA,NA,NA,NA,NA,NA
1,8,4,9,14,36.5999984741211,62.8800010681152,66.629997253418,NA,NA,"swbrx","mkg9g"
0,NA,NA,10,9,41.2299995422363,NA,NA,NA,NA,NA,NA
1,9,8,7,11,29.1900005340576,56.4799995422363,52.8199996948242,NA,NA,"np8kn","wyv19"
1,20,13,9,5,45.0800018310547,80.2900009155273,78.1699981689453,46.0800018310547,NA,"iudc5","aqke1"
0,17,12,8,2,41.6500015258789,66.6500015258789,65.6800003051758,NA,NA,"dacdl","ezehb"
0,5,5,9,11,39.9900016784668,63.2599983215332,63.1100006103516,NA,NA,"uwfwl","pxm4l"
0,3,5,6,8,24.9400005340576,72.9300003051758,60.0900001525879,NA,NA,"zgxpr","blo6b"
1,NA,NA,22,26,63.3400001525879,NA,NA,NA,NA,NA,NA
0,NA,NA,6,8,47.810001373291,NA,NA,NA,NA,NA,NA
1,13,7,8,12,34.9500007629395,63.2999992370605,59.7000007629395,NA,NA,"qmxhr","ecbde"
0,NA,NA,15,7,55.1599998474121,NA,NA,NA,NA,NA,NA
1,24,19,9,15,41.1800003051758,65.0999984741211,65.0100021362305,NA,NA,"so9ie","dmmws"
0,NA,NA,7,7,81.129997253418,NA,NA,NA,NA,NA,NA
0,NA,NA,12,0,64.6500015258789,NA,NA,NA,NA,NA,NA
0,2,7,5,6,40.1199989318848,68.1800003051758,67.879997253418,NA,NA,"pyrbf","dw9ha"
1,NA,NA,13,14,33.0900001525879,NA,NA,NA,NA,NA,NA
1,3,5,8,9,30.9200000762939,72.9300003051758,60.0900001525879,NA,NA,"zgxpr","blo6b"
1,NA,NA,9,13,60.7299995422363,NA,NA,NA,NA,NA,NA
1,NA,NA,13,10,43.1800003051758,NA,NA,NA,NA,NA,NA
0,7,9,9,15,40.0999984741211,75.2799987792969,73.7099990844727,NA,NA,"doppp","jta2s"
1,NA,NA,9,12,58.9500007629395,NA,NA,NA,NA,NA,NA
0,NA,NA,19,21,76.7900009155273,NA,NA,NA,NA,NA,NA
0,10,9,8,14,58.2400016784668,89.9100036621094,88.6600036621094,86,NA,"i16re","vos8u"
0,NA,NA,6,0,55.2799987792969,NA,NA,NA,NA,NA,NA
1,NA,NA,5,5,75.8000030517578,NA,NA,NA,NA,NA,NA
0,NA,NA,9,14,46.2799987792969,NA,NA,NA,NA,NA,NA
1,NA,NA,10,7,81.9300003051758,NA,NA,NA,NA,NA,NA
1,NA,NA,12,7,66.2099990844727,NA,NA,NA,NA,NA,NA
1,NA,NA,10,4,62.0099983215332,NA,NA,NA,NA,NA,NA
1,22,10,6,7,37.5999984741211,57.0400009155273,57.7200012207031,NA,NA,"q5z1m","e2qne"
0,NA,NA,5,0,66.879997253418,NA,NA,NA,NA,NA,NA
0,NA,NA,5,5,82.4000015258789,NA,NA,NA,NA,NA,NA
