"id","male","age","wealth","mid","agetodaym","ageatdeathm","fid","agetodayf","ageatdeathf","wealthp","hh"
"yb1m5",1,84,1,NA,NA,NA,NA,NA,NA,NA,520
"yiou1",0,53.9099998474121,5,NA,NA,NA,NA,NA,NA,NA,2618
"q0wae",0,44.3300018310547,4,NA,NA,NA,NA,NA,NA,NA,608
"ov6in",0,80.1900024414062,6,NA,NA,NA,NA,NA,NA,NA,627
"hpj1c",0,42.1699981689453,4,NA,NA,NA,NA,NA,NA,NA,4507
"iehsu",0,59.4599990844727,2,NA,NA,NA,NA,NA,NA,NA,509
"zlccr",0,66.6900024414062,5,NA,NA,NA,NA,NA,NA,NA,3714
"uoyo1",1,38.1699981689453,4,"w5r3i",66.120002746582,NA,"axpvj",66.6399993896484,NA,5,3839
"neewt",0,27.2299995422363,3,"fydko",52.9700012207031,31.5599994659424,"ec4p1",61.9199981689453,NA,4,524
"p15sn",0,50.0200004577637,1,NA,NA,NA,NA,NA,NA,NA,1635
"gp763",1,57.7000007629395,4,NA,NA,NA,NA,NA,NA,NA,604
"lxrxk",0,57.5,5,NA,NA,NA,NA,NA,NA,NA,614
"dil05",0,51.0400009155273,3,"w8tdk",75.2900009155273,NA,"dncl6",70.7799987792969,42.4599990844727,2,1621
"o8ci9",0,41.2299995422363,3,NA,NA,NA,NA,NA,NA,NA,502
"g1rft",1,64.2799987792969,3,NA,NA,NA,NA,NA,NA,NA,508
"fccyd",1,62.8699989318848,5,NA,NA,NA,NA,NA,NA,NA,2508
"iy0ad",1,65.3399963378906,4,NA,NA,NA,NA,NA,NA,NA,1502
"e2sty",1,86.4899978637695,1,NA,NA,NA,NA,NA,NA,NA,3802
"nwand",1,54.3199996948242,2,"y9kab",84,40,"jt7ni",80.5999984741211,NA,1,4520
"c0sl6",1,66.4199981689453,7,NA,NA,NA,NA,NA,NA,NA,2523
"dplkz",0,59.1599998474121,5,NA,NA,NA,NA,NA,NA,NA,606
"va5h0",0,33.9900016784668,4,NA,NA,NA,NA,NA,NA,NA,1521
"l9s83",1,74.6100006103516,5,NA,NA,NA,NA,NA,NA,NA,4606
"pbfuy",0,36.9900016784668,3,NA,NA,NA,NA,NA,NA,NA,2631
"icczf",1,41.9000015258789,3,NA,NA,NA,NA,NA,NA,NA,4815
"z3s7f",0,67.879997253418,6,NA,NA,NA,NA,NA,NA,NA,2524
"ao7r2",1,52.7000007629395,5,NA,NA,NA,NA,NA,NA,NA,2612
"pdz0p",0,63.1100006103516,6,NA,NA,NA,NA,NA,NA,NA,4702
"yw282",0,50.9300003051758,7,NA,NA,NA,NA,NA,NA,NA,4706
"uwp52",1,60.3300018310547,3,NA,NA,NA,NA,NA,NA,NA,4807
"vjk7o",1,63.2099990844727,4,NA,NA,NA,NA,NA,NA,NA,3805
"vr0o4",1,60.7000007629395,5,NA,NA,NA,NA,NA,NA,NA,3617
"f27yx",0,29.4899997711182,4,"eaaza",66.0400009155273,NA,"yl7wc",59.9799995422363,NA,6,4725
"kwd8o",1,36.7400016784668,4,"pbzfr",81.620002746582,NA,"tc3c3",75.0699996948242,71,8,1518
"xtavt",0,59.6599998474121,4,NA,NA,NA,NA,NA,NA,NA,3721
"c4zoh",1,67.7699966430664,1,NA,NA,NA,NA,NA,NA,NA,2609
"kd0pc",1,67.7200012207031,6,NA,NA,NA,NA,NA,NA,NA,3712
"k1mkl",0,36.7299995422363,3,NA,NA,NA,NA,NA,NA,NA,519
"vxmax",0,50.0400009155273,4,NA,NA,NA,NA,NA,NA,NA,611
"gex1p",0,68.1999969482422,6,NA,NA,NA,NA,NA,NA,NA,1607
"t7ncg",0,70.2200012207031,5,NA,NA,NA,NA,NA,NA,NA,618
"w8art",0,43.1699981689453,4,NA,NA,NA,NA,NA,NA,NA,1618
"um38b",0,39.9900016784668,1,"pdz0p",63.1100006103516,NA,"jq736",63.2599983215332,NA,6,2637
"tbb1p",1,86.3000030517578,6,NA,NA,NA,NA,NA,NA,NA,3620
"c2r0r",0,34.1100006103516,4,"vrh85",66.4700012207031,NA,"hpa2c",63.3400001525879,NA,5,2625
"q6nkj",1,46.3800010681152,3,"c3iwv",82.4000015258789,NA,"es2sc",75.8000030517578,NA,5,3929
"ibpmb",0,33.8199996948242,8,"uxzay",58.9700012207031,NA,"yqisi",62.5800018310547,NA,5,4726
"eaaza",0,66.0400009155273,6,NA,NA,NA,NA,NA,NA,NA,2616
"sxcq7",0,76.629997253418,4,NA,NA,NA,NA,NA,NA,NA,4818
"yvv16",0,79.0100021362305,5,NA,NA,NA,NA,NA,NA,NA,4801
"wlpvr",0,38.1399993896484,3,"jvvb2",61.1199989318848,NA,"x51qr",64.5699996948242,NA,3,504
"m8m39",1,37.8400001525879,4,"mf5ri",63.5099983215332,NA,"nm07y",62.5400009155273,55.0400009155273,1,3706
"mzgtx",1,66.0100021362305,6,NA,NA,NA,NA,NA,NA,NA,506
"nh3xl",1,45.3899993896484,6,NA,NA,NA,NA,NA,NA,NA,3614
"spe1t",0,46.4000015258789,5,NA,NA,NA,NA,NA,NA,NA,1610
"fvbzt",0,61.3899993896484,1,NA,NA,NA,NA,NA,NA,NA,2609
"gcs8t",0,44.7700004577637,5,NA,NA,NA,NA,NA,NA,NA,3707
"dx3q5",0,65.6800003051758,7,NA,NA,NA,NA,NA,NA,NA,619
"li61n",0,52.8600006103516,5,NA,NA,NA,NA,NA,NA,NA,2612
"ni823",0,50.3400001525879,4,NA,NA,NA,NA,NA,NA,NA,1501
"ltwin",0,68.4100036621094,4,NA,NA,NA,NA,NA,NA,NA,1505
"wqkqv",1,27.6499996185303,2,"fvbzt",61.3899993896484,NA,"c4zoh",67.7699966430664,NA,1,2636
"ysjlf",0,61.9300003051758,5,NA,NA,NA,NA,NA,NA,NA,3510
"worfa",0,65.4199981689453,7,NA,NA,NA,NA,NA,NA,NA,3813
"chfnz",0,31.8799991607666,3,"e9pwb",62.2099990844727,NA,"pvd0g",57.9900016784668,NA,5,4723
"y10ka",1,29.3899993896484,1,"agc8u",61.0299987792969,NA,"rjfa4",58.5400009155273,NA,5,1633
"wmozj",1,41.0099983215332,2,"fmftw",65.9599990844727,NA,"ul4ot",87.75,81.9199981689453,1,503
"io71l",0,41.6500015258789,5,"dx3q5",65.6800003051758,NA,"fkcnn",66.6500015258789,NA,7,3840
"x5xx8",1,74.3899993896484,4,NA,NA,NA,NA,NA,NA,NA,4518
"gpdep",1,36.7900009155273,8,NA,NA,NA,NA,NA,NA,NA,4726
"fpmyd",1,30.9200000762939,2,"vqudt",60.0900001525879,NA,"tvpfg",72.9300003051758,NA,4,1636
"sdbey",0,81.129997253418,4,NA,NA,NA,NA,NA,NA,NA,4502
"qwllb",0,50.5999984741211,5,NA,NA,NA,NA,NA,NA,NA,3613
"jy83r",1,54.1500015258789,1,NA,NA,NA,NA,NA,NA,NA,4704
"scqbo",0,33.6500015258789,5,"kadub",69.1999969482422,NA,"e7rlh",63.7099990844727,NA,4,1520
"jf5vu",1,63.6100006103516,8,NA,NA,NA,NA,NA,NA,NA,4711
"db7a5",0,28.3500003814697,3,NA,NA,NA,NA,NA,NA,NA,3942
"d2dlr",1,38.2799987792969,3,"pbvwy",72.7600021362305,NA,"epe6g",68.9400024414062,NA,2,504
"eb1px",0,67.3099975585938,4,NA,NA,NA,NA,NA,NA,NA,3805
"vrh85",0,66.4700012207031,5,NA,NA,NA,NA,NA,NA,NA,2510
"o709m",1,29.9799995422363,4,"dx3q5",65.6800003051758,NA,"fkcnn",66.6500015258789,NA,7,634
"gcbz8",1,34.8199996948242,5,NA,NA,NA,NA,NA,NA,NA,3512
"ytfet",0,54.0400009155273,3,NA,NA,NA,NA,NA,NA,NA,3814
"yl7wc",1,59.9799995422363,6,NA,NA,NA,NA,NA,NA,NA,2616
"tegaq",1,77.7900009155273,6,NA,NA,NA,NA,NA,NA,NA,3609
"u9sqn",0,34.810001373291,2,"nhxqr",74.8600006103516,NA,"pv3tx",70.25,NA,4,522
"z1vfs",0,43.5400009155273,4,NA,NA,NA,NA,NA,NA,NA,518
"iqmbe",1,54.1599998474121,4,NA,NA,NA,NA,NA,NA,NA,4816
"blqzb",0,69.7600021362305,4,NA,NA,NA,NA,NA,NA,NA,1606
"jq736",1,63.2599983215332,6,NA,NA,NA,NA,NA,NA,NA,4702
"cmzob",1,44.6500015258789,5,NA,NA,NA,NA,NA,NA,NA,3716
"org5q",0,59.9799995422363,8,NA,NA,NA,NA,NA,NA,NA,3616
"jhh9n",0,73.2699966430664,3,NA,NA,NA,NA,NA,NA,NA,3504
"ha5pg",0,34.4500007629395,7,NA,NA,NA,NA,NA,NA,NA,2513
"zg5ze",0,73.3300018310547,7,NA,NA,NA,NA,NA,NA,NA,513
"emfiy",0,77.2799987792969,6,NA,NA,NA,NA,NA,NA,NA,3518
"pv3tx",1,70.25,4,NA,NA,NA,NA,NA,NA,NA,3501
"hbmx2",0,55.7599983215332,5,NA,NA,NA,NA,NA,NA,NA,507
"k8u6l",1,34.9500007629395,5,"p4y8f",59.7000007629395,NA,"b0f9q",63.2999992370605,NA,6,4602
"hhh6s",1,29.8400001525879,4,"jli7i",58.6300010681152,NA,"z5inc",58.5999984741211,NA,4,4725
"e5nj7",0,66.629997253418,6,NA,NA,NA,NA,NA,NA,NA,2519
"hy98w",1,34.1399993896484,5,"nxrex",61.9599990844727,NA,"skaaq",66.5599975585938,38.7299995422363,5,602
"hseoe",0,32.5999984741211,4,NA,NA,NA,NA,NA,NA,NA,3710
"fwvrh",1,67.2699966430664,2,NA,NA,NA,NA,NA,NA,NA,4607
"fm5xx",1,51.3499984741211,8,NA,NA,NA,NA,NA,NA,NA,1605
"b71b4",0,32.1500015258789,1,NA,NA,NA,NA,NA,NA,NA,517
"kmjci",0,55.1500015258789,3,NA,NA,NA,NA,NA,NA,NA,4508
"p2v5y",0,64.1500015258789,6,NA,NA,NA,NA,NA,NA,NA,3836
"qciqo",0,41.7700004577637,3,NA,NA,NA,NA,NA,NA,NA,3841
"pvd0g",1,57.9900016784668,5,NA,NA,NA,NA,NA,NA,NA,4720
"n7rxq",0,72.6500015258789,6,NA,NA,NA,NA,NA,NA,NA,2505
"q4pto",1,37.8400001525879,5,"vi7kz",70.7399978637695,NA,"temb2",67.879997253418,NA,1,501
"m1864",0,45.3899993896484,3,NA,NA,NA,NA,NA,NA,NA,3929
"u5k5d",1,61.0400009155273,8,NA,NA,NA,NA,NA,NA,NA,3616
"tprvr",0,41.8699989318848,5,NA,NA,NA,NA,NA,NA,NA,1510
"h6xts",0,27.9799995422363,5,"h5iwp",65.2600021362305,NA,"uwfi9",64.0199966430664,42.6300010681152,3,4525
"bnw8c",0,67.5100021362305,3,NA,NA,NA,NA,NA,NA,NA,4605
"x51qr",1,64.5699996948242,3,NA,NA,NA,NA,NA,NA,NA,1622
"lm3li",0,36.4099998474121,4,NA,NA,NA,NA,NA,NA,NA,3706
"nxtdb",1,72.5800018310547,3,NA,NA,NA,NA,NA,NA,NA,2502
"hpa2c",1,63.3400001525879,5,NA,NA,NA,NA,NA,NA,NA,2510
"ahmxq",1,48.6500015258789,7,NA,NA,NA,NA,NA,NA,NA,4721
"aoqzu",1,64.9300003051758,6,NA,NA,NA,NA,NA,NA,NA,3817
"hpjby",1,73.5500030517578,7,NA,NA,NA,NA,NA,NA,NA,2530
"ubtpl",0,50.6500015258789,5,NA,NA,NA,NA,NA,NA,NA,3824
"m16oa",1,52.7999992370605,2,NA,NA,NA,NA,NA,NA,NA,4820
"icdu7",0,24.2900009155273,4,"xtie1",52.4199981689453,NA,"xzy9w",NA,NA,5,2630
"ulhvv",0,62.2299995422363,5,NA,NA,NA,NA,NA,NA,NA,2603
"z4bir",0,40,1,NA,NA,NA,NA,NA,NA,NA,4621
"cczqj",0,54.4300003051758,3,NA,NA,NA,NA,NA,NA,NA,1625
"abilq",0,73.8899993896484,4,NA,NA,NA,NA,NA,NA,NA,4503
"v6h1w",1,53.0499992370605,4,NA,NA,NA,NA,NA,NA,NA,4511
"txsbs",1,46.0499992370605,5,NA,NA,NA,NA,NA,NA,NA,2512
"o842h",1,74.8600006103516,5,NA,NA,NA,NA,NA,NA,NA,1613
"sbirf",1,60.2599983215332,7,NA,NA,NA,NA,NA,NA,NA,3516
"kkhi6",0,58.2799987792969,1,NA,NA,NA,NA,NA,NA,NA,4612
"aegeu",0,64.3300018310547,2,NA,NA,NA,NA,NA,NA,NA,4810
"i1pfe",1,50.3899993896484,6,NA,NA,NA,NA,NA,NA,NA,624
"nxrex",0,61.9599990844727,5,NA,NA,NA,NA,NA,NA,NA,616
"u4beq",1,57.0400009155273,4,NA,NA,NA,NA,NA,NA,NA,3701
"ppqgb",0,61.2000007629395,5,NA,NA,NA,NA,NA,NA,NA,4717
"gxwi0",1,37.7999992370605,6,NA,NA,NA,NA,NA,NA,NA,1508
"n8rzm",1,26.7999992370605,2,"jvvb2",61.1199989318848,NA,"x51qr",64.5699996948242,NA,3,1632
"i4l9r",0,29.3500003814697,2,"fnbz7",54.8800010681152,NA,"vbg1u",59.6300010681152,NA,6,1519
"fa6o0",1,71.7699966430664,6,NA,NA,NA,NA,NA,NA,NA,4715
"a6xtj",1,80.3000030517578,6,NA,NA,NA,NA,NA,NA,NA,3934
"atd80",1,47.3600006103516,2,"fad84",72.4300003051758,NA,"vnopa",72.4300003051758,NA,6,607
"esmr9",0,58.2799987792969,5,NA,NA,NA,NA,NA,NA,NA,2526
"qktq4",0,33.1300010681152,4,"ki7gm",70.1100006103516,NA,"ydm2s",66.4000015258789,42.2000007629395,3,3839
"qnqo4",1,54.2799987792969,4,NA,NA,NA,NA,NA,NA,NA,3506
"lwaol",1,43.310001373291,2,"b1ky2",65.0100021362305,NA,"wupy9",65.0999984741211,NA,4,2605
"egp4i",0,79.6800003051758,2,NA,NA,NA,NA,NA,NA,NA,610
"dgsdy",1,57.6399993896484,3,NA,NA,NA,NA,NA,NA,NA,4512
"afl5e",0,38.560001373291,8,"aegeu",64.3300018310547,NA,"l312z",72.1699981689453,39.1699981689453,2,4724
"temb2",1,67.879997253418,1,NA,NA,NA,NA,NA,NA,NA,512
"nr8fx",0,24.2999992370605,1,NA,NA,NA,NA,NA,NA,NA,632
"ucrig",0,36.3199996948242,5,"h9i5r",67.8099975585938,36.810001373291,"vreoi",65.2099990844727,NA,3,4713
"xf3dg",0,66.1600036621094,3,NA,NA,NA,NA,NA,NA,NA,2528
"ghud0",0,80.2399978637695,1,NA,NA,NA,NA,NA,NA,NA,2634
"tbawc",1,37.1100006103516,3,"fad84",72.4300003051758,NA,"vnopa",72.4300003051758,NA,6,2518
"m7l2h",0,21.6200008392334,4,NA,NA,NA,NA,NA,NA,NA,626
"irxia",0,69.5199966430664,7,NA,NA,NA,NA,NA,NA,NA,2523
"w1srh",1,26.4799995422363,1,"wpg04",52.5699996948242,NA,"ehrjw",49.4199981689453,NA,5,517
"mkaf8",0,27.1000003814697,2,"iehsu",59.4599990844727,NA,"g8rlg",53.1500015258789,NA,2,1632
"b1ky2",0,65.0100021362305,4,NA,NA,NA,NA,NA,NA,NA,2606
"gtkss",1,32.2200012207031,3,"z3s7f",67.879997253418,NA,"m0rw8",68.1800003051758,NA,6,2525
"ikaqv",0,73.7099990844727,5,NA,NA,NA,NA,NA,NA,NA,3921
"em0pf",1,50.7700004577637,5,NA,NA,NA,NA,NA,NA,NA,1609
"g8tje",0,69.879997253418,5,NA,NA,NA,NA,NA,NA,NA,2506
"yryy7",1,68.2900009155273,3,NA,NA,NA,NA,NA,NA,NA,3504
"rtwvk",0,48.2299995422363,2,NA,NA,NA,NA,NA,NA,NA,503
"uev8j",1,43.5,5,NA,NA,NA,NA,NA,NA,NA,3707
"jm3zk",0,63.7999992370605,4,NA,NA,NA,NA,NA,NA,NA,3919
"mk63w",0,74.4700012207031,5,NA,NA,NA,NA,NA,NA,NA,4610
"bxd3a",0,46.2799987792969,4,NA,NA,NA,NA,NA,NA,NA,3935
"gv84l",1,59.4599990844727,7,NA,NA,NA,NA,NA,NA,NA,3813
"hgr01",0,60.0200004577637,4,NA,NA,NA,NA,NA,NA,NA,604
"m0rw8",1,68.1800003051758,6,NA,NA,NA,NA,NA,NA,NA,2524
"u1q9m",1,58.8899993896484,5,NA,NA,NA,NA,NA,NA,NA,614
"u7nb1",1,35.2000007629395,1,NA,NA,NA,NA,NA,NA,NA,632
"t1s2z",1,46.5499992370605,5,"rv8ip",63,NA,"a6xtj",80.3000030517578,NA,6,3840
"rlwnw",1,49.4199981689453,4,NA,NA,NA,NA,NA,NA,NA,2607
"za11h",0,56.1800003051758,7,NA,NA,NA,NA,NA,NA,NA,2611
"k0ldv",1,60.7299995422363,5,NA,NA,NA,NA,NA,NA,NA,3818
"ebo81",0,29.7299995422363,3,"g8tje",69.879997253418,NA,"p4v0t",83.6500015258789,83.4899978637695,5,1634
"tlexk",1,43.1800003051758,6,NA,NA,NA,NA,NA,NA,NA,4708
"nxzth",0,59.1699981689453,4,NA,NA,NA,NA,NA,NA,NA,2614
"bbqru",0,57.6399993896484,3,NA,NA,NA,NA,NA,NA,NA,4512
"wmbsa",0,57.5200004577637,1,NA,NA,NA,NA,NA,NA,NA,511
"izlnf",1,70.9599990844727,5,NA,NA,NA,NA,NA,NA,NA,3824
"u82wa",1,70,3,NA,NA,NA,NA,NA,NA,NA,625
"lymwc",0,40.2099990844727,5,"ki7gm",70.1100006103516,NA,"ydm2s",66.4000015258789,42.2000007629395,3,3806
"kn8wg",0,79.0100021362305,6,NA,NA,NA,NA,NA,NA,NA,3609
"t1t8t",0,42,3,NA,NA,NA,NA,NA,NA,NA,4622
"z5inc",1,58.5999984741211,4,NA,NA,NA,NA,NA,NA,NA,4710
"m5xkv",0,48.9500007629395,4,NA,NA,NA,NA,NA,NA,NA,4730
"bftih",1,34.5699996948242,4,"fvbzt",61.3899993896484,NA,"c4zoh",67.7699966430664,NA,1,2625
"aevyy",0,68,5,NA,NA,NA,NA,NA,NA,NA,4821
"lg4ll",0,39.3300018310547,3,NA,NA,NA,NA,NA,NA,NA,1603
"zyn0v",0,23.3700008392334,3,NA,NA,NA,NA,NA,NA,NA,2533
"gpwfi",0,31.4599990844727,3,NA,NA,NA,NA,NA,NA,NA,3930
"ueybs",0,28.1499996185303,1,"hgr01",60.0200004577637,NA,"gp763",57.7000007629395,NA,4,2632
"w8tdk",0,75.2900009155273,2,NA,NA,NA,NA,NA,NA,NA,1620
"g8nsx",0,55.8300018310547,6,NA,NA,NA,NA,NA,NA,NA,2515
"yk4ft",0,68.9899978637695,6,NA,NA,NA,NA,NA,NA,NA,3708
"go8qu",0,61.2400016784668,4,NA,NA,NA,NA,NA,NA,NA,2615
"q8dpo",1,82.25,3,NA,NA,NA,NA,NA,NA,NA,4709
"wadpg",0,31.1900005340576,6,NA,NA,NA,NA,NA,NA,NA,1508
"ckhuq",0,45,2,NA,NA,NA,NA,NA,NA,NA,4820
"hbncz",1,78.2399978637695,4,NA,NA,NA,NA,NA,NA,NA,1604
"td4hg",1,58.4799995422363,4,NA,NA,NA,NA,NA,NA,NA,4806
"hb83m",1,66.4899978637695,3,NA,NA,NA,NA,NA,NA,NA,4510
"rbzxv",0,31.4699993133545,5,"ts2a0",62.9300003051758,NA,"g1rft",64.2799987792969,NA,3,3512
"pbzfr",0,81.620002746582,8,NA,NA,NA,NA,NA,NA,NA,1640
"y40fg",0,42.0800018310547,4,NA,NA,NA,NA,NA,NA,NA,4511
"oiul5",1,54.060001373291,3,NA,NA,NA,NA,NA,NA,NA,4522
"oqb7g",1,38.7200012207031,3,"b1ky2",65.0100021362305,NA,"wupy9",65.0999984741211,NA,4,2627
"kjmw8",1,42.8600006103516,4,NA,NA,NA,NA,NA,NA,NA,1626
"u9lrp",0,66.879997253418,7,NA,NA,NA,NA,NA,NA,NA,1638
"g0lc5",0,80.7699966430664,3,NA,NA,NA,NA,NA,NA,NA,3932
"xm2ez",1,64.2099990844727,3,NA,NA,NA,NA,NA,NA,NA,3916
"ts2a0",0,62.9300003051758,3,NA,NA,NA,NA,NA,NA,NA,508
"pgks8",1,23.3299999237061,3,"ph63r",48.3699989318848,NA,"zjxl1",52.9599990844727,NA,8,2533
"rc3in",0,47.810001373291,5,NA,NA,NA,NA,NA,NA,NA,3617
"qunjm",0,17.25,4,NA,NA,NA,NA,NA,NA,NA,1637
"vi7kz",0,70.7399978637695,1,NA,NA,NA,NA,NA,NA,NA,512
"okzie",1,59.060001373291,6,"c3iwv",82.4000015258789,NA,"es2sc",75.8000030517578,NA,5,3711
"kfqv7",1,53.1500015258789,5,NA,NA,NA,NA,NA,NA,NA,3715
"leafi",1,34.4500007629395,2,"xk07y",67.6800003051758,NA,"fwvrh",67.2699966430664,NA,2,4618
"d60a0",1,73.4899978637695,6,NA,NA,NA,NA,NA,NA,NA,3601
"snmrt",1,72.4199981689453,5,NA,NA,NA,NA,NA,NA,NA,617
"vxij2",0,36.3199996948242,2,"fmftw",65.9599990844727,NA,"ul4ot",87.75,81.9199981689453,1,1608
"vq5c1",1,52.6399993896484,5,NA,NA,NA,NA,NA,NA,NA,3823
"uqv5u",0,55.2799987792969,4,NA,NA,NA,NA,NA,NA,NA,4806
"c16ic",0,52,3,NA,NA,NA,NA,NA,NA,NA,4522
"am4fu",0,64.120002746582,7,NA,NA,NA,NA,NA,NA,NA,3803
"ehtnz",1,42.2200012207031,3,"uc2jk",77.4899978637695,NA,"l9s83",74.6100006103516,NA,5,4609
"loacx",1,38.0200004577637,6,NA,NA,NA,NA,NA,NA,NA,3812
"x4u2j",0,43.060001373291,6,NA,NA,NA,NA,NA,NA,NA,4708
"wqcsx",0,52.8199996948242,4,"kn8wg",79.0100021362305,NA,"tegaq",77.7900009155273,NA,6,4519
"dwgbs",0,43.8800010681152,7,"zg5ze",73.3300018310547,NA,"pqunc",69.3300018310547,NA,7,2608
"meaur",0,39.9000015258789,7,NA,NA,NA,NA,NA,NA,NA,4727
"ap90v",1,77.5800018310547,4,NA,NA,NA,NA,NA,NA,NA,3517
"t83rw",0,40.3899993896484,6,"t7ncg",70.2200012207031,NA,"eg5wu",70.1999969482422,69.9899978637695,5,624
"luhr3",1,27.0900001525879,2,NA,NA,NA,NA,NA,NA,NA,635
"yh6cz",1,47.9199981689453,5,"ov6in",80.1900024414062,NA,"cvbp8",74.3099975585938,NA,6,1510
"rzgkl",0,50.0299987792969,4,NA,NA,NA,NA,NA,NA,NA,3822
"pqunc",1,69.3300018310547,7,NA,NA,NA,NA,NA,NA,NA,513
"d8m3g",0,55.7000007629395,4,NA,NA,NA,NA,NA,NA,NA,3807
"eup0c",0,45.7200012207031,6,NA,NA,NA,NA,NA,NA,NA,629
"qhvk1",0,52.439998626709,5,NA,NA,NA,NA,NA,NA,NA,3715
"am3of",0,54.3600006103516,4,"beaci",84.8600006103516,NA,"ms7g7",83.9899978637695,NA,6,3506
"u5egv",0,25.8799991607666,2,NA,NA,NA,NA,NA,NA,NA,633
"sgf06",0,74.2399978637695,3,NA,NA,NA,NA,NA,NA,NA,2516
"cnwh5",0,60.9000015258789,3,NA,NA,NA,NA,NA,NA,NA,2502
"pb31r",1,42.2400016784668,4,"vimxp",76.3099975585938,59.8699989318848,"x5xx8",74.3899993896484,NA,4,4507
"s0k2y",0,55.6100006103516,7,NA,NA,NA,NA,NA,NA,NA,4509
"qnjsb",1,57.9900016784668,4,NA,NA,NA,NA,NA,NA,NA,2615
"dncd7",1,37.5999984741211,1,"zg70w",57.7200012207031,NA,"u4beq",57.0400009155273,NA,4,3509
"pn0u4",0,41.6800003051758,1,"zadva",81.4000015258789,67.2300033569336,"jt7ni",80.5999984741211,NA,1,3509
"n4m0p",0,66.129997253418,6,NA,NA,NA,NA,NA,NA,NA,3934
"b4f2j",0,49.3199996948242,2,"xh8kh",80.1100006103516,NA,"q8dpo",82.25,NA,3,607
"ywe9g",0,23.0400009155273,2,NA,NA,NA,NA,NA,NA,NA,635
"zygmt",0,50.2400016784668,2,NA,NA,NA,NA,NA,NA,NA,4719
"m8ufb",0,64.1399993896484,3,NA,NA,NA,NA,NA,NA,NA,2503
"lh2w2",0,42.6100006103516,7,NA,NA,NA,NA,NA,NA,NA,4721
"z917x",0,65.7399978637695,1,NA,NA,NA,NA,NA,NA,NA,2527
"sqza1",0,34.4900016784668,1,NA,NA,NA,NA,NA,NA,NA,2529
"yimts",0,48.4000015258789,5,NA,NA,NA,NA,NA,NA,NA,3615
"zv5pw",0,30.3899993896484,4,"bs138",65.5299987792969,NA,"kd0pc",67.7200012207031,NA,6,3944
"g6049",0,37.8800010681152,5,"sgf06",74.2399978637695,NA,"t469g",65.6999969482422,24.7000007629395,3,4602
"k8xte",1,64.5299987792969,5,NA,NA,NA,NA,NA,NA,NA,621
"f94i2",1,39.0299987792969,1,NA,NA,NA,NA,NA,NA,NA,2637
"mn5eb",0,58.2400016784668,6,"b14xf",88.6600036621094,NA,"dyi7h",89.9100036621094,86,4,3801
"y7iix",1,37.5400009155273,7,"pdz0p",63.1100006103516,NA,"jq736",63.2599983215332,NA,6,4727
"p9hgg",1,30.8899993896484,4,"fvbzt",61.3899993896484,NA,"c4zoh",67.7699966430664,NA,1,2638
"jpy16",1,64.9199981689453,4,NA,NA,NA,NA,NA,NA,NA,1501
"je5ri",1,45.0800018310547,1,"uufi4",78.1699981689453,NA,"pqxa5",80.2900009155273,46.0800018310547,3,2529
"l7ii6",1,69.5100021362305,7,NA,NA,NA,NA,NA,NA,NA,1638
"ssrxf",1,33.310001373291,2,NA,NA,NA,NA,NA,NA,NA,3943
"hb9g4",0,56.0099983215332,4,NA,NA,NA,NA,NA,NA,NA,1639
"oj3aa",0,52.9900016784668,5,NA,NA,NA,NA,NA,NA,NA,3931
"y4erl",1,38.7799987792969,5,"sagpu",61.1300010681152,NA,"nrl6l",66.2099990844727,NA,4,631
"ec4p1",1,61.9199981689453,4,NA,NA,NA,NA,NA,NA,NA,3820
"hst6y",0,49.25,3,NA,NA,NA,NA,NA,NA,NA,4604
"uxpd8",0,60.7799987792969,3,NA,NA,NA,NA,NA,NA,NA,3916
"slhjh",1,28.9400005340576,4,NA,NA,NA,NA,NA,NA,NA,2630
"edqcq",0,65.870002746582,3,NA,NA,NA,NA,NA,NA,NA,1615
"ns3ms",1,61.6300010681152,5,NA,NA,NA,NA,NA,NA,NA,4717
"xh8kh",0,80.1100006103516,3,NA,NA,NA,NA,NA,NA,NA,4709
"omxn2",1,24.1800003051758,1,"ntoms",52.5800018310547,49,"rlwnw",49.4199981689453,NA,4,2639
"p6m98",0,55.6100006103516,6,NA,NA,NA,NA,NA,NA,NA,3711
"of857",0,44.3199996948242,5,"dx3q5",65.6800003051758,NA,"fkcnn",66.6500015258789,NA,7,2512
"pyguc",1,62.689998626709,6,NA,NA,NA,NA,NA,NA,NA,3836
"xtie1",0,52.4199981689453,5,NA,NA,NA,NA,NA,NA,NA,2504
"eqwmr",0,36.2900009155273,4,"jvvb2",61.1199989318848,NA,"x51qr",64.5699996948242,NA,3,1515
"zjxl1",1,52.9599990844727,8,NA,NA,NA,NA,NA,NA,NA,2511
"j7340",1,58.9500007629395,5,NA,NA,NA,NA,NA,NA,NA,2526
"iku1c",0,74.5699996948242,5,NA,NA,NA,NA,NA,NA,NA,3508
"kj4lc",0,33.5400009155273,4,NA,NA,NA,NA,NA,NA,NA,1612
"mrkk9",1,69.9899978637695,3,NA,NA,NA,NA,NA,NA,NA,4605
"s01m0",0,55.1599998474121,6,NA,NA,NA,NA,NA,NA,NA,3911
"s10d9",1,58.5999984741211,2,NA,NA,NA,NA,NA,NA,NA,3928
"wpg04",0,52.5699996948242,5,NA,NA,NA,NA,NA,NA,NA,516
"gibs6",0,50.2299995422363,7,NA,NA,NA,NA,NA,NA,NA,623
"ss1ow",1,53.0699996948242,4,NA,NA,NA,NA,NA,NA,NA,3505
"teaaz",1,64.2300033569336,4,NA,NA,NA,NA,NA,NA,NA,1505
"jt7ni",1,80.5999984741211,1,NA,NA,NA,NA,NA,NA,NA,4527
"nz91x",0,61.0999984741211,6,NA,NA,NA,NA,NA,NA,NA,3713
"lanpf",1,27.1000003814697,5,"agc8u",61.0299987792969,NA,"rjfa4",58.5400009155273,NA,5,1520
"izv3x",1,53.3499984741211,1,NA,NA,NA,NA,NA,NA,NA,1513
"nrl6l",1,66.2099990844727,4,NA,NA,NA,NA,NA,NA,NA,609
"yjs14",0,62.7599983215332,2,NA,NA,NA,NA,NA,NA,NA,4520
"qv0e0",1,47.2099990844727,4,NA,NA,NA,NA,NA,NA,NA,608
"dmd6l",0,35.689998626709,5,"w5r3i",66.120002746582,NA,"axpvj",66.6399993896484,NA,5,3717
"cszif",1,75.2399978637695,6,NA,NA,NA,NA,NA,NA,NA,3518
"girs3",0,65.4899978637695,6,NA,NA,NA,NA,NA,NA,NA,506
"bjgx3",1,60.4199981689453,4,NA,NA,NA,NA,NA,NA,NA,2614
"ik7kx",0,62.7000007629395,3,NA,NA,NA,NA,NA,NA,NA,625
"sh3q1",1,25.2999992370605,3,"ulhvv",62.2299995422363,NA,"hsy35",67,NA,5,524
"xeng7",1,79.6100006103516,4,NA,NA,NA,NA,NA,NA,NA,4502
"uc2jk",0,77.4899978637695,5,NA,NA,NA,NA,NA,NA,NA,4606
"cm90p",1,39.939998626709,3,"pbzfr",81.620002746582,NA,"tc3c3",75.0699996948242,71,8,1603
"y3oeq",1,33.4099998474121,3,"w8tdk",75.2900009155273,NA,"dncl6",70.7799987792969,42.4599990844727,2,1634
"kadub",0,69.1999969482422,4,NA,NA,NA,NA,NA,NA,NA,4516
"io990",1,61.2299995422363,3,NA,NA,NA,NA,NA,NA,NA,4508
"ftaqk",0,34.3300018310547,2,"eaaza",66.0400009155273,NA,"yl7wc",59.9799995422363,NA,6,1630
"ggcf2",1,56.4799995422363,4,NA,NA,NA,NA,NA,NA,NA,4519
"ht2ne",1,36.7799987792969,4,NA,NA,NA,NA,NA,NA,NA,615
"nd6e8",0,33.75,4,NA,NA,NA,NA,NA,NA,NA,2638
"z0srg",0,46.7000007629395,3,NA,NA,NA,NA,NA,NA,NA,1617
"jp8v2",1,50.3600006103516,3,"g0lc5",80.7699966430664,NA,"hvn4a",83.120002746582,69.3899993896484,3,4604
"ygh7h",0,49.9199981689453,5,NA,NA,NA,NA,NA,NA,NA,3823
"b0f9q",1,63.2999992370605,6,NA,NA,NA,NA,NA,NA,NA,4601
"axpvj",1,66.6399993896484,5,NA,NA,NA,NA,NA,NA,NA,3815
"oni99",1,56.2700004577637,7,NA,NA,NA,NA,NA,NA,NA,622
"dfmyk",0,59.1500015258789,7,NA,NA,NA,NA,NA,NA,NA,4802
"wbvu9",1,32.9900016784668,3,"w5r3i",66.120002746582,NA,"axpvj",66.6399993896484,NA,5,3930
"m3761",1,26.2099990844727,2,"fnbz7",54.8800010681152,NA,"vbg1u",59.6300010681152,NA,6,633
"bj6ac",1,51.7000007629395,2,NA,NA,NA,NA,NA,NA,NA,4719
"s9wlo",1,73.4499969482422,7,NA,NA,NA,NA,NA,NA,NA,4716
"qjib3",1,62.0099983215332,4,NA,NA,NA,NA,NA,NA,NA,3721
"cvbp8",1,74.3099975585938,6,NA,NA,NA,NA,NA,NA,NA,627
"myx7j",1,33.4500007629395,4,"vqudt",60.0900001525879,NA,"tvpfg",72.9300003051758,NA,4,1612
"hg8qh",0,68.1999969482422,1,NA,NA,NA,NA,NA,NA,NA,4804
"r1z79",0,48.7099990844727,7,NA,NA,NA,NA,NA,NA,NA,622
"ms5s0",1,74.1399993896484,2,NA,NA,NA,NA,NA,NA,NA,4611
"si1do",1,28.6000003814697,1,"b1ky2",65.0100021362305,NA,"wupy9",65.0999984741211,NA,4,2632
"hsy35",1,67,5,NA,NA,NA,NA,NA,NA,NA,2603
"da5qq",0,66.879997253418,6,NA,NA,NA,NA,NA,NA,NA,4712
"w1bbc",0,40.75,8,NA,NA,NA,NA,NA,NA,NA,1605
"bdq59",0,69.3899993896484,3,NA,NA,NA,NA,NA,NA,NA,4510
"i9d96",1,59.4799995422363,4,NA,NA,NA,NA,NA,NA,NA,3935
"w1bx6",0,38.9599990844727,4,NA,NA,NA,NA,NA,NA,NA,1518
"pak2z",0,26.8899993896484,2,NA,NA,NA,NA,NA,NA,NA,2635
"nb53g",0,28.9200000762939,1,"thm91",58.1399993896484,NA,"jf5vu",63.6100006103516,NA,8,525
"ient2",0,37.1800003051758,7,NA,NA,NA,NA,NA,NA,NA,3516
"h78ls",0,31.4599990844727,1,NA,NA,NA,NA,NA,NA,NA,4619
"mmxrq",0,74.3000030517578,1,NA,NA,NA,NA,NA,NA,NA,2622
"wd79e",1,34.2900009155273,2,"jvvb2",61.1199989318848,NA,"x51qr",64.5699996948242,NA,3,1623
"rjfa4",1,58.5400009155273,5,NA,NA,NA,NA,NA,NA,NA,1601
"n2zx5",1,33.1599998474121,2,"fvbzt",61.3899993896484,NA,"c4zoh",67.7699966430664,NA,1,2635
"gv6kx",0,26.2600002288818,4,NA,NA,NA,NA,NA,NA,NA,634
"qugbq",1,54.0900001525879,5,NA,NA,NA,NA,NA,NA,NA,4617
"bvi9g",1,64.3399963378906,3,NA,NA,NA,NA,NA,NA,NA,3502
"ut2zb",0,64.6500015258789,1,NA,NA,NA,NA,NA,NA,NA,2601
"p4y8f",0,59.7000007629395,6,NA,NA,NA,NA,NA,NA,NA,4601
"gvm5c",1,75.2799987792969,5,NA,NA,NA,NA,NA,NA,NA,3921
"sdu98",1,38.5099983215332,3,NA,NA,NA,NA,NA,NA,NA,519
"s1b12",0,63.2099990844727,4,NA,NA,NA,NA,NA,NA,NA,4515
"k3nab",1,52.6800003051758,4,NA,NA,NA,NA,NA,NA,NA,4703
"qi1yr",1,60.939998626709,3,NA,NA,NA,NA,NA,NA,NA,502
"wqira",0,59.6300010681152,3,NA,NA,NA,NA,NA,NA,NA,4807
"li7xz",1,35.7799987792969,5,NA,NA,NA,NA,NA,NA,NA,3717
"u33m6",0,49.0800018310547,4,NA,NA,NA,NA,NA,NA,NA,4816
"u8ssp",1,47.9199981689453,8,NA,NA,NA,NA,NA,NA,NA,4724
"zg70w",0,57.7200012207031,4,NA,NA,NA,NA,NA,NA,NA,3701
"bs138",0,65.5299987792969,6,NA,NA,NA,NA,NA,NA,NA,3712
"wzu2v",0,36.0200004577637,5,NA,NA,NA,NA,NA,NA,NA,631
"tsb01",0,77.8600006103516,6,NA,NA,NA,NA,NA,NA,NA,4811
"sagpu",0,61.1300010681152,4,NA,NA,NA,NA,NA,NA,NA,609
"c3iwv",0,82.4000015258789,5,NA,NA,NA,NA,NA,NA,NA,4620
"xb1ao",0,57.5499992370605,4,NA,NA,NA,NA,NA,NA,NA,603
"l0mm0",1,32.2200012207031,5,NA,NA,NA,NA,NA,NA,NA,3719
"is0bi",0,34.1800003051758,2,NA,NA,NA,NA,NA,NA,NA,3943
"tn0uk",0,40.1199989318848,3,"z3s7f",67.879997253418,NA,"m0rw8",68.1800003051758,NA,6,4609
"fmftw",0,65.9599990844727,1,NA,NA,NA,NA,NA,NA,NA,514
"wojlo",1,68.6999969482422,5,NA,NA,NA,NA,NA,NA,NA,4610
"lkmqu",0,52.5900001525879,4,NA,NA,NA,NA,NA,NA,NA,3505
"epe6g",1,68.9400024414062,2,NA,NA,NA,NA,NA,NA,NA,505
"ki7gm",0,70.1100006103516,3,NA,NA,NA,NA,NA,NA,NA,3503
"zexsu",1,62.0099983215332,2,NA,NA,NA,NA,NA,NA,NA,4614
"jvvb2",0,61.1199989318848,3,NA,NA,NA,NA,NA,NA,NA,1622
"tvpfg",1,72.9300003051758,4,NA,NA,NA,NA,NA,NA,NA,1611
"mg9n9",0,60.3400001525879,5,NA,NA,NA,NA,NA,NA,NA,621
"r3w9r",1,62.8800010681152,6,NA,NA,NA,NA,NA,NA,NA,2519
"qk7lk",1,34,3,"mf5ri",63.5099983215332,NA,"nm07y",62.5400009155273,55.0400009155273,1,4723
"z59b9",0,32.25,4,NA,NA,NA,NA,NA,NA,NA,4819
"ngb3q",0,55.6500015258789,3,NA,NA,NA,NA,NA,NA,NA,1504
"b0tdt",1,36.7000007629395,3,"am4fu",64.120002746582,NA,"dx25h",65.0699996948242,61,7,3841
"mf5ri",0,63.5099983215332,1,NA,NA,NA,NA,NA,NA,NA,4731
"uufi4",0,78.1699981689453,3,NA,NA,NA,NA,NA,NA,NA,2522
"xe4ck",0,34.3300018310547,6,"bs138",65.5299987792969,NA,"kd0pc",67.7200012207031,NA,6,3614
"nwtlx",0,38.1800003051758,5,NA,NA,NA,NA,NA,NA,NA,602
"vbg1u",1,59.6300010681152,6,NA,NA,NA,NA,NA,NA,NA,601
"fkcnn",1,66.6500015258789,7,"b14xf",88.6600036621094,NA,"dyi7h",89.9100036621094,86,4,619
"pzx8s",1,71.379997253418,6,NA,NA,NA,NA,NA,NA,NA,3938
"ehxzg",0,48.8199996948242,5,NA,NA,NA,NA,NA,NA,NA,4505
"jrv2u",0,30.7099990844727,1,"worfa",65.4199981689453,NA,"gv84l",59.4599990844727,NA,7,1633
"w8ko2",0,46.6599998474121,5,NA,NA,NA,NA,NA,NA,NA,1503
"yqisi",1,62.5800018310547,5,NA,NA,NA,NA,NA,NA,NA,4707
"l0xfr",1,33.0900001525879,2,NA,NA,NA,NA,NA,NA,NA,1519
"ob1qn",1,64.2200012207031,7,NA,NA,NA,NA,NA,NA,NA,4802
"ih9h2",0,62.0099983215332,6,NA,NA,NA,NA,NA,NA,NA,2501
"dewxx",1,64.6100006103516,6,NA,NA,NA,NA,NA,NA,NA,1607
"jw36o",1,81.9300003051758,5,NA,NA,NA,NA,NA,NA,NA,3510
"ph63r",0,48.3699989318848,8,NA,NA,NA,NA,NA,NA,NA,2511
"r071k",1,43.1300010681152,6,"n4m0p",66.129997253418,NA,"a6xtj",80.3000030517578,NA,6,4718
"dzu6p",1,77.379997253418,6,NA,NA,NA,NA,NA,NA,NA,4811
"uvct7",0,29.9200000762939,1,"z3s7f",67.879997253418,NA,"m0rw8",68.1800003051758,NA,6,4728
"vnopa",1,72.4300003051758,6,NA,NA,NA,NA,NA,NA,NA,2624
"l5f7w",1,54.7999992370605,7,NA,NA,NA,NA,NA,NA,NA,2611
"thm91",0,58.1399993896484,8,NA,NA,NA,NA,NA,NA,NA,4711
"qc9uk",0,50.5699996948242,5,"pbzfr",81.620002746582,NA,"tc3c3",75.0699996948242,71,8,1609
"tdigq",0,39.1500015258789,2,"uufi4",78.1699981689453,NA,"pqxa5",80.2900009155273,46.0800018310547,3,2636
"r1g0m",1,49.8800010681152,5,NA,NA,NA,NA,NA,NA,NA,3613
"uxzay",0,58.9700012207031,5,NA,NA,NA,NA,NA,NA,NA,4707
"hcud8",1,34.3300018310547,1,"pdz0p",63.1100006103516,NA,"jq736",63.2599983215332,NA,6,4728
"wupy9",1,65.0999984741211,4,NA,NA,NA,NA,NA,NA,NA,2606
"osakh",0,39.0099983215332,4,"gex1p",68.1999969482422,NA,"dewxx",64.6100006103516,NA,6,1626
"e9pwb",0,62.2099990844727,5,NA,NA,NA,NA,NA,NA,NA,4720
"ds2lp",1,61.7400016784668,4,NA,NA,NA,NA,NA,NA,NA,4515
"vreoi",1,65.2099990844727,3,NA,NA,NA,NA,NA,NA,NA,4809
"xyxaj",0,64.9700012207031,2,NA,NA,NA,NA,NA,NA,NA,2532
"kpdwj",1,27.5400009155273,1,"girs3",65.4899978637695,NA,"mzgtx",66.0100021362305,NA,6,525
"tt0yr",1,80.2200012207031,7,NA,NA,NA,NA,NA,NA,NA,4714
"ls35w",0,50.4799995422363,3,"dxng4",80.0999984741211,76,"yvojb",77.870002746582,NA,1,4815
"fad84",0,72.4300003051758,6,NA,NA,NA,NA,NA,NA,NA,2624
"swcpn",0,51.1100006103516,8,NA,NA,NA,NA,NA,NA,NA,3621
"g0mhj",0,59.8899993896484,3,NA,NA,NA,NA,NA,NA,NA,2507
"edali",0,66.120002746582,7,NA,NA,NA,NA,NA,NA,NA,1614
"nolt9",0,41.1800003051758,6,"rv67o",71.3000030517578,NA,"snmrt",72.4199981689453,NA,5,3812
"xidat",0,56.0699996948242,4,NA,NA,NA,NA,NA,NA,NA,4808
"gv1g8",0,40.1399993896484,5,NA,NA,NA,NA,NA,NA,NA,501
"zc23o",0,76.7900009155273,7,NA,NA,NA,NA,NA,NA,NA,4714
"tu78h",1,54.0900001525879,5,NA,NA,NA,NA,NA,NA,NA,3615
"er0rd",0,31.1299991607666,2,NA,NA,NA,NA,NA,NA,NA,2633
"w5r3i",0,66.120002746582,5,NA,NA,NA,NA,NA,NA,NA,3815
"jli7i",0,58.6300010681152,4,NA,NA,NA,NA,NA,NA,NA,4710
"b5e6z",1,53.1300010681152,8,NA,NA,NA,NA,NA,NA,NA,3621
"agc8u",0,61.0299987792969,5,NA,NA,NA,NA,NA,NA,NA,1601
"nhxqr",0,74.8600006103516,4,NA,NA,NA,NA,NA,NA,NA,3501
"ehrjw",1,49.4199981689453,5,NA,NA,NA,NA,NA,NA,NA,516
"vqudt",0,60.0900001525879,4,NA,NA,NA,NA,NA,NA,NA,1611
"xn77n",1,55.4599990844727,2,NA,NA,NA,NA,NA,NA,NA,1602
"zzjfl",1,29.1900005340576,5,"wqcsx",52.8199996948242,NA,"ggcf2",56.4799995422363,NA,4,4525
"be32q",0,34.9099998474121,3,"sagpu",61.1300010681152,NA,"nrl6l",66.2099990844727,NA,4,2518
"jjhgi",0,32.5499992370605,3,"nz91x",61.0999984741211,NA,"h9foa",60.939998626709,45.8600006103516,6,2525
"yn5be",0,85.7300033569336,8,NA,NA,NA,NA,NA,NA,NA,3808
"tqat7",0,65.5599975585938,6,NA,NA,NA,NA,NA,NA,NA,3611
"apnod",0,56.9300003051758,5,NA,NA,NA,NA,NA,NA,NA,4617
"ob570",1,46.1800003051758,4,NA,NA,NA,NA,NA,NA,NA,518
"xsqv1",1,24.1800003051758,1,"ni823",50.3400001525879,NA,"jpy16",64.9199981689453,NA,4,526
"dph9o",0,40.0999984741211,4,"ikaqv",73.7099990844727,NA,"gvm5c",75.2799987792969,NA,5,2604
"ipjdn",0,24.9400005340576,1,"vqudt",60.0900001525879,NA,"tvpfg",72.9300003051758,NA,4,2639
"ms7g7",1,83.9899978637695,6,NA,NA,NA,NA,NA,NA,NA,3709
"qxtv3",1,31.3299999237061,2,"b1ky2",65.0100021362305,NA,"wupy9",65.0999984741211,NA,4,2633
"kvuim",1,28.0300006866455,1,"mxsrn",59.0699996948242,NA,"jy83r",54.1500015258789,NA,1,4619
"h5iwp",0,65.2600021362305,3,NA,NA,NA,NA,NA,NA,NA,1514
"noebh",0,43.2799987792969,4,"uufi4",78.1699981689453,NA,"pqxa5",80.2900009155273,46.0800018310547,3,615
"r97o0",1,36.0099983215332,5,"da5qq",66.879997253418,NA,"ftnez",NA,NA,6,4713
"c6lo0",1,67.9599990844727,6,NA,NA,NA,NA,NA,NA,NA,2515
"b4h4c",1,41.1800003051758,4,"b1ky2",65.0100021362305,NA,"wupy9",65.0999984741211,NA,4,2604
"wh1yb",1,60.2200012207031,5,NA,NA,NA,NA,NA,NA,NA,2618
"mr5wb",0,78.2799987792969,6,NA,NA,NA,NA,NA,NA,NA,1507
"k3p3b",0,44.4599990844727,2,"sgf06",74.2399978637695,NA,"t469g",65.6999969482422,24.7000007629395,3,2605
"b14xf",0,88.6600036621094,4,NA,NA,NA,NA,NA,NA,NA,636
"nfx2n",0,36.9500007629395,2,"b1ky2",65.0100021362305,NA,"wupy9",65.0999984741211,NA,4,1623
"ttv9i",0,43.1599998474121,6,NA,NA,NA,NA,NA,NA,NA,4718
"se8sv",1,62.6300010681152,6,NA,NA,NA,NA,NA,NA,NA,3801
"e7rlh",1,63.7099990844727,4,NA,NA,NA,NA,NA,NA,NA,4516
"fnbz7",0,54.8800010681152,6,NA,NA,NA,NA,NA,NA,NA,601
"q8ihp",1,33.6300010681152,2,"ts2a0",62.9300003051758,NA,"g1rft",64.2799987792969,NA,3,522
"vfirv",1,24.8199996948242,4,"agc8u",61.0299987792969,NA,"rjfa4",58.5400009155273,NA,5,1637
"ou2ds",1,43.2700004577637,3,NA,NA,NA,NA,NA,NA,NA,2631
"of23j",0,55.310001373291,5,"pbzfr",81.620002746582,NA,"tc3c3",75.0699996948242,71,8,2508
"ur1sy",0,54.0800018310547,4,NA,NA,NA,NA,NA,NA,NA,4703
"h95hr",1,61.2700004577637,3,NA,NA,NA,NA,NA,NA,NA,2507
"r9fhs",1,45.7900009155273,3,NA,NA,NA,NA,NA,NA,NA,1504
"ipdit",0,50.0900001525879,5,NA,NA,NA,NA,NA,NA,NA,3716
"c3v14",0,48.810001373291,7,NA,NA,NA,NA,NA,NA,NA,2530
"rhsgs",0,63.5099983215332,6,NA,NA,NA,NA,NA,NA,NA,3817
"dr32v",1,57.1500015258789,4,NA,NA,NA,NA,NA,NA,NA,4803
"wv4vk",0,62.0400009155273,4,NA,NA,NA,NA,NA,NA,NA,2509
"o1fjp",0,40.5200004577637,5,NA,NA,NA,NA,NA,NA,NA,2520
"ei0ub",1,42.689998626709,4,"bdq59",69.3899993896484,NA,"hb83m",66.4899978637695,NA,3,4730
"mvrmk",1,73.4199981689453,6,NA,NA,NA,NA,NA,NA,NA,3605
"ufa8x",0,35.9799995422363,3,NA,NA,NA,NA,NA,NA,NA,2627
"okuyk",0,54.7000007629395,2,NA,NA,NA,NA,NA,NA,NA,1602
"tlstc",1,57.9599990844727,4,NA,NA,NA,NA,NA,NA,NA,1515
"a2tr9",0,55.5999984741211,7,NA,NA,NA,NA,NA,NA,NA,2619
"vvqmo",1,51.1699981689453,7,NA,NA,NA,NA,NA,NA,NA,4509
"my5pw",1,31.7199993133545,4,"jm3zk",63.7999992370605,NA,"ldic4",66.9000015258789,60,4,3944
"t7q4z",1,38.560001373291,4,NA,NA,NA,NA,NA,NA,NA,4819
"rv67o",0,71.3000030517578,5,NA,NA,NA,NA,NA,NA,NA,617
"ihhcf",0,56.9900016784668,7,NA,NA,NA,NA,NA,NA,NA,1628
"ijsq9",1,50.8199996948242,5,NA,NA,NA,NA,NA,NA,NA,3806
"scynj",0,84.1900024414062,5,NA,NA,NA,NA,NA,NA,NA,3933
"pbvwy",0,72.7600021362305,2,NA,NA,NA,NA,NA,NA,NA,505
"o30no",0,24.6700000762939,5,"w5r3i",66.120002746582,NA,"axpvj",66.6399993896484,NA,5,3719
"tjuyr",1,50.6500015258789,7,NA,NA,NA,NA,NA,NA,NA,2608
"tz83r",0,32.8800010681152,1,NA,NA,NA,NA,NA,NA,NA,521
"xf1yo",0,56.9900016784668,4,NA,NA,NA,NA,NA,NA,NA,3820
"yvojb",1,77.870002746582,1,NA,NA,NA,NA,NA,NA,NA,4817
"h5jsz",1,44,4,NA,NA,NA,NA,NA,NA,NA,1521
"beaci",0,84.8600006103516,6,NA,NA,NA,NA,NA,NA,NA,3709
"hdzkk",1,51.8199996948242,1,NA,NA,NA,NA,NA,NA,NA,4514
"es2sc",1,75.8000030517578,5,NA,NA,NA,NA,NA,NA,NA,4620
"tr85q",0,54.8800010681152,6,NA,NA,NA,NA,NA,NA,NA,3607
"aq1ux",1,26.8899993896484,4,NA,NA,NA,NA,NA,NA,NA,626
"btt1t",1,46.3600006103516,4,NA,NA,NA,NA,NA,NA,NA,4616
"g2nk2",0,66.9100036621094,6,NA,NA,NA,NA,NA,NA,NA,3938
"rk5so",0,74.879997253418,6,NA,NA,NA,NA,NA,NA,NA,3601
"g8rlg",1,53.1500015258789,2,NA,NA,NA,NA,NA,NA,NA,509
"a780d",0,60.8199996948242,3,NA,NA,NA,NA,NA,NA,NA,3502
"wlefh",0,67,6,NA,NA,NA,NA,NA,NA,NA,3605
"lp6xi",0,56.4000015258789,2,NA,NA,NA,NA,NA,NA,NA,4614
"mxsrn",0,59.0699996948242,1,NA,NA,NA,NA,NA,NA,NA,4704
"w787b",0,33.9199981689453,2,"fmftw",65.9599990844727,NA,"ul4ot",87.75,81.9199981689453,1,4618
"koj1g",0,25.4500007629395,2,NA,NA,NA,NA,NA,NA,NA,1636
"d3vsj",1,55.7599983215332,4,NA,NA,NA,NA,NA,NA,NA,1639
"irhnv",1,29.3600006103516,3,"jm3zk",63.7999992370605,NA,"ldic4",66.9000015258789,60,4,3942
"l4rmf",1,36.5999984741211,2,"e5nj7",66.629997253418,NA,"r3w9r",62.8800010681152,NA,6,1630
"p8etw",0,67.1999969482422,4,NA,NA,NA,NA,NA,NA,NA,1502
