"id","sex","age","rs","fid","agef","daddiff","rsf","mid","agem","mumdiff","rsm"
"xwswa","m",33.6767120361328,2.46000003814697,"rn9s9",62.6986312866211,29.0219173431396,3,"csa26",56.6931495666504,23.0164375305176,3
"en8to","f",21.2712326049805,0.819999992847443,"pnc47",48.5972595214844,27.3260269165039,8,"bkanp",41.1150703430176,19.8438358306885,8
"poqgg","m",38.6821899414062,12.460000038147,"vs03c",58.0410957336426,19.3589038848877,9,"mhj5e",59.9232864379883,21.241096496582,9
"qw6tt","f",18.758903503418,0,"s0k8c",39.1506843566895,20.3917808532715,2,NA,NA,NA,NA
"pdmjd","f",19.7424659729004,2.64000010490417,NA,NA,NA,NA,NA,NA,NA,NA
"dupat","f",22.7616443634033,0.819999992847443,NA,NA,NA,NA,NA,NA,NA,NA
"pb47o","m",38.0273971557617,3,"sk2w0",71.7041091918945,33.6767120361328,4,"lk16z",68.7013702392578,30.6739730834961,4
"a2esy","f",59.6958885192871,8,NA,NA,NA,NA,NA,NA,NA,NA
"jx0j6","f",36.9890403747559,4.6399998664856,"jy4dn",60.6958885192871,23.7068500518799,7,"smjzp",55.6931495666504,18.7041091918945,7
"c3dsm","f",59.6958885192871,9.81999969482422,NA,NA,NA,NA,NA,NA,NA,NA
"crmqk","f",22.7452049255371,1.82000005245209,NA,NA,NA,NA,NA,NA,NA,NA
"r1x56","f",43.5698623657227,9.64000034332275,"mul0g",74.7068481445312,31.1369857788086,5,"s223l",50.2821922302246,6.71232891082764,5
"y0zqy","f",43.6849327087402,6,NA,NA,NA,NA,NA,NA,NA,NA
"fr47d","m",17.8657531738281,0,"jy4dn",60.6958885192871,42.830135345459,7,"smjzp",55.6931495666504,37.8273963928223,7
"il8cz","m",33.8712310791016,1.63999998569489,"h0yzm",65.6986312866211,31.8273963928223,8,"tosdh",62.6986312866211,28.8273963928223,8
"j2icr","m",25.6712322235107,2.64000010490417,"ely87",48.687671661377,23.0164375305176,6,"rnd2j",45.6849327087402,20.0136985778809,6
"ngq4h","f",26.0904102325439,1.82000005245209,"a99nn",47.0986289978027,21.0082187652588,8,"qr6xo",45.613697052002,19.523286819458,7
"twuea","f",21.668493270874,0,"ygfkq",47.263011932373,25.5945205688477,7,"w9zwh",45.3397254943848,23.6712322235107,8
"uhdbd","m",44.6849327087402,7.6399998664856,"xvieo",69.4602737426758,24.7753429412842,6,"vdv68",71.7041091918945,27.0191783905029,3
"h0yzm","m",65.6986312866211,8,"tiqf0",72.04931640625,6.35068511962891,7,"s072y",22.0136985778809,-43.6849327087402,1
"i9rdv","m",54.0356178283691,4,NA,NA,NA,NA,"qhlbl",NA,NA,NA
"eg2ga","f",37.7561645507812,5.46000003814697,"xo4a4",69.8000030517578,32.0438346862793,7,"ulffl",80.5780792236328,42.8219184875488,8
"h15u9","f",21.668493270874,0,"rmd4v",55.6931495666504,34.024658203125,9,"hkiut",53.6904106140137,32.0219192504883,9
"ihmut","m",62.6986312866211,8,"vvk8g",64.0438385009766,1.34520542621613,4,"lmbsv",81.5534210205078,18.8547954559326,4
"dhnmf","f",29.6739730834961,3.64000010490417,"rlgmu",76.7068481445312,47.0328750610352,7,"nx14f",66.7013702392578,37.0273971557617,7
"b9hn8","m",31.6767120361328,NA,"oeqhm",NA,NA,NA,"blo4c",48.687671661377,17.0109596252441,4
"vkr6y","m",19.1643829345703,0,"dwodj",57.6931495666504,38.5287666320801,10,"d4zfe",38.9068489074707,19.7424659729004,8
"s4j1p","m",17.4136981964111,0,"poqgg",38.6821899414062,21.2684936523438,10,"eoez1",36.2219161987305,18.808219909668,1
"zupud","f",42.7753410339355,3,"ie026",69.7013702392578,26.9260272979736,5,"k6pgi",64.6986312866211,21.9232883453369,5
"fkhlo","f",29.1616439819336,2.64000010490417,NA,NA,NA,NA,NA,NA,NA,NA
"chpmd","m",18.9205474853516,0,"pmegj",45.6849327087402,26.76438331604,7,"hhr2b",42.4000015258789,23.4794521331787,7
"aqhob","f",41.9424667358398,3.64000010490417,"o91yt",83.7123260498047,41.7698631286621,4,"xrqob",78.709587097168,36.7671241760254,1
"ravr7","m",35.1232872009277,3,"n4ogn",69.6109619140625,34.4876708984375,8,"brn4y",37.024658203125,1.90136981010437,4
"pljun","m",23.6712322235107,0,"zdti6",59.6958885192871,36.024658203125,6,"d38mz",56.6931495666504,33.0219192504883,6
"oeqhm","m",52.783561706543,NA,NA,NA,NA,NA,NA,NA,NA,NA
"rh4ql","f",34.0904121398926,3.8199999332428,NA,NA,NA,NA,NA,NA,NA,NA
"ofcpb","f",24.6712322235107,NA,"fh6h4",50.6904106140137,26.0191783905029,9,"k27gm",45.6849327087402,21.0136985778809,9
"njmbu","f",30.4219169616699,2.8199999332428,"ssn5h",68.1095886230469,37.687671661377,11,"edth4",51.0356178283691,20.6136989593506,8
"y375q","m",17.5616436004639,0,"e4jrk",38.024658203125,20.4630146026611,9,"k1bp9",48.312328338623,30.7506847381592,7
"qhgdz","f",20.5698623657227,0,"k06nr",65.6438369750977,45.0739707946777,4,"fvwln",48.687671661377,28.1178073883057,4
"ssn5h","m",68.1095886230469,11,NA,NA,NA,NA,NA,NA,NA,NA
"qihwa","f",35.6794509887695,5,"rlgmu",76.7068481445312,41.0273971557617,7,"nx14f",66.7013702392578,31.0219173431396,7
"v871y","m",52.6904106140137,6,NA,NA,NA,NA,NA,NA,NA,NA
"s4ecp","f",49.0328750610352,3,"n4ogn",69.6109619140625,20.5780830383301,8,"brn4y",37.024658203125,-12.0082187652588,4
"gw59f","m",21.668493270874,0,"synk4",43.6849327087402,22.0164375305176,9,"r1x56",43.5698623657227,21.9013690948486,8
"xuug2","m",21.3095893859863,0,"u36tx",49.2356147766113,27.9260272979736,6,"mcs74",37.4410972595215,16.1315059661865,5
"sp62r","m",28.0191783905029,1.63999998569489,NA,NA,NA,NA,"bhfu3",52.6904106140137,24.6712322235107,3
"akk2c","m",35.6739730834961,3.64000010490417,NA,NA,NA,NA,NA,NA,NA,NA
"z9ytg","m",64.7753448486328,NA,NA,NA,NA,NA,NA,NA,NA,NA
"mp3iw","m",24.6821918487549,0,"pb47o",38.0273971557617,13.3452053070068,3,"ttgu3",31.0219173431396,6.33972597122192,3
"cb0fn","f",31.6958904266357,2.8199999332428,"ccr18",69.5205459594727,37.8246574401855,6,"ktope",75.0500030517578,43.3541107177734,6
"fytsf","f",51.6904106140137,7,NA,NA,NA,NA,NA,NA,NA,NA
"rt478","f",24.7561645507812,0.819999992847443,"pmegj",45.6849327087402,20.9287662506104,7,"hhr2b",42.4000015258789,17.643835067749,7
"srx7h","f",35.6794509887695,1,"jy4dn",60.6958885192871,25.0164375305176,7,"smjzp",55.6931495666504,20.0136985778809,7
"n44tk","f",15.3972606658936,0,NA,NA,NA,NA,"aldfq",41.2273979187012,25.8301372528076,5
"nknq0","m",45.6849327087402,3,NA,NA,NA,NA,NA,NA,NA,NA
"hy0yh","m",35.3232879638672,0,"n4ogn",69.6109619140625,34.287670135498,8,"grfh3",58.5862998962402,23.2630138397217,4
"ywagn","f",69.7917785644531,NA,NA,NA,NA,NA,NA,NA,NA,NA
"avi4x","m",63.3506851196289,6,NA,NA,NA,NA,NA,NA,NA,NA
"ygzvp","f",32.5890426635742,3.64000010490417,"uvilo",51,18.4109592437744,9,"hi1mx",59.6958885192871,27.1068496704102,8
"dioag","f",34.6794509887695,NA,NA,NA,NA,NA,NA,NA,NA,NA
"oa601","f",21.668493270874,2.46000003814697,NA,NA,NA,NA,"pji97",57.6931495666504,36.024658203125,5
"ksapg","f",59.8383560180664,3,NA,NA,NA,NA,NA,NA,NA,NA
"fc5id","f",24.7260265350342,3.64000010490417,"w4tmg",51.6904106140137,26.9643840789795,6,"xwskh",45.6849327087402,20.9589042663574,6
"mtgu7","f",26.6739730834961,1.63999998569489,"rlgmu",76.7068481445312,50.0328750610352,7,"nx14f",66.7013702392578,40.0273971557617,7
"u1nye","f",19.6739730834961,1.63999998569489,"vs03c",58.0410957336426,38.3671226501465,9,"mhj5e",59.9232864379883,40.2493133544922,9
"hi1mx","f",59.6958885192871,8,"spkgn",55.0383567810059,-4.65753412246704,3,"eiddq",65.5424652099609,5.84657526016235,3
"f23xq","m",26.1561641693115,1,"ygfkq",47.263011932373,21.1068496704102,7,"w9zwh",45.3397254943848,19.1835613250732,8
"l7u5v","f",21.3999996185303,1,"gouug",57.6931495666504,36.2931518554688,11,"dp8nn",53.4137001037598,32.0136985778809,6
"lisj3","m",31.0438346862793,3.8199999332428,"pt43m",66.4383544921875,35.3945198059082,8,"jktr7",62.5945205688477,31.5506858825684,8
"mbpyw","f",22.7616443634033,1,NA,NA,NA,NA,NA,NA,NA,NA
"q6bt6","m",30.7671241760254,3.64000010490417,NA,NA,NA,NA,NA,NA,NA,NA
"ely87","m",48.687671661377,6.82000017166138,NA,NA,NA,NA,"qhlbl",NA,NA,NA
"y9xym","m",31.3808212280273,1.63999998569489,"bbqsy",67.9534225463867,36.5726013183594,5,"y2h1k",66.5232849121094,35.1424674987793,5
"ch8tg","f",23.9671230316162,0.819999992847443,"a99nn",47.0986289978027,23.1315059661865,8,"qr6xo",45.613697052002,21.6465759277344,7
"ee7jx","f",30.7671241760254,1.63999998569489,NA,NA,NA,NA,NA,NA,NA,NA
"twk8c","m",16.0410957336426,0,"vtp1k",58.4931488037109,42.4520530700684,8,"i6jkb",49.2904090881348,33.2493133544922,8
"m5yl6","f",21.668493270874,NA,"fh6h4",50.6904106140137,29.0219173431396,9,"k27gm",45.6849327087402,24.0164375305176,9
"wprnc","m",55.2082176208496,2,NA,NA,NA,NA,NA,NA,NA,NA
"dzvpe","f",33.2438354492188,0,"lmudq",61.8904113769531,28.6465759277344,9,NA,NA,NA,NA
"j9rd4","f",27.76438331604,4.6399998664856,NA,NA,NA,NA,NA,NA,NA,NA
"tte3g","f",20.3972606658936,0,"uvilo",51,30.6027393341064,9,"hi1mx",59.6958885192871,39.2986297607422,8
"rlgmu","m",76.7068481445312,7,NA,NA,NA,NA,NA,NA,NA,NA
"ps8z2","f",49.5013694763184,5,NA,NA,NA,NA,NA,NA,NA,NA
"w3lvf","f",37.6794509887695,0,NA,NA,NA,NA,NA,NA,NA,NA
"pc98c","m",17.312328338623,0,"k06nr",65.6438369750977,48.3315086364746,4,"fvwln",48.687671661377,31.3753433227539,4
"v6p2j","f",20.8849315643311,1.63999998569489,"t43ku",57.6931495666504,36.808219909668,8,"bdh3u",51.9945220947266,31.1095886230469,8
"vwl18","f",20.668493270874,NA,NA,NA,NA,NA,NA,NA,NA,NA
"bggm0","f",18.8356170654297,0,NA,NA,NA,NA,"u9jxm",37.1150703430176,18.2794513702393,2
"fi3gx","f",37.7643852233887,6.28000020980835,"kfow7",NA,NA,NA,"bb315",74.7808227539062,37.0164375305176,4
"tedc2","f",20.6273975372314,1.63999998569489,NA,NA,NA,NA,NA,NA,NA,NA
"gx4lh","f",27.6739730834961,2,NA,NA,NA,NA,"yy82i",53.2999992370605,25.6260280609131,8
"tcbpq","f",64.6986312866211,3,NA,NA,NA,NA,NA,NA,NA,NA
"hy0fe","f",18.668493270874,0.819999992847443,NA,NA,NA,NA,NA,NA,NA,NA
"metjs","f",61.7424659729004,6,NA,NA,NA,NA,NA,NA,NA,NA
"mskoe","m",30.6767120361328,3.46000003814697,"xwtvk",61.6958885192871,31.0191783905029,8,"pherb",58.6958885192871,28.0191783905029,8
"fkj79","m",46.7780838012695,NA,NA,NA,NA,NA,NA,NA,NA,NA
"tskfv","f",27.8876705169678,2.8199999332428,"oeqhm",NA,NA,NA,"blo4c",48.687671661377,20.7999992370605,4
"w4vaf","m",33.6767120361328,0.819999992847443,"zwswt",58.6958885192871,25.0191783905029,7,"zqdls",44.0301361083984,10.3534250259399,2
"ipeza","f",29.76438331604,1,NA,NA,NA,NA,NA,NA,NA,NA
"sjl59","m",43.9013710021973,4,"sk2w0",71.7041091918945,27.8027400970459,4,"lk16z",68.7013702392578,24.7999992370605,4
"dt3ij","m",31.6767120361328,0.819999992847443,"v871y",52.6904106140137,21.0136985778809,6,"vwcfb",51.6904106140137,20.0136985778809,6
"cflbq","m",31.6767120361328,1,"rmd4v",55.6931495666504,24.0164375305176,9,"hkiut",53.6904106140137,22.0136985778809,9
"o7nr5","f",49.687671661377,5,"mzbyj",77.0904083251953,27.4027404785156,5,"vkl7d",78.7315063476562,29.0438346862793,5
"hyydu","f",35.024658203125,3,"ssn5h",68.1095886230469,33.0849304199219,11,"edth4",51.0356178283691,16.0109596252441,8
"a5pcr","f",26.76438331604,3.64000010490417,"tghm0",44,17.23561668396,2,"kz8kb",54.6931495666504,27.9287662506104,6
"c4nc0","f",38.6849327087402,NA,NA,NA,NA,NA,NA,NA,NA,NA
"dct6z","f",19.3397254943848,0,NA,NA,NA,NA,"rs43l",43.6849327087402,24.3452053070068,6
"hiuzm","f",54.6931495666504,9,NA,NA,NA,NA,NA,NA,NA,NA
"jrx6t","f",41.6821899414062,2,"tcjf4",65.6986312866211,24.0164375305176,5,"j1ux0",59.6958885192871,18.0136985778809,5
"bec61","f",22.6821918487549,0.819999992847443,NA,NA,NA,NA,NA,NA,NA,NA
"tcx1s","f",22.6712322235107,2.64000010490417,NA,NA,NA,NA,NA,NA,NA,NA
"slxak","m",29.6739730834961,2.64000010490417,"zdti6",59.6958885192871,30.0219173431396,6,"d38mz",56.6931495666504,27.0191783905029,6
"zkz83","m",17.3643836975098,0,"xfptf",58.6958885192871,41.3315086364746,5,"b755g",57.6931495666504,40.3287658691406,5
"uarjz","m",62.6986312866211,NA,"pm3cj",88.7013702392578,26.0027389526367,5,"dy5rn",70.04931640625,7.35068511962891,4
"oz4we","f",22.0027389526367,0.819999992847443,"uiq3n",48.687671661377,26.6849308013916,8,"dsdm3",40.6821899414062,18.6794528961182,5
"xh090","m",22.6712322235107,0,"b72qp",61.6958885192871,39.024658203125,5,"o7nr5",49.687671661377,27.0164375305176,5
"fapo3","m",37.5589027404785,NA,NA,NA,NA,NA,NA,NA,NA,NA
"qtsok","m",38.4000015258789,0,"ccr18",69.5205459594727,31.120548248291,6,"ktope",75.0500030517578,36.6500015258789,6
"cre32","m",17.5643844604492,0,"xd9pq",NA,NA,NA,NA,NA,NA,NA
"vwcfb","f",51.6904106140137,6,NA,NA,NA,NA,NA,NA,NA,NA
"ysiok","m",36.6794509887695,NA,NA,NA,NA,NA,NA,NA,NA,NA
"c0eyj","m",21.758903503418,1,NA,NA,NA,NA,NA,NA,NA,NA
"nyqlw","m",54.6931495666504,5,"cas4x",70.2958908081055,15.6027393341064,7,"sd2l2",67.2931518554688,12.6000003814697,5
"klwlx","m",62.1863021850586,6,NA,NA,NA,NA,NA,NA,NA,NA
"verkm","m",78.6137008666992,1,NA,NA,NA,NA,NA,NA,NA,NA
"v50u6","f",27.6739730834961,2,"tmrj3",53.6904106140137,26.0164375305176,8,"um5f1",47.687671661377,20.0136985778809,3
"k99qe","f",19.6739730834961,0,"lmudq",61.8904113769531,42.216438293457,9,NA,NA,NA,NA
"i0l4j","f",22.9232883453369,0,"h0yzm",65.6986312866211,42.7753410339355,8,"tosdh",62.6986312866211,39.7753410339355,8
"g739f","f",18.668493270874,0.819999992847443,NA,NA,NA,NA,NA,NA,NA,NA
"zbhyz","m",23.6712322235107,0,"v871y",52.6904106140137,29.0191783905029,6,"vwcfb",51.6904106140137,28.0191783905029,6
"p29gd","m",47.7972602844238,0,"kutd4",NA,NA,NA,"p8pke",NA,NA,NA
"s9x5v","f",28.2465744018555,1.82000005245209,"zqcke",34.0219192504883,5.77534246444702,6,"fytsf",51.6904106140137,23.4438362121582,7
"j4zvz","m",50.7808227539062,2,NA,NA,NA,NA,NA,NA,NA,NA
"x7j2h","f",28.6739730834961,2.8199999332428,"rlgmu",76.7068481445312,48.0328750610352,7,"nx14f",66.7013702392578,38.0273971557617,7
"fvwln","f",48.687671661377,4.82000017166138,NA,NA,NA,NA,NA,NA,NA,NA
"dwodj","m",57.6931495666504,10.8199996948242,"ccr18",69.5205459594727,11.8273973464966,6,"ktope",75.0500030517578,17.3568496704102,6
"mhu26","m",26.9835624694824,1,"uvilo",51,24.0164375305176,9,"hi1mx",59.6958885192871,32.712329864502,8
"mhizq","f",33.6767120361328,0,NA,NA,NA,NA,"cx05o",NA,NA,NA
"al9n6","m",22.9917812347412,1.63999998569489,NA,NA,NA,NA,"zfynw",45.216438293457,22.2246570587158,6
"yxvr2","f",55.6986312866211,6,NA,NA,NA,NA,NA,NA,NA,NA
"zgqdg","m",32.6767120361328,1.63999998569489,NA,NA,NA,NA,NA,NA,NA,NA
"ebcej","m",40.7726020812988,6.6399998664856,NA,NA,NA,NA,NA,NA,NA,NA
"pksip","m",69.4904098510742,9,NA,NA,NA,NA,NA,NA,NA,NA
"p63ti","m",29.6739730834961,1.63999998569489,"rn9s9",62.6986312866211,33.024658203125,3,"csa26",56.6931495666504,27.0191783905029,3
"keq5d","m",16.6739730834961,NA,NA,NA,NA,NA,NA,NA,NA,NA
"xebmq","m",48.687671661377,6.6399998664856,"gchsl",79.0547943115234,30.3671226501465,5,"r0d2c",83.5726013183594,34.8849296569824,5
"cf2tq","m",15.6712331771851,0,"pkwpc",54.0383567810059,38.3671226501465,6,"yxvr2",55.6986312866211,40.0273971557617,6
"vm4g0","f",30.7315063476562,2,"ptt0j",59.3698616027832,28.638355255127,6,"metjs",61.7424659729004,31.0109596252441,6
"ytjkh","f",23.0465755462646,2.64000010490417,"agzjv",34.0219192504883,10.9753427505493,6,"ncfr8",54.6931495666504,31.6465759277344,7
"qa4sc","f",34.9150695800781,4.82000017166138,"ccr18",69.5205459594727,34.6054801940918,6,"ktope",75.0500030517578,40.1349296569824,6
"p1eae","m",51.6904106140137,3,"mzbyj",77.0904083251953,25.3999996185303,5,"vkl7d",78.7315063476562,27.0410957336426,5
"vok7y","f",23.2465744018555,1.82000005245209,NA,NA,NA,NA,NA,NA,NA,NA
"itbl3","f",21.668493270874,1.63999998569489,"n4bxs",51.6904106140137,30.0219173431396,9,"ipvj1",39.0273971557617,17.3589038848877,4
"ulffl","f",80.5780792236328,8,NA,NA,NA,NA,NA,NA,NA,NA
"az6iq","m",36.2904090881348,5.46000003814697,NA,NA,NA,NA,NA,NA,NA,NA
"lfo3c","m",20.7616443634033,0,NA,NA,NA,NA,"d3k9p",48.687671661377,27.9260272979736,9
"woyoi","m",25.7616443634033,NA,NA,NA,NA,NA,NA,NA,NA,NA
"lxpn2","m",20.7452049255371,0,"dkp4f",49.7643852233887,29.0191783905029,5,"d45fm",45.7616424560547,25.0164375305176,5
"x0m0f","f",70.0383529663086,7,NA,NA,NA,NA,NA,NA,NA,NA
"fk9p5","m",45.7753410339355,NA,NA,NA,NA,NA,NA,NA,NA,NA
"jqqzb","m",29.76438331604,0,"spkgn",55.0383567810059,25.2739734649658,3,"eiddq",65.5424652099609,35.7780838012695,3
"zmzvb","m",27.6739730834961,0.819999992847443,"pb47o",38.0273971557617,10.3534250259399,3,"ttgu3",31.0219173431396,3.34794521331787,3
"qrm12","m",44.0299987792969,0,"mzbyj",77.0899963378906,33.060001373291,5,"vkl7d",78.7300033569336,34.7000007629395,5
"grhn3","m",51.0821914672852,2.8199999332428,"xo4a4",69.8000030517578,18.7178077697754,7,"ulffl",80.5780792236328,29.4958896636963,8
"a3p13","m",22.4191780090332,0,"xxu4k",53.0054779052734,30.5863018035889,11,"hiuzm",52.689998626709,30.2708225250244,9
"ahzj3","f",58.0410957336426,7,NA,NA,NA,NA,"y5nqt",76.7068481445312,18.6657543182373,2
"d1uc0","m",23.7616443634033,0.819999992847443,NA,NA,NA,NA,NA,NA,NA,NA
"s0k8c","m",39.1506843566895,2.8199999332428,NA,NA,NA,NA,NA,NA,NA,NA
"b313o","f",16.758903503418,NA,NA,NA,NA,NA,NA,NA,NA,NA
"qdjty","m",61.6958885192871,8,NA,NA,NA,NA,NA,NA,NA,NA
"l741r","f",67.7013702392578,8,NA,NA,NA,NA,NA,NA,NA,NA
"zx2ui","f",30.6767120361328,4.82000017166138,"e4jrk",38.024658203125,7.34794521331787,9,"k1bp9",48.312328338623,17.6356163024902,7
"r4bzh","m",17.6657543182373,0,NA,NA,NA,NA,"qnv5e",36.6794509887695,19.0136985778809,3
"ikqgx","f",25.5342464447021,2,"rcdon",56.0383567810059,30.5041103363037,5,"vf3u8",61.9561653137207,36.4219169616699,5
"xz758","m",24.7616443634033,NA,NA,NA,NA,NA,NA,NA,NA,NA
"kaazy","m",18.668493270874,0,NA,NA,NA,NA,"cx05o",NA,NA,NA
"g4fl6","m",23.6712322235107,0.819999992847443,"nraxg",42.6849327087402,19.0136985778809,8,"c51t9",38.5205497741699,14.8493146896362,7
"wc50b","m",19.0876712799072,0,"qnl0y",40.6821899414062,21.5945205688477,4,"kkhz2",39.6821899414062,20.5945205688477,4
"myq5f","m",21.9808216094971,0,"zqcke",34.0219192504883,12.0410957336426,6,"fytsf",51.6904106140137,29.7095890045166,7
"w66om","m",44.2849311828613,5.82000017166138,"pksip",69.4904098510742,25.2054786682129,9,"ksapg",61.8400001525879,17.5550689697266,3
"qq7jr","m",28.6739730834961,1.63999998569489,"c87d6",46.0328750610352,17.3589038848877,8,"u85lo",44.6699981689453,15.9960269927979,8
"b755g","f",57.6931495666504,5,NA,NA,NA,NA,NA,NA,NA,NA
"nzatr","f",37.5178070068359,3.64000010490417,"yw6ai",61.5534248352051,24.0356159210205,8,"rtdq5",60,22.4821910858154,10
"o4tco","m",39.6821899414062,7.82000017166138,"xwtvk",61.6958885192871,22.0136985778809,8,"pherb",58.6958885192871,19.0136985778809,8
"mo9co","f",46.7780838012695,NA,NA,NA,NA,NA,"oc5ly",81.3835601806641,34.6054801940918,6
"grfh3","f",58.5862998962402,4,NA,NA,NA,NA,NA,NA,NA,NA
"ewtzn","f",21.1863021850586,1.63999998569489,"a99nn",47.0986289978027,25.9123287200928,8,"qr6xo",45.613697052002,24.427396774292,7
"gy60o","f",36.7698631286621,NA,NA,NA,NA,NA,NA,NA,NA,NA
"t6zer","m",33.1178092956543,4.6399998664856,"ssn5h",68.1095886230469,34.9917793273926,11,"edth4",51.0356178283691,17.9178085327148,8
"a5loi","m",57.3835601806641,5,NA,NA,NA,NA,NA,NA,NA,NA
"pdz20","f",16.7315063476562,0.819999992847443,"rzq0e",52.2082176208496,35.4767112731934,3,"gy60o",NA,NA,NA
"wifyg","m",22.8383560180664,0,"xwtvk",61.6958885192871,38.8575325012207,8,"pherb",58.6958885192871,35.8575325012207,8
"r8ntq","f",28.6739730834961,2.46000003814697,"uc0t8",NA,NA,NA,"ahzj3",58.0410957336426,29.3671226501465,7
"n2fi3","m",38.5232887268066,7.6399998664856,NA,NA,NA,NA,NA,NA,NA,NA
"uqu7o","m",40.6821899414062,5.82000017166138,NA,NA,NA,NA,NA,NA,NA,NA
"j2tct","f",25.7616443634033,2.64000010490417,NA,NA,NA,NA,NA,NA,NA,NA
"if0ww","f",30.6767120361328,0.819999992847443,NA,NA,NA,NA,NA,NA,NA,NA
"hgipq","m",26.5123291015625,0.819999992847443,"oeqhm",NA,NA,NA,"blo4c",48.687671661377,22.1753425598145,4
"okz3x","m",25.5424652099609,0.819999992847443,"xxu4k",53.0054779052734,27.4630146026611,11,"hiuzm",52.689998626709,27.147533416748,9
"tgs2z","f",31.6767120361328,3.8199999332428,"icx35",50.9917793273926,19.3150691986084,6,NA,NA,NA,NA
"ckdaq","m",23.6712322235107,NA,NA,NA,NA,NA,NA,NA,NA,NA
"kkhz2","f",39.6821899414062,4.82000017166138,NA,NA,NA,NA,NA,NA,NA,NA
"ca8g0","m",15.7506847381592,0,NA,NA,NA,NA,"yafyq",32.6767120361328,16.9260272979736,3
"y5nqt","f",76.7068481445312,2,NA,NA,NA,NA,NA,NA,NA,NA
"jfgy1","m",26.6767120361328,1.63999998569489,NA,NA,NA,NA,NA,NA,NA,NA
"yav94","m",46.687671661377,1,NA,NA,NA,NA,NA,NA,NA,NA
"jy4dn","m",60.6958885192871,7.82000017166138,NA,NA,NA,NA,NA,NA,NA,NA
"sa7eh","m",45.6849327087402,6,"u3lvm",78.5589065551758,32.8739738464355,7,"x0m0f",70.0383529663086,24.3534240722656,7
"c5ate","m",17.9835624694824,0,"w4tmg",51.6904106140137,33.7068481445312,6,"xwskh",45.6849327087402,27.7013702392578,6
"xnpos","f",60.6958885192871,4,"vvk8g",64.0438385009766,3.34794521331787,4,"lmbsv",81.5534210205078,20.8575344085693,4
"vz8oj","f",37.6794509887695,7.6399998664856,NA,NA,NA,NA,"c3dsm",59.6958885192871,22.0164375305176,9
"gy0o8","m",20.9863014221191,0,"gouug",57.6931495666504,36.7068481445312,11,"dp8nn",53.4137001037598,32.4273986816406,6
"nrj92","f",19.668493270874,1.63999998569489,"nknq0",45.6849327087402,26.0164375305176,3,"yxley",42.6849327087402,23.0164375305176,3
"w2qdg","m",26.6739730834961,NA,NA,NA,NA,NA,NA,NA,NA,NA
"vc2kg","m",39.4767112731934,6.82000017166138,"hnkaa",77.0400009155273,37.5632858276367,4,"lycjo",81.6958923339844,42.2191772460938,4
"zn82l","m",22.6712322235107,0,"s6lpf",32.0219192504883,9.35068511962891,4,"urdis",42.8849296569824,20.2136993408203,7
"yi78n","f",22.6712322235107,0,"e4xs3",53.6904106140137,31.0191783905029,4,"dmrfz",46.687671661377,24.0164375305176,4
"hbynw","m",72.7041091918945,3,NA,NA,NA,NA,NA,NA,NA,NA
"efgtq","f",18.0027389526367,0,"pksip",69.4904098510742,51.4876708984375,9,"xgk6q",NA,NA,NA
"nhu3e","m",45.6684913635254,2.8199999332428,"d1px7",60.0410957336426,14.3726024627686,4,"jympc",68.7013702392578,23.0328769683838,4
"dj9fr","m",35.6794509887695,3.64000010490417,NA,NA,NA,NA,"snhy8",64.0438385009766,28.3643836975098,5
"aa25k","f",18.668493270874,0.819999992847443,"vbocw",39.7726020812988,21.1041088104248,2,"ysuti",44.6849327087402,26.0164375305176,4
"ykyeg","f",29.3753433227539,1,"e4jrk",38.024658203125,8.64931488037109,9,"k1bp9",48.312328338623,18.9369869232178,7
"jktr7","f",62.5945205688477,8,NA,NA,NA,NA,NA,NA,NA,NA
"i0vw2","f",64.6986312866211,3,NA,NA,NA,NA,"psx97",83.709587097168,19.0109596252441,3
"i79vg","f",38.024658203125,0,"vvk8g",64.0438385009766,26.0191783905029,4,"lmbsv",81.5534210205078,43.5287666320801,4
"ihvpf","f",41.7506866455078,4.82000017166138,"bbqsy",67.9534225463867,26.2027397155762,5,"y2h1k",66.5232849121094,24.7726020812988,5
"t7c4e","f",30.6767120361328,NA,"luoxd",49.783561706543,19.1068496704102,2,"wy56k",44.0301361083984,13.3534250259399,2
"dw1ot","f",39.2547950744629,5.82000017166138,"bdyke",67.7013702392578,28.4465751647949,8,"l741r",67.7013702392578,28.4465751647949,8
"nk7re","m",15.7780818939209,0,"rzq0e",52.2082176208496,36.4301376342773,3,"gy60o",NA,NA,NA
"isy2s","m",31.6821918487549,0,"pkwpc",54.0383567810059,22.356164932251,6,"yxvr2",55.6986312866211,24.0164375305176,6
"b7nq9","f",68.7013702392578,8,NA,NA,NA,NA,NA,NA,NA,NA
"yh52e","m",42.6849327087402,6.82000017166138,"qdjty",61.6958885192871,19.0109596252441,8,"whtru",61.6958885192871,19.0109596252441,1
"iaqwj","m",32.6739730834961,NA,"verkm",78.6137008666992,45.9397277832031,1,"dbcyt",73.9424667358398,41.2684936523438,1
"w8wk0","m",35.024658203125,1,NA,NA,NA,NA,"b7nq9",68.7013702392578,33.6767120361328,8
"a99nn","m",47.0986289978027,8.81999969482422,NA,NA,NA,NA,NA,NA,NA,NA
"p72v7","f",34.6794509887695,NA,NA,NA,NA,NA,"i0vw2",64.6986312866211,30.0191783905029,3
"hlkq9","m",26.6739730834961,0,"fmjlz",50.6904106140137,24.0164375305176,5,"vc752",36.04931640625,9.37534236907959,3
"oa9d5","m",21.758903503418,0,"mx3pk",45.7753410339355,24.0164375305176,6,"rn696",36.7698631286621,15.0109586715698,5
"ffi0m","f",16.879451751709,0,"wucdc",35,18.120548248291,1,"fi3gx",37.7643852233887,20.8849315643311,3
"gnrsu","m",21.668493270874,0,"ie026",69.7013702392578,48.0328750610352,5,"k6pgi",64.6986312866211,43.0301361083984,5
"g2oiv","f",20.0986309051514,0.819999992847443,"e4xs3",53.6904106140137,33.5917816162109,4,"dmrfz",46.687671661377,26.5890407562256,4
"qwk8y","f",50.8054809570312,9,NA,NA,NA,NA,NA,NA,NA,NA
"kz0u9","m",29.0630130767822,1.82000005245209,NA,NA,NA,NA,NA,NA,NA,NA
"lkoer","f",19.668493270874,0.819999992847443,"uiq3n",48.687671661377,29.0191783905029,8,"dsdm3",40.6821899414062,21.0136985778809,5
"dyojo","f",23.4493141174316,1.63999998569489,NA,NA,NA,NA,NA,NA,NA,NA
"xzw5q","m",66.7013702392578,NA,NA,NA,NA,NA,NA,NA,NA,NA
"dfln6","m",21.2438354492188,0,"i7oef",NA,NA,NA,"f2j91",39.9945220947266,18.7506847381592,3
"vqw4a","f",35.8438339233398,0,"bbqsy",67.9534225463867,32.1095886230469,5,"y2h1k",66.5232849121094,30.6794528961182,5
"jwtpo","m",31.0438346862793,NA,"mul0g",74.7068481445312,43.663013458252,5,"s223l",50.2821922302246,19.2383556365967,5
"rcnkm","m",34.6794509887695,2,NA,NA,NA,NA,NA,NA,NA,NA
"u7xhw","f",59.7698631286621,NA,NA,NA,NA,NA,NA,NA,NA,NA
"f2cux","f",47.687671661377,9,"hbynw",72.7041091918945,25.0164375305176,3,"wa4br",37.024658203125,-10.663013458252,3
"f4bmd","m",56.6931495666504,NA,NA,NA,NA,NA,NA,NA,NA,NA
"xn2tf","m",29.7506847381592,1.82000005245209,"bxbkg",NA,NA,NA,"dr1vh",76.7068481445312,46.9561653137207,8
"a70vb","f",33.6767120361328,4.6399998664856,"rmd4v",55.6931495666504,22.0164375305176,9,"hkiut",53.6904106140137,20.0136985778809,9
"ttgu3","f",31.0219173431396,3,"i9rdv",54.0356178283691,23.0136985778809,4,"vsvmr",55.2000007629395,24.1780815124512,4
"x9uyz","f",34.6794509887695,2.8199999332428,"zqcke",34.0219192504883,-0.657534241676331,6,"fytsf",51.6904106140137,17.0109596252441,7
"gbb4m","m",34.6794509887695,2.8199999332428,NA,NA,NA,NA,NA,NA,NA,NA
"wx059","m",16.7561645507812,0,"icx35",50.9917793273926,34.2356147766113,6,NA,NA,NA,NA
"kmfpm","f",46.687671661377,9.64000034332275,NA,NA,NA,NA,NA,NA,NA,NA
"d3k9p","f",48.687671661377,9.81999969482422,NA,NA,NA,NA,NA,NA,NA,NA
"dol2t","f",25.8164386749268,2.8199999332428,NA,NA,NA,NA,"tfpuh",38.7726020812988,12.9561643600464,4
"xtq0b","m",30.6767120361328,0,NA,NA,NA,NA,"a2esy",59.6958885192871,29.0191783905029,8
"pkqkd","m",23.6712322235107,0,"c87d6",46.0328750610352,22.361644744873,8,"u85lo",44.6699981689453,20.9987678527832,8
"zn9yy","f",44.6849327087402,6.82000017166138,"kkbge",78.709587097168,34.024658203125,5,"mqb2z",76.7068481445312,32.0219192504883,5
"zwswt","m",58.6958885192871,7,NA,NA,NA,NA,NA,NA,NA,NA
"ghtwh","f",16.668493270874,0,"s6lpf",32.0219192504883,15.3534250259399,4,"urdis",42.8849296569824,26.216438293457,7
"hmo8z","f",39.6821899414062,4,NA,NA,NA,NA,"b7nq9",68.7013702392578,29.0191783905029,8
"vw8gz","f",38.024658203125,5.6399998664856,"ssn5h",68.1095886230469,30.0849323272705,11,"edth4",51.0356178283691,13.0109586715698,8
"f3gl4","f",27.7999992370605,2.8199999332428,NA,NA,NA,NA,NA,NA,NA,NA
"eqmj9","f",26.6739730834961,3.46000003814697,NA,NA,NA,NA,NA,NA,NA,NA
"elev3","m",23.3479442596436,2,NA,NA,NA,NA,"qwk8y",50.8054809570312,27.4575347900391,9
"di8ez","f",29.6739730834961,2,"jy4dn",60.6958885192871,31.0219173431396,7,"smjzp",55.6931495666504,26.0191783905029,7
"yv80z","m",24.7616443634033,0,NA,NA,NA,NA,"s4ecp",49.0328750610352,24.2712326049805,3
"bkxg2","m",17.6712322235107,0,"pkwpc",54.0383567810059,36.3671226501465,6,"yxvr2",55.6986312866211,38.0273971557617,6
"ac2xg","m",22.2273979187012,NA,NA,NA,NA,NA,NA,NA,NA,NA
"ze8r4","m",32.6767120361328,2.64000010490417,"h1x4z",67.7013702392578,35.024658203125,7,"hi4wb",57.0410957336426,24.3643836975098,7
"xnvz4","m",26.9698638916016,0.819999992847443,"pt43m",66.4383544921875,39.4684944152832,8,"jktr7",62.5945205688477,35.6246566772461,8
"ii77o","f",71.3890380859375,4,NA,NA,NA,NA,"zdyce",86.7890396118164,15.3999996185303,3
"p1p98","m",23.1013698577881,1.63999998569489,"e4jrk",38.024658203125,14.9232873916626,9,"k1bp9",48.312328338623,25.210958480835,7
"s649c","f",23.476713180542,2.64000010490417,NA,NA,NA,NA,"zfynw",45.216438293457,21.739725112915,6
"bdh3u","f",51.9945220947266,8,NA,NA,NA,NA,NA,NA,NA,NA
"ysuti","f",44.6849327087402,4,"bdyke",67.7013702392578,23.0164375305176,8,"l741r",67.7013702392578,23.0164375305176,8
"xfptf","m",58.6958885192871,5,NA,NA,NA,NA,NA,NA,NA,NA
"g3mmr","m",20.668493270874,0,"ihmut",62.6986312866211,42.0301361083984,8,NA,NA,NA,NA
"l5jtk","m",64.6986312866211,4,"kk0u4",82.5534210205078,17.8547954559326,3,NA,NA,NA,NA
"k1bp9","f",48.312328338623,7,NA,NA,NA,NA,NA,NA,NA,NA
"l5ruo","m",31.6767120361328,2.46000003814697,"gouug",57.6931495666504,26.0164375305176,11,"avufq",53.0438346862793,21.3671226501465,5
"ktope","f",72.0547943115234,6,NA,NA,NA,NA,NA,NA,NA,NA
"oq2do","f",60.6958885192871,3,NA,NA,NA,NA,NA,NA,NA,NA
"femx8","m",33.8712310791016,1.63999998569489,"h0yzm",65.6986312866211,31.8273963928223,8,"tosdh",62.6986312866211,28.8273963928223,8
"vrdto","m",29.6739730834961,3.64000010490417,NA,NA,NA,NA,NA,NA,NA,NA
"q3ol8","f",36.6794509887695,6.6399998664856,"y33yu",71.04931640625,34.3698616027832,6,"vwsqc",47.0328750610352,10.3534250259399,4
"bi7cl","m",22.7452049255371,1.63999998569489,NA,NA,NA,NA,"f2cux",47.687671661377,24.9424648284912,9
"csa26","f",56.6931495666504,3,NA,NA,NA,NA,NA,NA,NA,NA
"dnywh","f",18.7561645507812,0,"synk4",43.6849327087402,24.9287662506104,9,"r1x56",43.5698623657227,24.8136978149414,8
"rgle8","f",42.4876708984375,6,"ssn5h",68.1095886230469,25.6219177246094,11,"edth4",51.0356178283691,8.54794502258301,8
"dy6rg","m",23.6712322235107,0,"e4jrk",38.024658203125,14.3534250259399,9,"utdl0",58.689998626709,35.0187683105469,6
"xxu4k","m",53.0054779052734,11,NA,NA,NA,NA,NA,NA,NA,NA
"s6ioo","f",29.6739730834961,4.6399998664856,NA,NA,NA,NA,NA,NA,NA,NA
"b9qhp","f",56.6931495666504,NA,NA,NA,NA,NA,"y5nqt",76.7068481445312,20.0136985778809,2
"n8r90","m",18.668493270874,0,"vs03c",58.0410957336426,39.3726043701172,9,"mhj5e",59.9232864379883,41.2547950744629,9
"blo4c","f",48.687671661377,4,"tiqf0",72.04931640625,23.361644744873,7,"v7y86",72.9643859863281,24.2767124176025,6
"srqwe","f",24.6712322235107,3.64000010490417,"qdjty",61.6958885192871,37.024658203125,8,"qwk8y",50.8054809570312,26.1342468261719,9
"s9rg4","m",24.1561641693115,0,"u36tx",49.2356147766113,25.0794525146484,6,"mcs74",37.4410972595215,13.2849311828613,5
"q0zdc","m",34.6794509887695,0.819999992847443,"i9rdv",54.0356178283691,19.356164932251,4,"vsvmr",55.2000007629395,20.5205478668213,4
"ai7tg","m",38.3397254943848,6,"spkgn",55.0383567810059,16.6986293792725,3,"eiddq",65.5424652099609,27.2027397155762,3
"bcn71","f",26.6739730834961,3.64000010490417,NA,NA,NA,NA,"i0vw2",64.6986312866211,38.024658203125,3
"xwtvk","m",61.6958885192871,8,NA,NA,NA,NA,NA,NA,NA,NA
"x69f3","f",32.6767120361328,2.64000010490417,"uvilo",51,18.3232879638672,9,"hi1mx",59.6958885192871,27.0191783905029,8
"dckld","m",38.5397262573242,6.6399998664856,"hgsof",81.5369873046875,42.9972610473633,8,"thip2",71.1600036621094,32.6202735900879,8
"rt7iw","f",19.306848526001,0.819999992847443,NA,NA,NA,NA,"jrx6t",41.6821899414062,22.3753433227539,2
"ch7zr","f",51.7643852233887,2,NA,NA,NA,NA,NA,NA,NA,NA
"dqfdz","f",17.6657543182373,0.819999992847443,"oo8vg",36.6794509887695,19.0136985778809,5,"qihwa",35.6794509887695,18.0136985778809,5
"dyqhn","f",22.8986301422119,0.819999992847443,"k06nr",65.6438369750977,42.7452049255371,4,"fvwln",48.687671661377,25.789041519165,4
"hyu1q","f",15.213698387146,0,NA,NA,NA,NA,"l2u7d",31.1068496704102,15.8931503295898,5
"ancwu","m",19.668493270874,0,"b72qp",61.6958885192871,42.0273971557617,5,"o7nr5",49.687671661377,30.0191783905029,5
"ohcxm","m",27.6739730834961,1.63999998569489,"n9zev",61.5534248352051,33.879451751709,8,"ofwbg",59.6958885192871,32.0219192504883,4
"d45fm","f",45.7616424560547,5,NA,NA,NA,NA,NA,NA,NA,NA
"b72qp","m",61.6958885192871,5,NA,NA,NA,NA,NA,NA,NA,NA
"c2ugy","m",26.5369853973389,0,"vs03c",58.0410957336426,31.5041103363037,9,"mhj5e",59.9232864379883,33.386302947998,9
"mxnbd","m",17.3945198059082,0,"pksip",69.4904098510742,52.095890045166,9,"xgk6q",NA,NA,NA
"sjeuc","f",62.6986312866211,3,"qi8pi",92.7178115844727,30.0191783905029,3,"fev0s",83.5534210205078,20.8547954559326,3
"xzwf6","f",29.6739730834961,4.6399998664856,"l5jtk",64.6986312866211,35.024658203125,4,"xnpos",60.6958885192871,31.0219173431396,4
"uwsrv","m",20.758903503418,NA,NA,NA,NA,NA,NA,NA,NA,NA
"w1j7d","m",26.7479457855225,0,NA,NA,NA,NA,"zn9yy",44.6849327087402,17.9369869232178,6
"iqrkk","f",17.6520557403564,1.63999998569489,"pafjl",41.0027389526367,23.3506851196289,5,"jx0j6",36.9890403747559,19.336986541748,3
"vtp1k","m",58.4931488037109,8,"vvk8g",64.0438385009766,5.55068492889404,4,"lmbsv",81.5534210205078,23.0602741241455,4
"ihr7t","m",52.2246589660645,8.64000034332275,NA,NA,NA,NA,NA,NA,NA,NA
"oxh5d","m",26.6739730834961,0.819999992847443,NA,NA,NA,NA,NA,NA,NA,NA
"au5xi","f",40.6821899414062,6.82000017166138,NA,NA,NA,NA,NA,NA,NA,NA
"cp07v","f",55.9452056884766,6,"hnkaa",77.0400009155273,21.0947952270508,4,"lycjo",81.6958923339844,25.7506847381592,4
"rnd2j","f",45.6849327087402,6.82000017166138,"pt43m",66.4383544921875,20.7534255981445,8,"jktr7",62.5945205688477,16.9095897674561,8
"v2efb","m",32.6602745056152,4.82000017166138,"vs03c",58.0410957336426,25.3808212280273,9,"mhj5e",59.9232864379883,27.2630138397217,9
"vxnr7","m",45.9397277832031,0,"ccr18",69.5205459594727,23.5808219909668,6,"ktope",75.0500030517578,29.1102733612061,6
"n5ukc","m",82.7123260498047,7,NA,NA,NA,NA,NA,NA,NA,NA
"wso2u","f",19.758903503418,NA,NA,NA,NA,NA,NA,NA,NA,NA
"u85lo","f",42.6657524108887,8,"hgsof",81.5369873046875,38.8712310791016,8,"thip2",71.1600036621094,28.4942474365234,8
"jz6vg","f",18.668493270874,0.819999992847443,NA,NA,NA,NA,"yy82i",53.2999992370605,34.6315078735352,8
"ft51e","f",45.6849327087402,7,NA,NA,NA,NA,NA,NA,NA,NA
"yzrpn","m",48.687671661377,9.64000034332275,NA,NA,NA,NA,NA,NA,NA,NA
"k06nr","m",65.6438369750977,4,"gchsl",79.0547943115234,13.4109592437744,5,"r0d2c",83.5726013183594,17.9287662506104,5
"qz8uo","m",58.1835632324219,2.8199999332428,"xo4a4",69.8000030517578,11.6164379119873,7,"ulffl",80.5780792236328,22.3945198059082,8
"qwqro","m",25.2438354492188,1.63999998569489,"gouug",57.6931495666504,32.4493141174316,11,"avufq",53.0438346862793,27.7999992370605,5
"z25zp","m",43.758903503418,6.6399998664856,NA,NA,NA,NA,NA,NA,NA,NA
"e5mh0","m",32.6767120361328,1.63999998569489,NA,NA,NA,NA,NA,NA,NA,NA
"ipq85","m",33.1260261535645,1.63999998569489,"xfptf",58.6958885192871,25.5698623657227,5,"b755g",57.6931495666504,24.5671234130859,5
"afu3f","f",18.758903503418,0,"bdyke",67.7013702392578,48.9424667358398,8,"l741r",67.7013702392578,48.9424667358398,8
"s34fm","m",24.6712322235107,0,"n4bxs",51.6904106140137,27.0191783905029,9,NA,NA,NA,NA
"jecrb","f",31.6767120361328,3.8199999332428,"xxu4k",53.0054779052734,21.3287677764893,11,"hiuzm",52.689998626709,21.0132884979248,9
"zyrn7","m",27.6739730834961,NA,"fh6h4",50.6904106140137,23.0164375305176,9,"k27gm",45.6849327087402,18.0109596252441,9
"knzp0","f",19.7205486297607,0.819999992847443,"hqjv5",71.1342468261719,51.4137001037598,6,"c3dsm",59.6958885192871,39.975341796875,9
"auu07","f",29.7369861602783,3,"mul0g",74.7068481445312,44.9698638916016,5,"s223l",50.2821922302246,20.5452060699463,5
"is0yh","m",24.4931507110596,0,"pt43m",66.4383544921875,41.9452056884766,8,"jktr7",62.5945205688477,38.1013717651367,8
"wpuld","f",34.6794509887695,6.6399998664856,"qk8uf",65.9589004516602,31.2794513702393,5,NA,NA,NA,NA
"rtdq5","f",60.6958885192871,10,NA,NA,NA,NA,NA,NA,NA,NA
"jyawq","m",26.6849308013916,2.64000010490417,"avi4x",63.3506851196289,36.6657524108887,6,"cp07v",55.9452056884766,29.260274887085,6
"xro2v","m",18.7424659729004,0,"h3z2u",41.6109580993652,22.8684940338135,4,"bsi70",35.024658203125,16.2821922302246,4
"d9kk0","m",17.8273963928223,0,"dkp4f",49.7643852233887,31.9369869232178,5,"d45fm",45.7616424560547,27.9342460632324,5
"dt6nj","m",39.6821899414062,1,"bbqsy",67.9534225463867,28.2712326049805,5,"y2h1k",66.5232849121094,26.8410949707031,5
"wx34h","m",38.4328765869141,9.64000034332275,NA,NA,NA,NA,NA,NA,NA,NA
"sfpdd","m",22.6712322235107,0.819999992847443,NA,NA,NA,NA,NA,NA,NA,NA
"nmhty","f",48.687671661377,3,"u3lvm",78.5589065551758,29.8712329864502,7,"x0m0f",70.0383529663086,21.3506851196289,7
"fnuwq","m",20.4410953521729,0,"pnc47",48.5972595214844,28.1561641693115,8,"bkanp",41.1150703430176,20.6739730834961,8
"p7b7z","f",16.6657543182373,NA,NA,NA,NA,NA,"yy82i",53.2999992370605,36.6342468261719,8
"ws7dk","m",22.6712322235107,0,"ihmut",62.6986312866211,40.0273971557617,8,NA,NA,NA,NA
"njskx","m",31.4054794311523,2.8199999332428,"t43ku",57.6931495666504,26.2876720428467,8,"bdh3u",51.9945220947266,20.5890407562256,8
"e1g9u","f",25.7479457855225,3.8199999332428,"ihmut",62.6986312866211,36.95068359375,8,NA,NA,NA,NA
"uc0t8","m",56.7013702392578,NA,NA,NA,NA,NA,NA,NA,NA,NA
"wptdh","m",24.7863006591797,0.819999992847443,"i7oef",NA,NA,NA,"f2j91",39.9945220947266,15.2082195281982,3
"lk16z","f",68.7013702392578,4,NA,NA,NA,NA,NA,NA,NA,NA
"fds4t","f",19.9123287200928,1,"a09eg",68.0356140136719,48.1232872009277,6,"sjeuc",62.6986312866211,42.7863006591797,3
"fh6h4","m",50.6904106140137,10.6400003433228,NA,NA,NA,NA,NA,NA,NA,NA
"n9zev","m",61.5534248352051,8,"tiqf0",72.04931640625,10.4958906173706,7,"s072y",22.0136985778809,-39.5397262573242,1
"k1kst","f",18.668493270874,NA,"zwswt",58.6958885192871,40.0273971557617,7,"hgady",32.6027412414551,13.9342470169067,5
"hkiut","f",53.6904106140137,9,"mzbyj",77.0904083251953,23.3999996185303,5,"vkl7d",78.7315063476562,25.0410957336426,5
"cz0i9","f",29.1123294830322,2.64000010490417,"vtp1k",58.4931488037109,29.3808212280273,8,"i6jkb",49.2904090881348,20.1780815124512,8
"z8v8r","f",16.758903503418,0,NA,NA,NA,NA,"qa4sc",34.9150695800781,18.1561641693115,4
"tembj","m",17.7616443634033,0,"lq8fm",46.687671661377,28.9260272979736,7,"n5sxz",42.6849327087402,24.9232883453369,7
"mm2pg","m",27.7479457855225,0,"icx35",50.9917793273926,23.2438354492188,6,NA,NA,NA,NA
"rn696","f",36.7698631286621,6.6399998664856,NA,NA,NA,NA,NA,NA,NA,NA
"qhptx","m",26.76438331604,0,"httua",52.6767120361328,25.9123287200928,11,NA,NA,NA,NA
"r3ceq","f",25.6712322235107,2.8199999332428,NA,NA,NA,NA,NA,NA,NA,NA
"vdv68","f",71.7041091918945,3,NA,NA,NA,NA,NA,NA,NA,NA
"ixys7","m",19.23561668396,0,"yw6ai",61.5534248352051,42.3178100585938,8,"ps8z2",49.5013694763184,30.2657527923584,5
"v5uv9","f",33.6767120361328,5.6399998664856,NA,NA,NA,NA,"xi5da",59.2438354492188,25.5671234130859,4
"t726i","f",26.6739730834961,2.64000010490417,NA,NA,NA,NA,NA,NA,NA,NA
"p5c2h","f",23.6712322235107,1,"gouug",57.6931495666504,34.0219192504883,11,"avufq",53.0438346862793,29.3726024627686,5
"vfl83","m",24.668493270874,0.819999992847443,"zqcke",34.0219192504883,9.35342502593994,6,"fytsf",51.6904106140137,27.0219173431396,7
"yy1p6","f",35.6794509887695,2.8199999332428,NA,NA,NA,NA,"b7nq9",68.7013702392578,33.0219192504883,8
"ekdvi","f",55.9643821716309,5,NA,NA,NA,NA,NA,NA,NA,NA
"vjo64","f",22.6000003814697,0,"h0yzm",65.6986312866211,43.0986289978027,8,"tosdh",62.6986312866211,40.0986289978027,8
"tzlz5","m",72.7808227539062,NA,NA,NA,NA,NA,NA,NA,NA,NA
"aqdv8","m",32.928768157959,0,"xxu4k",53.0054779052734,20.0767116546631,11,"hiuzm",52.689998626709,19.7612323760986,9
"um5f1","f",47.687671661377,3,NA,NA,NA,NA,NA,NA,NA,NA
"wmq34","m",36.7698631286621,5.6399998664856,NA,NA,NA,NA,NA,NA,NA,NA
"luoxd","m",49.783561706543,2,"mzbyj",77.0904083251953,27.306848526001,5,"vkl7d",78.7315063476562,28.9479446411133,5
"w5wr1","f",35.6547927856445,5.82000017166138,"agzjv",34.0219192504883,-1.63287675380707,6,"ncfr8",54.6931495666504,19.0383567810059,7
"mxrxm","f",30.2191772460938,3.8199999332428,NA,NA,NA,NA,"bhfu3",52.6904106140137,22.4712333679199,3
"g62xd","m",44.6849327087402,NA,NA,NA,NA,NA,NA,NA,NA,NA
"lcheo","f",37.6794509887695,4,"gchsl",79.0547943115234,41.3753433227539,5,"r0d2c",83.5726013183594,45.8931503295898,5
"z7l69","f",25.6958904266357,0.819999992847443,"a5loi",57.3835601806641,31.687671661377,5,"ekdvi",55.9643821716309,30.2684936523438,5
"t43ku","m",57.6931495666504,8,NA,NA,NA,NA,NA,NA,NA,NA
"bxyg5","m",62.6986312866211,3,NA,NA,NA,NA,NA,NA,NA,NA
"kerr6","m",19.1452045440674,0,"a99nn",47.0986289978027,27.9534244537354,8,"qr6xo",45.613697052002,26.4684925079346,7
"m5chv","f",23.3589038848877,1.63999998569489,"rcdon",56.0383567810059,32.6794509887695,5,"vf3u8",61.9561653137207,38.5972595214844,5
"sjxjq","f",58.6958885192871,1,NA,NA,NA,NA,NA,NA,NA,NA
"qixvy","f",22.6712322235107,0,"tmrj3",53.6904106140137,31.0191783905029,8,"um5f1",47.687671661377,25.0164375305176,3
"s7c7v","m",39.7726020812988,4.6399998664856,NA,NA,NA,NA,NA,NA,NA,NA
"wwvcu","m",27.5205478668213,0,"a35od",38.0273971557617,10.5068492889404,5,"nmhty",48.687671661377,21.1671237945557,3
"i8hca","f",26.6739730834961,2.8199999332428,"sk2w0",71.7041091918945,45.0301361083984,4,"lk16z",68.7013702392578,42.0273971557617,4
"l2kgy","f",29.6739730834961,2.64000010490417,"cas4x",70.2958908081055,40.6219177246094,7,"sd2l2",67.2931518554688,37.6191787719727,5
"utdl0","f",56.6931495666504,6,NA,NA,NA,NA,NA,NA,NA,NA
"at2oz","f",31.7671241760254,2.8199999332428,"gchsl",79.0547943115234,47.287670135498,5,"r0d2c",83.5726013183594,51.8054809570312,5
"t709b","f",26.76438331604,2.8199999332428,NA,NA,NA,NA,NA,NA,NA,NA
"m5z8b","f",27.6739730834961,1.82000005245209,NA,NA,NA,NA,"cx05o",NA,NA,NA
"hhr2b","f",42.4000015258789,7.82000017166138,"n5ukc",82.7123260498047,40.312328338623,7,"kw540",75.7068481445312,33.3068504333496,7
"yfw8b","f",45.6931495666504,NA,NA,NA,NA,NA,NA,NA,NA,NA
"dr1vh","f",74.7808227539062,8,NA,NA,NA,NA,NA,NA,NA,NA
"bvt8z","f",26.76438331604,3.64000010490417,NA,NA,NA,NA,NA,NA,NA,NA
"o4nct","f",58.0410957336426,0,NA,NA,NA,NA,"zdyce",86.7890396118164,28.7479457855225,3
"riu5u","f",23.7452049255371,0.819999992847443,NA,NA,NA,NA,NA,NA,NA,NA
"aztdy","m",26.6739730834961,1.63999998569489,"b72qp",61.6958885192871,35.0219192504883,5,"o7nr5",49.687671661377,23.0136985778809,5
"mu6th","f",20.7452049255371,0.819999992847443,NA,NA,NA,NA,NA,NA,NA,NA
"r7mmb","m",20.7616443634033,0,"cm7an",32.0219192504883,11.2602739334106,5,NA,NA,NA,NA
"r39uo","f",26.6739730834961,4.6399998664856,NA,NA,NA,NA,NA,NA,NA,NA
"wxn3s","m",18.758903503418,0,"hoj6z",45.2794532775879,26.5205478668213,3,NA,NA,NA,NA
"u3lvm","m",78.5589065551758,7,NA,NA,NA,NA,NA,NA,NA,NA
"w5w7d","m",44.7616424560547,5,NA,NA,NA,NA,NA,NA,NA,NA
"rn9s9","m",62.6986312866211,3,NA,NA,NA,NA,NA,NA,NA,NA
"tsmy2","f",28.6739730834961,4.6399998664856,NA,NA,NA,NA,NA,NA,NA,NA
"anmni","f",36.6794509887695,5.82000017166138,NA,NA,NA,NA,NA,NA,NA,NA
"za8mq","f",24.6712322235107,1.63999998569489,NA,NA,NA,NA,NA,NA,NA,NA
"qkbtg","m",19.668493270874,0,"pb47o",38.0273971557617,18.3589038848877,3,"ttgu3",31.0219173431396,11.3534250259399,3
"hdabt","f",17.2630138397217,0.819999992847443,"ibztn",41.6821899414062,24.4191780090332,6,"wpuld",34.6794509887695,17.4164390563965,5
"ulfpg","m",25.6767120361328,NA,NA,NA,NA,NA,"oq2do",60.6958885192871,35.0191764831543,3
"qmqe9","f",29.4246578216553,3.64000010490417,"u3lvm",78.5589065551758,49.1342468261719,7,"x0m0f",70.0383529663086,40.613697052002,7
"sju8l","m",34.4986305236816,1.82000005245209,NA,NA,NA,NA,"bdmg3",50.6164398193359,16.1178073883057,5
"i5hdy","m",42.6849327087402,6.82000017166138,"pt43m",66.4383544921875,23.7534255981445,8,"jktr7",62.5945205688477,19.9095897674561,8
"ljlzd","m",38.4876708984375,3.8199999332428,NA,NA,NA,NA,NA,NA,NA,NA
"cfj2j","m",22.6712322235107,NA,"zwswt",58.6958885192871,36.024658203125,7,"hgady",32.6027412414551,9.9315071105957,5
"ok6ie","m",32.6767120361328,0,"xwtvk",61.6958885192871,29.0191783905029,8,"pherb",58.6958885192871,26.0191783905029,8
"ojwal","f",21.9232883453369,0,"xxu4k",53.0054779052734,31.0821914672852,11,"hiuzm",52.689998626709,30.7667121887207,9
"mhnwk","f",16.6657543182373,0,NA,NA,NA,NA,"sj85s",41.7780838012695,25.1123294830322,3
"bbqsy","m",67.9534225463867,5,NA,NA,NA,NA,NA,NA,NA,NA
"tosdh","f",62.6986312866211,8,NA,NA,NA,NA,NA,NA,NA,NA
"dmrfz","f",46.687671661377,4,NA,NA,NA,NA,NA,NA,NA,NA
"plo2i","f",26.6739730834961,0,"tuoi6",71.7041091918945,45.0301361083984,3,"tcbpq",64.6986312866211,38.024658203125,3
"t9w4b","f",38.1753425598145,3.8199999332428,NA,NA,NA,NA,NA,NA,NA,NA
"f5bi2","m",21.5616436004639,0,"w4tmg",51.6904106140137,30.1287670135498,6,"xwskh",45.6849327087402,24.1232872009277,6
"yiyhd","m",30.6821918487549,NA,"n4ogn",69.6109619140625,38.928768157959,8,"brn4y",37.024658203125,6.34246587753296,4
"rxqh7","f",15.665753364563,NA,"fh6h4",50.6904106140137,35.024658203125,9,"k27gm",45.6849327087402,30.0191783905029,9
"pnc47","m",48.5972595214844,9.64000034332275,NA,NA,NA,NA,NA,NA,NA,NA
"nwzgn","m",20.4082183837891,0,"lmudq",61.8904113769531,41.4821929931641,9,"vk4cw",46,25.5917816162109,8
"gouug","m",57.6931495666504,11,"qi8pi",92.7178115844727,35.024658203125,3,"fev0s",83.5534210205078,25.8602733612061,3
"mqes9","f",20.6904106140137,1.63999998569489,"xxu4k",53.0054779052734,32.3150672912598,11,"kz8kb",54.6931495666504,34.0027389526367,6
"jwr95","m",21.668493270874,0,"uc0t8",NA,NA,NA,"ahzj3",58.0410957336426,36.3726043701172,7
"d510f","m",21.5068492889404,0,"pmegj",45.6849327087402,24.1780815124512,7,"hhr2b",42.4000015258789,20.8931503295898,7
"kb299","f",20.6739730834961,1,NA,NA,NA,NA,"qwk8y",50.8054809570312,30.1315059661865,9
"hoj6z","m",45.2794532775879,3,NA,NA,NA,NA,"y5nqt",76.7068481445312,31.427396774292,2
"tfpuh","f",38.7726020812988,4,NA,NA,NA,NA,"oc5ly",81.3835601806641,42.6109580993652,6
"tdg2v","m",30.2904109954834,2.8199999332428,"zqcke",34.0219192504883,3.73150682449341,6,"fytsf",51.6904106140137,21.3999996185303,7
"mul0g","m",74.7068481445312,5,NA,NA,NA,NA,NA,NA,NA,NA
"ohqq8","m",44.6849327087402,1.82000005245209,NA,NA,NA,NA,NA,NA,NA,NA
"o4vvv","m",36.2547950744629,NA,"mul0g",74.7068481445312,38.4520530700684,5,"s223l",50.2821922302246,14.0273971557617,5
"w2dvl","m",25.5424652099609,0,"xxu4k",53.0054779052734,27.4630146026611,11,"hiuzm",52.689998626709,27.147533416748,9
"q1uef","f",28.1671237945557,1,"k06nr",65.6438369750977,37.4767112731934,4,"fvwln",48.687671661377,20.5205478668213,4
"bay7i","f",17.6657543182373,0,NA,NA,NA,NA,"vw8gz",38.024658203125,20.3589038848877,4
"ff1b7","f",30.6767120361328,0.819999992847443,NA,NA,NA,NA,NA,NA,NA,NA
"x05nm","m",21.1452045440674,0,"ihr7t",52.2246589660645,31.0794525146484,7,NA,NA,NA,NA
"z6xer","m",22.6712322235107,0.819999992847443,"yzrpn",48.687671661377,26.0164375305176,8,"kmfpm",46.687671661377,24.0164375305176,8
"bu71y","f",35.7698631286621,NA,NA,NA,NA,NA,NA,NA,NA,NA
"rk62j","f",21.687671661377,1.63999998569489,"sa7eh",45.6849327087402,23.9972610473633,6,"rgle8",42.4876708984375,20.7999992370605,6
"soaka","f",24.76438331604,0,"n9zev",61.5534248352051,36.7890396118164,8,"ofwbg",59.6958885192871,34.9315071105957,4
"ajh4g","m",48.687671661377,10.2799997329712,NA,NA,NA,NA,"idtrq",76.7068481445312,28.0191783905029,5
"w9zwh","f",45.3397254943848,8,NA,NA,NA,NA,NA,NA,NA,NA
"pfrun","f",27.5506858825684,2.64000010490417,NA,NA,NA,NA,NA,NA,NA,NA
"l2u7d","f",27.1945209503174,5,NA,NA,NA,NA,NA,NA,NA,NA
"zfynw","f",45.216438293457,6.82000017166138,"n5ukc",82.7123260498047,37.4958915710449,7,"kw540",75.7068481445312,30.4904117584229,7
"uudtd","f",28.6739730834961,2.8199999332428,"n4ogn",69.6109619140625,40.9369850158691,8,"grfh3",58.5862998962402,29.9123287200928,4
"mquzz","m",25.6712322235107,2.46000003814697,"l5jtk",64.6986312866211,39.0273971557617,4,"xnpos",60.6958885192871,35.024658203125,4
"qc7hf","f",28.7506847381592,0.819999992847443,NA,NA,NA,NA,NA,NA,NA,NA
"bmj6s","f",39.6821899414062,1,NA,NA,NA,NA,NA,NA,NA,NA
"e29pc","m",23.4328765869141,0,"sa7eh",45.6849327087402,22.2520542144775,6,"rgle8",42.4876708984375,19.0547943115234,6
"kutd4","m",94.7205505371094,NA,NA,NA,NA,NA,NA,NA,NA,NA
"qv9gz","m",23.1315059661865,0.819999992847443,"avi4x",63.3506851196289,40.2191772460938,6,"cp07v",55.9452056884766,32.8136978149414,6
"jjkjm","m",24.5972595214844,0,"lmudq",61.8904113769531,37.2931518554688,9,"vk4cw",46,21.4027404785156,8
"z3uvr","m",32.6767120361328,NA,"rlgmu",76.7068481445312,44.0301361083984,7,"nx14f",66.7013702392578,34.024658203125,7
"ga31i","m",70.7041091918945,8,NA,NA,NA,NA,NA,NA,NA,NA
"fsi32","m",37.4986305236816,4.6399998664856,"klwlx",62.1863021850586,24.687671661377,6,"j622z",56.6931495666504,19.1945209503174,6
"whtru","f",61.6958885192871,1,NA,NA,NA,NA,NA,NA,NA,NA
"dh36p","f",29.6739730834961,1.82000005245209,"hqjv5",71.1342468261719,41.4602737426758,6,"c3dsm",59.6958885192871,30.0219173431396,9
"u4932","f",24.6712322235107,2.64000010490417,NA,NA,NA,NA,"rs43l",43.6849327087402,19.0136985778809,6
"i7oef","m",42.7753410339355,NA,NA,NA,NA,NA,NA,NA,NA,NA
"f25zc","f",25.6712322235107,1.63999998569489,NA,NA,NA,NA,NA,NA,NA,NA
"zup5v","f",23.7561645507812,1.63999998569489,"xebmq",48.687671661377,24.9315071105957,5,"xx5qm",44.6849327087402,20.9287662506104,5
"zeblw","f",26.6739730834961,2.64000010490417,"hqjv5",71.1342468261719,44.4602737426758,6,"c3dsm",59.6958885192871,33.0219192504883,9
"wlcs2","f",25.2301368713379,2.8199999332428,"k5zwn",36.1863021850586,10.9561643600464,1,"u4s5p",41.6821899414062,16.452054977417,1
"s8cc1","f",25.7479457855225,1,"httua",52.6767120361328,26.9287662506104,11,"if9j6",49.0684928894043,23.3205471038818,6
"y2h1k","f",66.5232849121094,5,"kutd4",NA,NA,NA,"p8pke",NA,NA,NA
"rzgkv","f",28.6739730834961,3.64000010490417,"tcjf4",65.6986312866211,37.024658203125,5,"j1ux0",59.6958885192871,31.0219173431396,5
"geq5t","m",23.6712322235107,0.819999992847443,NA,NA,NA,NA,"snhy8",64.0438385009766,40.3726043701172,5
"zt98e","m",28.6739730834961,0.819999992847443,"n9zev",61.5534248352051,32.879451751709,8,"pji97",57.6931495666504,29.0191783905029,5
"ppzcg","m",38.7561645507812,NA,NA,NA,NA,NA,"xi5da",59.2438354492188,20.4876708984375,4
"cdzzb","f",30.6767120361328,2.64000010490417,"hbynw",72.7041091918945,42.0273971557617,3,"wa4br",37.024658203125,6.34794521331787,3
"brdbi","m",28.6739730834961,0.819999992847443,"n4bxs",51.6904106140137,23.0164375305176,9,"ipvj1",39.0273971557617,10.3534250259399,4
"zjwyh","f",19.6739730834961,1,"dkp4f",49.7643852233887,30.0904102325439,5,"d45fm",45.7616424560547,26.0876712799072,5
"lkw7q","f",31.8191776275635,3.8199999332428,"rcdon",56.0383567810059,24.2191772460938,5,"vf3u8",61.9561653137207,30.1369857788086,5
"rmd4v","m",55.6931495666504,9,"tiqf0",72.04931640625,16.356164932251,7,"v7y86",72.9643859863281,17.2712326049805,6
"bkanp","f",41.1150703430176,9.64000034332275,"o91yt",83.7123260498047,42.5972595214844,4,"c3dsm",59.6958885192871,18.5808219909668,9
"a0yla","f",21.5068492889404,0.819999992847443,"pppgp",44.6849327087402,23.1780815124512,7,"hfhcs",42.6849327087402,21.1780815124512,7
"nsdot","f",19.668493270874,0,"nraxg",42.6849327087402,23.0164375305176,8,"c51t9",38.5205497741699,18.8520545959473,7
"p9uz6","m",19.9616432189941,0,"fd87e",NA,NA,NA,"vmtsd",39.6821899414062,19.7205486297607,4
"fa6lo","f",20.668493270874,0.819999992847443,"v871y",52.6904106140137,32.0219192504883,6,"vwcfb",51.6904106140137,31.0219173431396,6
"bv0n7","f",29.76438331604,3.64000010490417,NA,NA,NA,NA,NA,NA,NA,NA
"qd2i5","f",15.6712331771851,0,"qdjty",61.6958885192871,46.024658203125,8,"qwk8y",50.8054809570312,35.1342468261719,9
"l1a6f","m",42.3643836975098,5.46000003814697,"ptt0j",59.3698616027832,17.0054798126221,6,"metjs",61.7424659729004,19.3780822753906,6
"cmlqi","f",16.3013706207275,0,NA,NA,NA,NA,"hyydu",35.024658203125,18.7232875823975,3
"t9fth","f",30.2465744018555,4.6399998664856,NA,NA,NA,NA,NA,NA,NA,NA
"y9f1u","m",31.687671661377,4.6399998664856,NA,NA,NA,NA,NA,NA,NA,NA
"vch4g","m",22.4410953521729,1.63999998569489,"ga31i",70.7041091918945,48.263011932373,8,"f2cux",47.687671661377,25.2465744018555,9
"votyl","f",32.6767120361328,4.6399998664856,NA,NA,NA,NA,"bdmg3",50.6164398193359,17.9397258758545,5
"pb08j","f",24.6712322235107,0.819999992847443,"hqjv5",71.1342468261719,46.4630126953125,6,"c3dsm",59.6958885192871,35.024658203125,9
"er7jy","f",25.6712322235107,3.64000010490417,"nwcjg",42.0301361083984,16.3589038848877,7,"ft51e",45.6849327087402,20.0136985778809,7
"m11d3","f",35.5643844604492,3.8199999332428,"pksip",69.4904098510742,33.9260292053223,9,"cqj4x",NA,NA,NA
"ql920","f",21.7452049255371,2.46000003814697,NA,NA,NA,NA,NA,NA,NA,NA
"gql9g","f",39.6821899414062,5.82000017166138,"ihmut",62.6986312866211,23.0164375305176,8,NA,NA,NA,NA
"g4id9","m",24.6712322235107,NA,NA,NA,NA,NA,NA,NA,NA,NA
"lsd7z","m",22.1041088104248,0,"nyqlw",54.6931495666504,32.5890426635742,5,"y0zqy",43.6849327087402,21.5808219909668,6
"gsten","f",17.5041103363037,0.819999992847443,"xebmq",48.687671661377,31.1835613250732,5,"xx5qm",44.6849327087402,27.1808223724365,5
"lq8fm","m",46.687671661377,7,NA,NA,NA,NA,NA,NA,NA,NA
"o91yt","m",83.7123260498047,4,NA,NA,NA,NA,NA,NA,NA,NA
"xe02e","m",28.6739730834961,0,"v871y",52.6904106140137,24.0164375305176,6,"vwcfb",51.6904106140137,23.0164375305176,6
"a59qh","f",30.8657531738281,0.819999992847443,"hgsof",81.5369873046875,50.6712341308594,8,"thip2",71.1600036621094,40.294246673584,8
"pji97","f",57.6931495666504,5,"kkbge",78.709587097168,21.0164375305176,5,"mqb2z",76.7068481445312,19.0136985778809,5
"ourq6","f",21.4164390563965,0.819999992847443,"vtp1k",58.4931488037109,37.0767135620117,8,"i6jkb",49.2904090881348,27.8739719390869,8
"z2pux","f",22.0821914672852,0,"vtp1k",58.4931488037109,36.4109573364258,8,"i6jkb",49.2904090881348,27.2082195281982,8
"a7rm5","m",36.6794509887695,1.82000005245209,"h1x4z",67.7013702392578,31.0219173431396,7,"hi4wb",57.0410957336426,20.361644744873,7
"yblnf","f",36.6767120361328,3.64000010490417,"sk2w0",71.7041091918945,35.0273971557617,4,"lk16z",68.7013702392578,32.024658203125,4
"cxq2y","f",29.0986309051514,2.8199999332428,NA,NA,NA,NA,NA,NA,NA,NA
"uun37","m",45.8986282348633,1,"hgsof",81.5369873046875,35.638355255127,8,"thip2",71.1600036621094,25.2613697052002,8
"a09eg","m",68.0356140136719,6.82000017166138,NA,NA,NA,NA,"psx97",83.709587097168,15.6739721298218,3
"ubrsv","m",39.7726020812988,3.64000010490417,NA,NA,NA,NA,NA,NA,NA,NA
"smjzp","f",55.6931495666504,7.82000017166138,NA,NA,NA,NA,NA,NA,NA,NA
"uhy3d","m",31.9205474853516,3.64000010490417,NA,NA,NA,NA,NA,NA,NA,NA
"e914g","f",17.2849311828613,0.819999992847443,"vs03c",58.0410957336426,40.7561645507812,9,"mhj5e",59.9232864379883,42.638355255127,9
"wxn9y","f",33.5150680541992,3.8199999332428,"uarjz",62.6986312866211,29.1835613250732,1,"c4nc0",NA,NA,NA
"n13g3","m",22.7616443634033,NA,NA,NA,NA,NA,NA,NA,NA,NA
"jp9ua","m",23.120548248291,0,"ssn5h",68.1095886230469,44.9890403747559,11,"rxg87",62,38.879451751709,4
"xospv","f",33.7671241760254,NA,NA,NA,NA,NA,NA,NA,NA,NA
"orq87","f",54.7671241760254,5,NA,NA,NA,NA,NA,NA,NA,NA
"i8ozv","f",16.7424659729004,NA,"zwswt",58.6958885192871,41.953426361084,7,"hgady",32.6027412414551,15.8602743148804,5
"cm7an","m",32.0219192504883,5,"spkgn",55.0383567810059,23.0164375305176,3,"eiddq",65.5424652099609,33.5205497741699,3
"g8t6m","m",44.6849327087402,2,NA,NA,NA,NA,NA,NA,NA,NA
"v5z10","f",21.668493270874,0.819999992847443,NA,NA,NA,NA,"p3j59",42.6849327087402,21.0164375305176,2
"p9zxn","m",16.7561645507812,0,"mx3pk",45.7753410339355,29.0191783905029,6,"rn696",36.7698631286621,20.0136985778809,5
"ncfr8","f",48.7808227539062,7,NA,NA,NA,NA,NA,NA,NA,NA
"lxij4","m",34,0,"bdyke",67.7013702392578,33.7013702392578,8,"l741r",67.7013702392578,33.7013702392578,8
"olh6l","m",24.7479457855225,0,NA,NA,NA,NA,"cwttg",45.6849327087402,20.9369869232178,5
"i07na","m",35.312328338623,1,NA,NA,NA,NA,"a2esy",59.6958885192871,24.3835620880127,8
"udad3","m",24.6712322235107,0.819999992847443,NA,NA,NA,NA,"y0zqy",43.6849327087402,19.0136985778809,6
"hh42i","m",37.6794509887695,NA,NA,NA,NA,NA,NA,NA,NA,NA
"ei0kj","m",22.6712322235107,0,NA,NA,NA,NA,"zn9yy",44.6849327087402,22.0136985778809,6
"ne9h3","m",33.1616439819336,4.6399998664856,"avi4x",63.3506851196289,30.1890411376953,6,"cp07v",55.9452056884766,22.783561706543,6
"fmjlz","m",50.6904106140137,7.46000003814697,NA,NA,NA,NA,NA,NA,NA,NA
"cqj4x","f",54.7671241760254,NA,NA,NA,NA,NA,NA,NA,NA,NA
"jmefz","m",32.758903503418,1.82000005245209,"pksip",69.4904098510742,36.7315063476562,9,"cqj4x",NA,NA,NA
"xv5y7","m",28.6739730834961,0.819999992847443,NA,NA,NA,NA,NA,NA,NA,NA
"twipl","f",23.6712322235107,2.64000010490417,NA,NA,NA,NA,NA,NA,NA,NA
"mia39","m",37.3041114807129,4.82000017166138,NA,NA,NA,NA,"bdmg3",50.6164398193359,13.312328338623,5
"rs43l","f",43.6849327087402,6.82000017166138,NA,NA,NA,NA,NA,NA,NA,NA
"apc6a","m",31.6767120361328,3.64000010490417,"jy4dn",60.6958885192871,29.0191783905029,7,"smjzp",55.6931495666504,24.0164375305176,7
"rjrw4","m",38.6821899414062,2.64000010490417,"kq92d",66.7013702392578,28.0191783905029,2,"nkwyn",61.6958885192871,23.0136985778809,2
"tkg0z","m",21.7616443634033,0,"dkp4f",49.7643852233887,28.0027389526367,5,"d45fm",45.7616424560547,24,5
"c51t9","f",38.5205497741699,7,"l5jtk",64.6986312866211,26.1780815124512,4,"xnpos",60.6958885192871,22.1753425598145,4
"fpm8q","m",36.7561645507812,0,NA,NA,NA,NA,"utdl0",58.689998626709,21.9338359832764,6
"hs8oq","m",19.758903503418,0,"ie026",69.7013702392578,49.9424667358398,5,"k6pgi",64.6986312866211,44.9397277832031,5
"jtej2","f",52.783561706543,4,NA,NA,NA,NA,NA,NA,NA,NA
"mb33k","m",33.8712310791016,2,"a09eg",68.0356140136719,34.1643829345703,6,"sjeuc",62.6986312866211,28.8273963928223,3
"n4bxs","m",51.6904106140137,9.81999969482422,"u3lvm",78.5589065551758,26.8684940338135,7,"x0m0f",70.0383529663086,18.3479442596436,7
"cj9yp","m",21.668493270874,0.819999992847443,"o91yt",83.7123260498047,62.0438346862793,4,"yv8jk",NA,NA,NA
"clw2q","m",25.1369857788086,NA,"agzjv",34.0219192504883,8.88493156433105,6,"ncfr8",54.6931495666504,29.5561637878418,7
"h7sk9","m",23.7616443634033,0,"qk8uf",65.9589004516602,42.1972618103027,5,NA,NA,NA,NA
"f56jt","m",54.783561706543,NA,"qk8uf",65.9589004516602,11.1753425598145,5,NA,NA,NA,NA
"xwskh","f",45.6849327087402,6,NA,NA,NA,NA,NA,NA,NA,NA
"yypwv","f",24.7506847381592,0.819999992847443,"pksip",69.4904098510742,44.7397270202637,9,"xgk6q",NA,NA,NA
"p3j59","f",42.6849327087402,2,NA,NA,NA,NA,NA,NA,NA,NA
"zmyem","f",74.7068481445312,6,NA,NA,NA,NA,NA,NA,NA,NA
"oa3i0","m",39.1068496704102,2,"tiqf0",72.04931640625,32.9424667358398,7,"v7y86",72.9643859863281,33.8575325012207,6
"uhrsl","f",21.758903503418,NA,NA,NA,NA,NA,NA,NA,NA,NA
"rfaux","f",24.7479457855225,1.63999998569489,"jy4dn",60.6958885192871,35.9479446411133,7,"smjzp",55.6931495666504,30.9452056884766,7
"bo3qa","f",24.4109592437744,NA,"j4zvz",NA,NA,NA,"ps8z2",49.5013694763184,25.0904102325439,5
"xx5qm","f",44.6849327087402,6.6399998664856,NA,NA,NA,NA,NA,NA,NA,NA
"pmu9e","m",30.6767120361328,1.82000005245209,"tcjf4",65.6986312866211,35.0219192504883,5,"j1ux0",59.6958885192871,29.0191783905029,5
"tmrj3","m",53.6904106140137,8.81999969482422,"tiqf0",72.04931640625,18.3589038848877,7,"v7y86",72.9643859863281,19.2739734649658,6
"b0nak","m",17.879451751709,0,"uhdbd",44.6849327087402,26.8054790496826,6,"u2s57",39.6821899414062,21.8027400970459,6
"i6jkb","f",49.2904090881348,8,NA,NA,NA,NA,NA,NA,NA,NA
"q53ja","f",33.6767120361328,4.82000017166138,NA,NA,NA,NA,"bhfu3",52.6904106140137,19.0136985778809,3
"fanxt","f",25.6712322235107,1.82000005245209,"uc0t8",NA,NA,NA,"ahzj3",58.0410957336426,32.3698616027832,7
"pt43m","m",66.4383544921875,8,NA,NA,NA,NA,"zthit",84.7260284423828,18.2876720428467,5
"j1ux0","f",59.6958885192871,5,NA,NA,NA,NA,"n4ecp",76.2986297607422,16.6027393341064,3
"f010c","m",44.6849327087402,3,NA,NA,NA,NA,NA,NA,NA,NA
"bksbt","m",41.6821899414062,5.82000017166138,NA,NA,NA,NA,"utdl0",58.689998626709,17.0078086853027,6
"ps543","f",19.8876705169678,0,"lmudq",61.8904113769531,42.0027389526367,9,"vk4cw",46,26.1123294830322,8
"mehxm","f",26.6739730834961,2.64000010490417,"yzrpn",48.687671661377,22.0136985778809,8,"kmfpm",46.687671661377,20.0136985778809,8
"thycl","f",19.7424659729004,1,NA,NA,NA,NA,NA,NA,NA,NA
"yh1b8","m",16.2739734649658,0,"axqm7",29.0191783905029,12.7452058792114,3,"p3cfp",40.6821899414062,24.4082183837891,7
"pcrei","m",37.6794509887695,7.6399998664856,"o91yt",83.7123260498047,46.0328750610352,4,"xrqob",78.709587097168,41.0301361083984,1
"zbvwu","m",19.668493270874,0,"n4bxs",51.6904106140137,32.0219192504883,9,"ipvj1",39.0273971557617,19.3589038848877,4
"xaa0u","f",37.6794509887695,0,"hgsof",81.5369873046875,43.8575325012207,8,"thip2",71.1600036621094,33.4805488586426,8
"sk4j0","f",37.5178070068359,4.82000017166138,"yw6ai",61.5534248352051,24.0356159210205,8,"rtdq5",60,22.4821910858154,10
"sk2w0","m",71.7041091918945,4,NA,NA,NA,NA,NA,NA,NA,NA
"yafyq","f",32.6767120361328,3.8199999332428,NA,NA,NA,NA,"b7nq9",68.7013702392578,36.024658203125,8
"momf3","f",28.191780090332,3.46000003814697,"vs03c",58.0410957336426,29.8493156433105,9,"mhj5e",59.9232864379883,31.7315063476562,9
"cvili","m",31.7616443634033,NA,NA,NA,NA,NA,NA,NA,NA,NA
"sfxyc","f",34.3835601806641,4.6399998664856,"mul0g",74.7068481445312,40.3232879638672,5,"s223l",50.2821922302246,15.8986301422119,5
"pppgp","m",44.6849327087402,8.64000034332275,NA,NA,NA,NA,NA,NA,NA,NA
"kygn3","m",23.6712322235107,0,"jy4dn",60.6958885192871,37.024658203125,7,"smjzp",55.6931495666504,32.0219192504883,7
"r6nyi","m",25.7616443634033,0,"ajh4g",48.687671661377,22.9260272979736,7,NA,NA,NA,NA
"wsz5j","m",31.7315063476562,8.64000034332275,"tmrj3",53.6904106140137,21.9589042663574,8,"ch7zr",51,19.2684936523438,2
"k27gm","f",45.6849327087402,NA,NA,NA,NA,NA,NA,NA,NA,NA
"lmudq","m",61.8904113769531,9,"hnkaa",77.0400009155273,15.1495885848999,4,"lycjo",81.6958923339844,19.8054790496826,4
"f55mq","m",34.3808212280273,0,"klwlx",62.1863021850586,27.8054790496826,6,"j622z",56.6931495666504,22.312328338623,6
"s0ksz","m",31.6767120361328,2.64000010490417,"n4ogn",69.6109619140625,37.9342460632324,8,"grfh3",58.5862998962402,26.9095897674561,4
"l57vs","f",26.76438331604,2.64000010490417,NA,NA,NA,NA,NA,NA,NA,NA
"ufmgy","f",36.6794509887695,1.63999998569489,NA,NA,NA,NA,"sj85s",41.7780838012695,5.09862995147705,3
"dn6uy","f",27.76438331604,2.8199999332428,"luoxd",49.783561706543,22.0191783905029,2,"wy56k",44.0301361083984,16.2657527923584,2
"isfmh","f",17.9178085327148,0,"ibztn",41.6821899414062,23.76438331604,6,NA,NA,NA,NA
"ieeb8","f",20.7616443634033,NA,NA,NA,NA,NA,NA,NA,NA,NA
"xsg89","f",26.4712333679199,1.82000005245209,"lmudq",61.8904113769531,35.4191780090332,9,"vk4cw",46,19.5287666320801,8
"nvtyr","m",24.6712322235107,1,"o91yt",83.7123260498047,59.0410957336426,4,"yv8jk",NA,NA,NA
"s767m","m",86.8054809570312,0,NA,NA,NA,NA,NA,NA,NA,NA
"s202d","m",20.668493270874,0,"ely87",48.687671661377,28.0191783905029,6,"rnd2j",45.6849327087402,25.0164375305176,6
"s4vc2","f",31.210958480835,3,"klwlx",62.1863021850586,30.975341796875,6,"j622z",56.6931495666504,25.4821910858154,6
"yxley","f",42.6849327087402,3,"pm3cj",88.7013702392578,46.0164375305176,5,NA,NA,NA,NA
"bdyke","m",67.7013702392578,8,NA,NA,NA,NA,NA,NA,NA,NA
"nx3xg","f",15.7561645507812,0,"nwcjg",42.0301361083984,26.2739734649658,7,"ft51e",45.6849327087402,29.9287662506104,7
"amnct","m",32.7671241760254,5,NA,NA,NA,NA,NA,NA,NA,NA
"lwqx6","m",32.7534255981445,NA,NA,NA,NA,NA,NA,NA,NA,NA
"rxeaw","m",16.7561645507812,NA,NA,NA,NA,NA,NA,NA,NA,NA
"cwttg","f",45.6849327087402,5.82000017166138,NA,NA,NA,NA,"bdmg3",50.6164398193359,4.93150663375854,5
"nraxg","m",42.6849327087402,8,"vs03c",58.0410957336426,15.3561639785767,9,"mhj5e",59.9232864379883,17.2383556365967,9
"nr3fl","f",17.7561645507812,0,"bdyke",67.7013702392578,49.9452056884766,8,"l741r",67.7013702392578,49.9452056884766,8
"zdti6","m",59.6958885192871,6,NA,NA,NA,NA,NA,NA,NA,NA
"iob7r","f",21.693151473999,1.63999998569489,"w66om",44.2849311828613,22.5917816162109,5,"dw1ot",39.2547950744629,17.5616436004639,5
"xd9pq","f",49,NA,"hgsof",81.5369873046875,32.5369873046875,8,"thip2",71.1600036621094,22.1599998474121,8
"uynfn","f",31.9260272979736,1,"vtp1k",58.4931488037109,26.5671234130859,8,"i6jkb",49.2904090881348,17.3643836975098,8
"lycjo","f",61.6958885192871,4,NA,NA,NA,NA,NA,NA,NA,NA
"hthxt","f",19.7424659729004,0,NA,NA,NA,NA,"hmo8z",39.6821899414062,19.9397258758545,4
"usbxc","m",24.6410961151123,0,"ygfkq",47.263011932373,22.6219177246094,7,"w9zwh",45.3397254943848,20.6986293792725,8
"axbnr","m",30.3095893859863,0.819999992847443,"pksip",69.4904098510742,39.1808204650879,9,"cqj4x",NA,NA,NA
"ecdq0","f",39.6821899414062,6.82000017166138,NA,NA,NA,NA,NA,NA,NA,NA
"fghvd","f",37.7561645507812,4.6399998664856,"cas4x",70.2958908081055,32.5397262573242,7,"sd2l2",67.2931518554688,29.5369853973389,5
"nx14f","f",66.7013702392578,7,"kk0u4",82.5534210205078,15.8520545959473,3,NA,NA,NA,NA
"o4ijw","f",46.687671661377,4.82000017166138,"hnkaa",77.0400009155273,30.3523292541504,4,"lycjo",81.6958923339844,35.0082206726074,4
"mx3pk","m",45.7753410339355,7.6399998664856,NA,NA,NA,NA,NA,NA,NA,NA
"owsv8","f",21.1643829345703,0.819999992847443,"pt43m",66.4383544921875,45.2739715576172,8,"jktr7",62.5945205688477,41.4301376342773,8
"yestx","m",22.6712322235107,0,NA,NA,NA,NA,"zea8a",40.6821899414062,18.0109596252441,7
"g7osj","m",24.6712322235107,0,"h1x4z",67.7013702392578,43.0301361083984,7,"hi4wb",57.0410957336426,32.3698616027832,7
"ciklw","m",23.572603225708,0,"uvilo",51,27.427396774292,9,"hi1mx",59.6958885192871,36.1232872009277,8
"iz3g6","m",32.7534255981445,0.819999992847443,NA,NA,NA,NA,NA,NA,NA,NA
"ah5rd","f",19.2027397155762,0.819999992847443,"s6lpf",32.0219192504883,12.8191776275635,4,"urdis",42.8849296569824,23.6821918487549,7
"opu4v","m",22.3260269165039,1.63999998569489,"ptt0j",59.3698616027832,37.0438346862793,6,"metjs",61.7424659729004,39.4164390563965,6
"o14wl","m",37.6794509887695,5.46000003814697,NA,NA,NA,NA,"utdl0",58.689998626709,21.0105476379395,6
"tfxom","m",21.8109588623047,0,"yw6ai",61.5534248352051,39.7424659729004,8,"ps8z2",49.5013694763184,27.6904106140137,5
"hb8me","m",36.975341796875,5.82000017166138,"a09eg",68.0356140136719,31.0602741241455,6,"sjeuc",62.6986312866211,25.7232875823975,3
"k3n0r","m",21.4438362121582,0,"dwodj",57.6931495666504,36.2493133544922,10,"d4zfe",38.9068489074707,17.4630146026611,8
"valnj","m",46.687671661377,3.64000010490417,NA,NA,NA,NA,NA,NA,NA,NA
"isvmg","m",44.7753410339355,NA,NA,NA,NA,NA,NA,NA,NA,NA
"xgk6q","f",41.758903503418,NA,NA,NA,NA,NA,NA,NA,NA,NA
"hgsof","m",81.5369873046875,8,NA,NA,NA,NA,NA,NA,NA,NA
"jbkst","m",36.5945205688477,NA,NA,NA,NA,NA,NA,NA,NA,NA
"uwvsd","m",29.76438331604,2.8199999332428,NA,NA,NA,NA,NA,NA,NA,NA
"thip2","f",69.1643829345703,8,NA,NA,NA,NA,"zthit",84.7260284423828,15.5616436004639,5
"qtvsq","m",25.5013694763184,1.63999998569489,"gouug",57.6931495666504,32.191780090332,11,"dp8nn",53.4137001037598,27.9123287200928,6
"xs1bn","m",46.687671661377,1,NA,NA,NA,NA,NA,NA,NA,NA
"k1nv5","m",18.2821922302246,0,"pnc47",48.5972595214844,30.3150691986084,8,"bkanp",41.1150703430176,22.8328762054443,8
"qnv5e","f",36.6794509887695,4.6399998664856,"xwtvk",61.6958885192871,25.0164375305176,8,"pherb",58.6958885192871,22.0164375305176,8
"t02mc","m",30.7506847381592,1.63999998569489,"ie026",69.7013702392578,38.95068359375,5,"k6pgi",64.6986312866211,33.9479446411133,5
"u2s57","f",39.6821899414062,7.6399998664856,"n9zev",61.5534248352051,21.8712329864502,8,"ofwbg",59.6958885192871,20.0136985778809,4
"if9j6","f",49.0684928894043,6.82000017166138,"ccr18",69.5205459594727,20.452054977417,6,"ktope",75.0500030517578,25.9815063476562,6
"urdis","f",42.8849296569824,7.82000017166138,"d1px7",60.0410957336426,17.1561641693115,4,"jympc",68.7013702392578,25.8164386749268,4
"nkwyn","f",61.6958885192871,2,NA,NA,NA,NA,NA,NA,NA,NA
"kkbge","m",78.709587097168,5,NA,NA,NA,NA,NA,NA,NA,NA
"ates3","f",33.1095886230469,2,"tcjf4",65.6986312866211,32.5890426635742,5,"j1ux0",59.6958885192871,26.5863018035889,5
"j9yhe","m",29.6739730834961,3.64000010490417,"vdf26",NA,NA,NA,"zmyem",74.7068481445312,45.0328750610352,6
"ti6m8","m",22.6602745056152,0,"a5loi",57.3835601806641,34.7232894897461,5,"ekdvi",55.9643821716309,33.3041114807129,5
"pib2h","m",26.6739730834961,0,"a99nn",47.0986289978027,20.4246578216553,8,NA,NA,NA,NA
"v6398","f",19.668493270874,1.63999998569489,"c87d6",46.0328750610352,26.3643836975098,8,"u85lo",44.6699981689453,25.0015068054199,8
"hddmc","m",39.7561645507812,NA,NA,NA,NA,NA,NA,NA,NA,NA
"tuoi6","m",71.7041091918945,3,NA,NA,NA,NA,NA,NA,NA,NA
"m0qs4","f",37.3397254943848,5.46000003814697,NA,NA,NA,NA,NA,NA,NA,NA
"ghacb","m",20.2958908081055,0,"ptt0j",59.3698616027832,39.0739707946777,6,"metjs",61.7424659729004,41.4465751647949,6
"rbjgp","f",49.7808227539062,6,"kutd4",NA,NA,NA,"p8pke",NA,NA,NA
"h3z2u","m",41.6109580993652,4,"bxbkg",NA,NA,NA,"dr1vh",76.7068481445312,35.095890045166,8
"y2vg5","f",29.76438331604,5,"n4ogn",69.6109619140625,39.8465766906738,8,"grfh3",58.5862998962402,28.8219184875488,4
"blmom","f",20.9534244537354,2.64000010490417,NA,NA,NA,NA,"hyydu",35.024658203125,14.0712327957153,3
"ay9j7","f",19.7534255981445,0.819999992847443,"f7mh7",44.6849327087402,24.9315071105957,6,"au5xi",40.6821899414062,20.9287662506104,6
"icx35","m",50.9917793273926,6,"qi8pi",92.7178115844727,41.7260284423828,3,"fev0s",83.5534210205078,32.5616455078125,3
"q87o1","m",60.7561645507812,0,"xo4a4",69.8000030517578,9.04383563995361,7,"ulffl",80.5780792236328,19.8219184875488,8
"xid2k","f",25.6712322235107,1.82000005245209,"zdti6",59.6958885192871,34.024658203125,6,"d38mz",56.6931495666504,31.0219173431396,6
"rzq0e","m",52.2082176208496,3,"n5ukc",82.7123260498047,30.5041103363037,7,"kw540",75.7068481445312,23.4986305236816,7
"f2mzs","f",21.1753425598145,0,"a09eg",68.0356140136719,46.8602752685547,6,"y320e",33,11.8246574401855,3
"bwtwa","m",36.6794509887695,1.82000005245209,NA,NA,NA,NA,NA,NA,NA,NA
"afhsp","f",33.9808235168457,5.6399998664856,NA,NA,NA,NA,NA,NA,NA,NA
"naucy","f",29.6739730834961,1.63999998569489,NA,NA,NA,NA,NA,NA,NA,NA
"zaqgs","m",19.758903503418,0,"mx3pk",45.7753410339355,26.0164375305176,6,"rn696",36.7698631286621,17.0109596252441,5
"jamgq","f",27.8520545959473,NA,"tmrj3",53.6904106140137,25.8383560180664,8,"ch7zr",51,23.1479454040527,2
"d1hzz","m",29.6739730834961,0,NA,NA,NA,NA,"sj85s",41.7780838012695,12.1041097640991,3
"gx79q","m",20.758903503418,0,"cm7an",32.0219192504883,11.2630138397217,5,NA,NA,NA,NA
"ihqd3","f",17.3671226501465,0.819999992847443,"e4jrk",38.024658203125,20.6575336456299,9,"k1bp9",48.312328338623,30.9452056884766,7
"k6pgi","f",64.6986312866211,5,NA,NA,NA,NA,NA,NA,NA,NA
"pxpac","f",17.7808227539062,0,"pppgp",44.6849327087402,26.904109954834,7,"hfhcs",42.6849327087402,24.904109954834,7
"doca0","f",17.0849323272705,0,"uvilo",51,33.9150695800781,9,"hi1mx",59.6958885192871,42.6109580993652,8
"yqzf4","f",24.3260269165039,1.82000005245209,"t43ku",57.6931495666504,33.3671226501465,8,"bdh3u",51.9945220947266,27.668493270874,8
"bb315","f",74.7808227539062,4,NA,NA,NA,NA,NA,NA,NA,NA
"f48zu","m",18.668493270874,0,"sxvlk",46.687671661377,28.0191783905029,3,"ond72",38.6821899414062,20.0136985778809,3
"vk4cw","f",44.0739707946777,8,NA,NA,NA,NA,NA,NA,NA,NA
"bvhvx","f",34.7698631286621,NA,NA,NA,NA,NA,NA,NA,NA,NA
"oo8vg","m",36.6794509887695,5,NA,NA,NA,NA,NA,NA,NA,NA
"dp8nn","f",53.4137001037598,6,"hgsof",81.5369873046875,28.1232872009277,8,"thip2",71.1600036621094,17.746301651001,8
"wtrxe","f",26.5835609436035,1,"vtp1k",58.4931488037109,31.9095897674561,8,"i6jkb",49.2904090881348,22.7068500518799,8
"h4eid","m",23.6712322235107,0.819999992847443,"fmjlz",50.6904106140137,27.0191783905029,5,"vc752",36.04931640625,12.3780822753906,3
"jds25","f",24.7178077697754,0.819999992847443,"ptt0j",59.3698616027832,34.6520538330078,6,"metjs",61.7424659729004,37.024658203125,6
"mi3ri","m",26.6739730834961,0.819999992847443,"hbynw",72.7041091918945,46.0301361083984,3,"wa4br",37.024658203125,10.3506851196289,3
"ftwg4","f",21.668493270874,0,"n9zev",61.5534248352051,39.8849296569824,8,"ofwbg",59.6958885192871,38.0273971557617,4
"u36tx","m",49.2356147766113,6.82000017166138,NA,NA,NA,NA,NA,NA,NA,NA
"z9yva","f",21.8109588623047,1.63999998569489,"klwlx",62.1863021850586,40.3753433227539,6,"j622z",56.6931495666504,34.8821907043457,6
"z2pur","m",22.7780818939209,0,"pppgp",44.6849327087402,21.9068489074707,7,"hfhcs",42.6849327087402,19.9068489074707,7
"cu3xd","f",33.7534255981445,1,"uc0t8",NA,NA,NA,"ahzj3",58.0410957336426,24.2876720428467,7
"jgai7","f",28.76438331604,NA,NA,NA,NA,NA,NA,NA,NA,NA
"njy7i","f",22.7616443634033,2.64000010490417,NA,NA,NA,NA,NA,NA,NA,NA
"ecdst","f",16.904109954834,0.819999992847443,"u36tx",49.2356147766113,32.3315086364746,6,"mcs74",37.4410972595215,20.5369853973389,5
"bso7p","f",25.6712322235107,0,"v871y",52.6904106140137,27.0191783905029,6,"vwcfb",51.6904106140137,26.0191783905029,6
"jc94d","f",34.3534240722656,1,"o91yt",83.7123260498047,49.3589057922363,4,"xrqob",78.709587097168,44.3561630249023,1
"ri8wf","m",33.5643844604492,4.6399998664856,"pt43m",66.4383544921875,32.8739738464355,8,"jktr7",62.5945205688477,29.0301361083984,8
"adv2f","f",27.7479457855225,2.8199999332428,"httua",52.6767120361328,24.9287662506104,11,"if9j6",49.0684928894043,21.3205471038818,6
"rxg87","f",56.7863006591797,4,NA,NA,NA,NA,NA,NA,NA,NA
"kz8kb","f",54.6931495666504,6,NA,NA,NA,NA,NA,NA,NA,NA
"loija","m",27.0191783905029,2,"verkm",78.6137008666992,51.5945205688477,1,"dbcyt",73.9424667358398,46.9232864379883,1
"zkjrv","m",22.6712322235107,0,NA,NA,NA,NA,"yy82i",53.2999992370605,30.6287670135498,8
"zq26l","m",48.687671661377,NA,NA,NA,NA,NA,NA,NA,NA,NA
"zcyj5","m",35.6794509887695,1,NA,NA,NA,NA,"yy82i",53.2999992370605,17.620548248291,8
"c0zia","m",31.7452049255371,2.64000010490417,"e4jrk",38.024658203125,6.27945184707642,9,"k1bp9",48.312328338623,16.5671234130859,7
"qnl0y","m",40.6821899414062,4.82000017166138,NA,NA,NA,NA,NA,NA,NA,NA
"uhk27","m",20.758903503418,0,NA,NA,NA,NA,"s4ecp",49.0328750610352,28.2739734649658,3
"zt63a","f",30.5616436004639,1,NA,NA,NA,NA,"bdmg3",50.6164398193359,20.0547943115234,5
"qvqau","m",18.5835609436035,0,"o4tco",39.6821899414062,21.0986309051514,7,"zizq8",35.6794509887695,17.095890045166,4
"vobrj","m",31.1808223724365,1.82000005245209,"h0yzm",65.6986312866211,34.5178070068359,8,"tosdh",62.6986312866211,31.5178089141846,8
"l5r1s","f",18.758903503418,0,"n4bxs",51.6904106140137,32.9315071105957,9,"d3k9p",48.687671661377,29.9287662506104,9
"mqb2z","f",76.7068481445312,5,NA,NA,NA,NA,NA,NA,NA,NA
"yqvnx","m",29.6739730834961,2.64000010490417,"y33yu",71.04931640625,41.3753433227539,6,"vwsqc",47.0328750610352,17.3589038848877,4
"admdo","f",21.9917812347412,2,NA,NA,NA,NA,"ikqlr",46.9123306274414,24.9205474853516,2
"hfhcs","f",42.6849327087402,7.82000017166138,NA,NA,NA,NA,NA,NA,NA,NA
"zelop","f",32.6849327087402,1,"u3lvm",78.5589065551758,45.8739738464355,7,"x0m0f",70.0383529663086,37.3534240722656,7
"n19ot","f",18.6712322235107,0.819999992847443,NA,NA,NA,NA,NA,NA,NA,NA
"oder8","f",23.4328765869141,1.82000005245209,"xfptf",58.6958885192871,35.263011932373,5,"b755g",57.6931495666504,34.2602729797363,5
"fdxi1","f",17.6657543182373,0,NA,NA,NA,NA,"o4ijw",46.687671661377,29.0219173431396,4
"kqat3","f",27.7479457855225,1.82000005245209,NA,NA,NA,NA,NA,NA,NA,NA
"irpu7","m",31.6767120361328,NA,NA,NA,NA,NA,NA,NA,NA,NA
"wehpa","f",35.265754699707,4.82000017166138,"xxu4k",53.0054779052734,17.739725112915,11,"hiuzm",52.689998626709,17.4242458343506,9
"sxvlk","m",46.687671661377,4.6399998664856,NA,NA,NA,NA,NA,NA,NA,NA
"kkxlj","m",18.2958908081055,0,"t43ku",57.6931495666504,39.3972587585449,8,"bdh3u",51.9945220947266,33.6986312866211,8
"ccndp","f",26.6739730834961,2.8199999332428,NA,NA,NA,NA,NA,NA,NA,NA
"hht3t","m",46.687671661377,1,NA,NA,NA,NA,NA,NA,NA,NA
"u9jxm","f",37.1150703430176,2.8199999332428,"ptt0j",59.3698616027832,22.2547950744629,6,"metjs",61.7424659729004,24.6273975372314,6
"ayerv","m",38.6821899414062,NA,"sk2w0",71.7041091918945,33.0219192504883,4,"lk16z",68.7013702392578,30.0191783905029,4
"jympc","f",68.7013702392578,4,NA,NA,NA,NA,NA,NA,NA,NA
"x2ym8","f",21.7452049255371,1.63999998569489,NA,NA,NA,NA,NA,NA,NA,NA
"qx180","m",18.0739727020264,0,"w66om",44.2849311828613,26.210958480835,5,"dw1ot",39.2547950744629,21.1808223724365,5
"dmxr9","m",22.5424652099609,1.63999998569489,"gouug",57.6931495666504,35.1506843566895,11,"dp8nn",53.4137001037598,30.8712329864502,6
"n5sxz","f",42.6849327087402,7.82000017166138,NA,NA,NA,NA,NA,NA,NA,NA
"wrx87","f",39.6821899414062,2,NA,NA,NA,NA,NA,NA,NA,NA
"p3cfp","f",40.6821899414062,9.46000003814697,NA,NA,NA,NA,NA,NA,NA,NA
"rbdv0","m",20.7452049255371,0,"p1eae",51.6904106140137,30.9452056884766,3,"zupud",42.7753410339355,22.0301361083984,3
"jyqmy","m",29.6000003814697,0.819999992847443,"uvilo",51,21.3999996185303,9,"hi1mx",59.6958885192871,30.095890045166,8
"nqpxl","m",24.6712322235107,0,"lq8fm",46.687671661377,22.0164375305176,7,"n5sxz",42.6849327087402,18.0136985778809,7
"ivuj1","m",23.6712322235107,0,"httua",52.6767120361328,29.0054798126221,11,"if9j6",49.0684928894043,25.3972606658936,6
"ireii","f",24.5863018035889,0.819999992847443,"synk4",43.6849327087402,19.0986309051514,9,"r1x56",43.5698623657227,18.9835624694824,8
"dydvt","m",21.668493270874,0,"nknq0",45.6849327087402,24.0164375305176,3,"yxley",42.6849327087402,21.0164375305176,3
"g0muo","m",16,0,"icx35",50.9917793273926,34.9917793273926,6,NA,NA,NA,NA
"zdyce","f",86.7890396118164,3,NA,NA,NA,NA,NA,NA,NA,NA
"wpmwk","f",38.7726020812988,4,"cas4x",70.2958908081055,31.523286819458,7,"sd2l2",67.2931518554688,28.5205478668213,5
"ehloc","f",17.5671234130859,0,NA,NA,NA,NA,"nmhty",48.687671661377,31.120548248291,3
"uiwuy","m",23.5643844604492,1.63999998569489,"xd9pq",NA,NA,NA,NA,NA,NA,NA
"gy5yw","f",21.668493270874,0,NA,NA,NA,NA,NA,NA,NA,NA
"w1hbi","f",26.76438331604,1,"zdti6",59.6958885192871,32.9315071105957,6,"d38mz",56.6931495666504,29.9287662506104,6
"iui4y","m",32.6767120361328,2.8199999332428,"tcjf4",65.6986312866211,33.0219192504883,5,"j1ux0",59.6958885192871,27.0191783905029,5
"yv8jk","f",40.758903503418,NA,NA,NA,NA,NA,NA,NA,NA,NA
"bhfu3","f",52.6904106140137,3,NA,NA,NA,NA,NA,NA,NA,NA
"w7iop","f",27.687671661377,3.64000010490417,"t43ku",57.6931495666504,30.0054798126221,8,"bdh3u",51.9945220947266,24.306848526001,8
"x9am2","m",34.7698631286621,1.63999998569489,"pm3cj",88.7013702392578,53.9315071105957,5,"dy5rn",70.04931640625,35.2794532775879,4
"dxaju","m",31.0219173431396,1,"sk2w0",71.7041091918945,40.6821899414062,4,"lk16z",68.7013702392578,37.6794509887695,4
"kc97f","m",37.6794509887695,1,NA,NA,NA,NA,"ulffl",80.5780792236328,42.8986282348633,8
"baxif","f",28.6739730834961,2,NA,NA,NA,NA,NA,NA,NA,NA
"pafjl","m",41.0027389526367,5,"tiqf0",72.04931640625,31.0465755462646,7,"v7y86",72.9643859863281,31.9616432189941,6
"nbcf8","f",33.6767120361328,3.8199999332428,NA,NA,NA,NA,"xi5da",59.2438354492188,25.5671234130859,4
"h2k13","f",20.758903503418,1,NA,NA,NA,NA,NA,NA,NA,NA
"qz63m","m",19.6109580993652,0,"ai7tg",38.3397254943848,18.7287673950195,6,"r5ew6",38.4219169616699,18.8109588623047,6
"yykkm","m",23.6328773498535,0,NA,NA,NA,NA,"aldfq",41.2273979187012,17.5945205688477,5
"dc01v","m",24.8219184875488,0.819999992847443,NA,NA,NA,NA,"edth4",51.0356178283691,26.2136993408203,8
"sikt4","f",17.7945213317871,0,"httua",52.6767120361328,34.8821907043457,11,"cwttg",45.6849327087402,27.8904113769531,5
"tbg3r","m",19.668493270874,0,"nwcjg",42.0301361083984,22.361644744873,7,"ft51e",45.6849327087402,26.0164375305176,7
"ygfkq","m",47.263011932373,7,NA,NA,NA,NA,NA,NA,NA,NA
"ibztn","m",41.6821899414062,7.6399998664856,NA,NA,NA,NA,NA,NA,NA,NA
"u44a4","f",33.830135345459,0.819999992847443,NA,NA,NA,NA,NA,NA,NA,NA
"d38mz","f",56.6931495666504,6,NA,NA,NA,NA,"qhlbl",NA,NA,NA
"r6bq5","m",20.668493270874,0,NA,NA,NA,NA,"ihvpf",41.7506866455078,21.0821914672852,4
"peezb","m",21.0876712799072,0,"uhdbd",44.6849327087402,23.5972595214844,6,"u2s57",39.6821899414062,18.5945205688477,6
"mq7hv","m",32.6767120361328,1,"uc0t8",NA,NA,NA,"ahzj3",58.0410957336426,25.3643836975098,7
"snklz","f",29.1808223724365,0,"xfptf",58.6958885192871,29.5150680541992,5,"b755g",57.6931495666504,28.5123291015625,5
"ktjhf","m",46.687671661377,2,NA,NA,NA,NA,NA,NA,NA,NA
"khayb","m",23.6712322235107,0,"l5jtk",64.6986312866211,41.0273971557617,4,"xnpos",60.6958885192871,37.024658203125,4
"ofwbg","f",59.6958885192871,4,NA,NA,NA,NA,NA,NA,NA,NA
"uaadf","f",33.2684936523438,1,"hgsof",81.5369873046875,48.2684936523438,8,"thip2",71.1600036621094,37.8915061950684,8
"p8nse","f",18.668493270874,0,"ygfkq",47.263011932373,28.5945205688477,7,"w9zwh",45.3397254943848,26.6712322235107,8
"pherb","f",58.6958885192871,8,NA,NA,NA,NA,"zthit",84.7260284423828,26.0301361083984,5
"tu5lk","m",31.6767120361328,0.819999992847443,"httua",52.6767120361328,21,11,"if9j6",49.0684928894043,17.3917808532715,6
"jvq0x","f",35.6794509887695,5.82000017166138,"avi4x",63.3506851196289,27.6712322235107,6,"cp07v",55.9452056884766,20.2657527923584,6
"kw227","m",22.6712322235107,0,"pb47o",38.0273971557617,15.3561639785767,3,"ttgu3",31.0219173431396,8.35068511962891,3
"w4tmg","m",51.6904106140137,6,NA,NA,NA,NA,NA,NA,NA,NA
"g49fr","m",22.7616443634033,0.819999992847443,NA,NA,NA,NA,NA,NA,NA,NA
"ew50j","f",22.6712322235107,0.819999992847443,"nraxg",42.6849327087402,20.0136985778809,8,NA,NA,NA,NA
"lopt8","m",21.5506858825684,0.819999992847443,"e4jrk",38.024658203125,16.4739723205566,9,"k1bp9",48.312328338623,26.7616443634033,7
"wlk4j","f",20.668493270874,0.819999992847443,NA,NA,NA,NA,NA,NA,NA,NA
"t7b58","f",16.9397258758545,0.819999992847443,"pppgp",44.6849327087402,27.7452049255371,7,"hfhcs",42.6849327087402,25.7452049255371,7
"pykgh","f",22.7616443634033,1,NA,NA,NA,NA,NA,NA,NA,NA
"yw6ai","m",61.5534248352051,8,NA,NA,NA,NA,NA,NA,NA,NA
"be4tp","f",18.668493270874,NA,"fh6h4",50.6904106140137,32.0219192504883,9,"k27gm",45.6849327087402,27.0164375305176,9
"qj21m","m",20.2547950744629,0,"avi4x",63.3506851196289,43.095890045166,6,"cp07v",55.9452056884766,35.6904106140137,6
"mhj5e","f",59.9232864379883,9,NA,NA,NA,NA,NA,NA,NA,NA
"l3dnn","f",36.2356147766113,2.8199999332428,NA,NA,NA,NA,NA,NA,NA,NA
"pjy3q","f",46.2794532775879,0,"xo4a4",69.8000030517578,23.5205478668213,7,"ulffl",80.5780792236328,34.2986297607422,8
"p83vj","f",18.758903503418,NA,NA,NA,NA,NA,NA,NA,NA,NA
"avufq","f",53.0438346862793,5,NA,NA,NA,NA,NA,NA,NA,NA
"mtu1l","f",24.2849311828613,0.819999992847443,"a35od",38.0273971557617,13.7424659729004,5,"nmhty",48.687671661377,24.4027404785156,3
"pd325","m",52.6904106140137,0,"xvieo",69.4602737426758,16.7698631286621,6,"vdv68",71.7041091918945,19.0136985778809,3
"d4zfe","f",38.9068489074707,8.81999969482422,NA,NA,NA,NA,NA,NA,NA,NA
"bm97q","m",20.668493270874,0,"xwtvk",61.6958885192871,41.0273971557617,8,"pherb",58.6958885192871,38.0273971557617,8
"m8oep","f",18.9178085327148,1.63999998569489,"gouug",57.6931495666504,38.7753410339355,11,"dp8nn",53.4137001037598,34.4958915710449,6
"f2j91","f",39.9945220947266,3,"pksip",69.4904098510742,29.4958896636963,9,"ksapg",61.8400001525879,21.84547996521,3
"dzj0p","m",32.046573638916,1,"ie026",69.7013702392578,37.6547927856445,5,"k6pgi",64.6986312866211,32.6520538330078,5
"t1a54","f",27.6739730834961,1.63999998569489,NA,NA,NA,NA,NA,NA,NA,NA
"ky4m6","f",28.6739730834961,4.46000003814697,"qdjty",61.6958885192871,33.0219192504883,8,"qwk8y",50.8054809570312,22.1315059661865,9
"yoy1o","f",26.5068492889404,0.819999992847443,"klwlx",62.1863021850586,35.6794509887695,6,"j622z",56.6931495666504,30.1863021850586,6
"ablp3","m",28.7671241760254,NA,NA,NA,NA,NA,NA,NA,NA,NA
"dkp4f","m",49.7643852233887,5,"gchsl",79.0547943115234,29.2904109954834,5,"r0d2c",83.5726013183594,33.808219909668,5
"ywboa","f",19.668493270874,0.819999992847443,"gouug",57.6931495666504,38.024658203125,11,"avufq",53.0438346862793,33.3753433227539,5
"vgko7","m",17.7424659729004,0,"p1eae",51.6904106140137,33.9479446411133,3,"zupud",42.7753410339355,25.0328769683838,3
"aepnm","f",26.5369853973389,1.82000005245209,"e4jrk",38.024658203125,11.4876708984375,9,"utdl0",58.689998626709,32.1530151367188,6
"iaknq","f",32.9945220947266,5,"sk2w0",71.7041091918945,38.7095909118652,4,"lk16z",68.7013702392578,35.7068481445312,4
"ujt0e","f",24.76438331604,NA,NA,NA,NA,NA,NA,NA,NA,NA
"httua","m",52.6767120361328,12.6400003433228,NA,NA,NA,NA,NA,NA,NA,NA
"gnmr7","m",28.312328338623,1.82000005245209,"a5loi",57.3835601806641,29.0712337493896,5,"ekdvi",55.9643821716309,27.6520557403564,5
"n9p1q","f",26.6739730834961,1.63999998569489,NA,NA,NA,NA,"kz8kb",54.6931495666504,28.0191783905029,6
"d61ca","f",29.7506847381592,NA,NA,NA,NA,NA,NA,NA,NA,NA
"oiq0y","m",24.6712322235107,0,"xxu4k",53.0054779052734,28.3342456817627,11,"kz8kb",54.6931495666504,30.0219173431396,6
"e4xs3","m",53.6904106140137,4,"spkgn",55.0383567810059,1.34794521331787,3,"eiddq",65.5424652099609,11.8520545959473,3
"fx8gr","m",46.4356155395508,3.8199999332428,NA,NA,NA,NA,NA,NA,NA,NA
"p4tru","m",16.2986297607422,0,"fd87e",NA,NA,NA,"vmtsd",39.6821899414062,23.3835620880127,4
"a9yf1","m",35.6794509887695,0.819999992847443,NA,NA,NA,NA,NA,NA,NA,NA
"r5ew6","f",38.4219169616699,6.82000017166138,"xo4a4",69.8000030517578,31.3780822753906,7,"ulffl",80.5780792236328,42.1561660766602,8
"f7mh7","m",44.6849327087402,6.82000017166138,NA,NA,NA,NA,NA,NA,NA,NA
"mgd6k","m",29.5780830383301,2.64000010490417,NA,NA,NA,NA,"vk4cw",46,16.4219169616699,8
"ux3p9","f",32.4109573364258,5.82000017166138,"tmrj3",53.6904106140137,21.2794513702393,8,"um5f1",47.687671661377,15.2767124176025,3
"snhy8","f",64.0438385009766,5,"xo4a4",69.8000030517578,5.75616455078125,7,"ulffl",80.5780792236328,16.5342464447021,8
"flpqq","f",28.6739730834961,1.82000005245209,"e4xs3",53.6904106140137,25.0164375305176,4,"dmrfz",46.687671661377,18.0136985778809,4
"acu40","f",31.0767116546631,2,NA,NA,NA,NA,"i0vw2",64.6986312866211,33.6219177246094,3
"m2gzd","m",25.6712322235107,NA,NA,NA,NA,NA,NA,NA,NA,NA
"k66r3","m",30.4054794311523,1.63999998569489,"pksip",69.4904098510742,39.0849304199219,9,"ksapg",61.8400001525879,31.4345207214355,3
"hnplg","f",21.7753429412842,1.82000005245209,"oeqhm",NA,NA,NA,"blo4c",48.687671661377,26.9123287200928,4
"no0co","f",56.6931495666504,5,NA,NA,NA,NA,NA,NA,NA,NA
"a1ou3","f",15.5972604751587,0,"ihr7t",52.2246589660645,36.6273956298828,7,NA,NA,NA,NA
"vnzzl","f",19.7424659729004,0.819999992847443,NA,NA,NA,NA,NA,NA,NA,NA
"r2j2k","m",30.6767120361328,1.82000005245209,"zwswt",58.6958885192871,28.0191783905029,7,"zqdls",44.0301361083984,13.3534250259399,2
"xrqob","f",78.709587097168,1,NA,NA,NA,NA,NA,NA,NA,NA
"spklp","f",19.7424659729004,0,"fmjlz",50.6904106140137,30.9479446411133,5,"vc752",36.04931640625,16.306848526001,3
"odseg","f",27.76438331604,NA,NA,NA,NA,NA,NA,NA,NA,NA
"ra6yh","m",23.2136993408203,0,"ssn5h",68.1095886230469,44.8958892822266,11,"rxg87",62,38.7863006591797,4
"ie026","m",69.7013702392578,5,NA,NA,NA,NA,NA,NA,NA,NA
"hjb4z","f",31.3780822753906,2,NA,NA,NA,NA,NA,NA,NA,NA
"uiq3n","m",48.687671661377,10.460000038147,NA,NA,NA,NA,NA,NA,NA,NA
"weg1j","f",19.758903503418,0,NA,NA,NA,NA,"o4ijw",46.687671661377,26.9287662506104,4
"ad8a0","f",18.1698627471924,0.819999992847443,"qdjty",61.6958885192871,43.5260276794434,8,"qwk8y",50.8054809570312,32.6356163024902,9
"tv4nt","f",29.6739730834961,1.82000005245209,NA,NA,NA,NA,NA,NA,NA,NA
"a2pbv","f",18.668493270874,0,"rmd4v",55.6931495666504,37.024658203125,9,"hkiut",53.6904106140137,35.0219192504883,9
"bh6fn","f",36.6849327087402,4,"zdti6",59.6958885192871,23.0109596252441,6,"d38mz",56.6931495666504,20.0082187652588,6
"o7vc1","f",28.5643844604492,3.64000010490417,NA,NA,NA,NA,"w9zwh",45.3397254943848,16.7753429412842,8
"zopl1","f",16.758903503418,0,NA,NA,NA,NA,"rs43l",43.6849327087402,26.9260272979736,6
"bjn5c","m",35.6794509887695,0,"i9rdv",54.0356178283691,18.356164932251,4,"vsvmr",55.2000007629395,19.5205478668213,4
"qof1p","f",27.6739730834961,1,NA,NA,NA,NA,"a2esy",59.6958885192871,32.0219192504883,8
"e2p8g","f",40.758903503418,NA,"vcoip",NA,NA,NA,"u7xhw",NA,NA,NA
"jopk6","f",15.8465757369995,0.819999992847443,"qk8uf",65.9589004516602,50.1123275756836,5,"utdl0",58.689998626709,42.8434257507324,6
"ki6e6","f",18.668493270874,NA,NA,NA,NA,NA,NA,NA,NA,NA
"a6eyp","m",20.7534255981445,0,"xebmq",48.687671661377,27.9342460632324,5,"xx5qm",44.6849327087402,23.9315071105957,5
"vcoip","m",62.3835601806641,1,NA,NA,NA,NA,NA,NA,NA,NA
"d4mni","m",34.7534255981445,2.46000003814697,NA,NA,NA,NA,NA,NA,NA,NA
"j44cm","m",37.6794509887695,6.82000017166138,"tiqf0",72.04931640625,34.3698616027832,7,"v7y86",72.9643859863281,35.2849311828613,6
"vbocw","m",35.7698631286621,2,NA,NA,NA,NA,NA,NA,NA,NA
"cslsx","m",38.7561645507812,NA,NA,NA,NA,NA,NA,NA,NA,NA
"gxwe9","f",23.0054798126221,2.46000003814697,NA,NA,NA,NA,NA,NA,NA,NA
"ond72","f",38.6821899414062,4.6399998664856,"rlgmu",76.7068481445312,38.024658203125,7,"nx14f",66.7013702392578,28.0191783905029,7
"igbde","f",22.0876712799072,1.63999998569489,"hqjv5",71.1342468261719,49.046573638916,6,"c3dsm",59.6958885192871,37.6082191467285,9
"mjhl4","m",31.6767120361328,2.64000010490417,NA,NA,NA,NA,NA,NA,NA,NA
"d70cn","m",37.5205497741699,5.82000017166138,"u3lvm",78.5589065551758,41.0383567810059,7,"x0m0f",70.0383529663086,32.5178070068359,7
"vdd8c","f",20.3397254943848,0.819999992847443,"h0yzm",65.6986312866211,45.3589057922363,8,"tosdh",62.6986312866211,42.3589057922363,8
"r0d2c","f",81.5726013183594,5,NA,NA,NA,NA,NA,NA,NA,NA
"yy82i","f",50.3013687133789,8,"n5ukc",82.7123260498047,32.4109573364258,7,"kw540",75.7068481445312,25.4054794311523,7
"b0pp5","f",32.7452049255371,2,"ptt0j",59.3698616027832,26.6246566772461,6,"metjs",61.7424659729004,28.9972610473633,6
"dbcyt","f",73.9424667358398,1,NA,NA,NA,NA,NA,NA,NA,NA
"zea8a","f",40.6821899414062,8.64000034332275,NA,NA,NA,NA,NA,NA,NA,NA
"zizq8","f",35.6794509887695,4,"vs03c",58.0410957336426,22.361644744873,9,"mhj5e",59.9232864379883,24.2438354492188,9
"dbb8j","m",40.6821899414062,1,NA,NA,NA,NA,NA,NA,NA,NA
"k7k7q","m",25.6712322235107,0,"n9zev",61.5534248352051,35.8821907043457,8,"pji97",57.6931495666504,32.0219192504883,5
"ua4gn","f",21.668493270874,0.819999992847443,"nraxg",42.6849327087402,21.0164375305176,8,"c51t9",38.5205497741699,16.8520545959473,7
"pmegj","m",45.6849327087402,7.82000017166138,"i9rdv",54.0356178283691,8.35068511962891,4,"vsvmr",55.2000007629395,9.51506805419922,4
"l0gz1","m",35.6904106140137,0,"pm3cj",88.7013702392578,53.0109596252441,5,"dy5rn",70.04931640625,34.3589057922363,4
"w4c95","m",25.7095890045166,0.819999992847443,"uvilo",51,25.2904109954834,9,"hi1mx",59.6958885192871,33.9863014221191,8
"zwlsg","f",20.758903503418,1.63999998569489,NA,NA,NA,NA,NA,NA,NA,NA
"sw0ez","m",61.7863006591797,4,NA,NA,NA,NA,NA,NA,NA,NA
"tmaxt","f",20.758903503418,1,NA,NA,NA,NA,NA,NA,NA,NA
"rpu03","m",26.7479457855225,0.819999992847443,"rmd4v",55.6931495666504,28.9452056884766,9,"hkiut",53.6904106140137,26.9424648284912,9
"vmtsd","f",39.6821899414062,4,NA,NA,NA,NA,NA,NA,NA,NA
"t9u4e","m",28.0164375305176,4.82000017166138,"avi4x",63.3506851196289,35.3342475891113,6,"cp07v",55.9452056884766,27.9287662506104,6
"nu6iv","f",27.7534255981445,5.28000020980835,NA,NA,NA,NA,NA,NA,NA,NA
"idtrq","f",72.7945175170898,5,NA,NA,NA,NA,NA,NA,NA,NA
"xi5da","f",59.2438354492188,4,NA,NA,NA,NA,"oc5ly",81.3835601806641,22.1397266387939,6
"xslx4","m",24.6712322235107,2.46000003814697,"ihmut",62.6986312866211,38.0273971557617,8,NA,NA,NA,NA
"oigau","f",20.668493270874,0.819999992847443,"yzrpn",48.687671661377,28.0191783905029,8,"kmfpm",46.687671661377,26.0191783905029,8
"mjitp","m",41.6821899414062,0,"tuoi6",71.7041091918945,30.0219173431396,3,"tcbpq",64.6986312866211,23.0164375305176,3
"gt3ac","m",30.6767120361328,1.82000005245209,"uc0t8",NA,NA,NA,"ahzj3",58.0410957336426,27.3643836975098,7
"jtqf4","m",37.3068504333496,0,"mzbyj",77.0904083251953,39.783561706543,5,"vkl7d",78.7315063476562,41.4246559143066,5
"bd3ob","f",27.6739730834961,0.819999992847443,"xwtvk",61.6958885192871,34.0219192504883,8,"pherb",58.6958885192871,31.0219173431396,8
"lf9h3","m",41.0273971557617,3,"hnkaa",77.0400009155273,36.0126037597656,4,"lycjo",81.6958923339844,40.6684913635254,4
"vb3tz","f",65.6986312866211,0,NA,NA,NA,NA,NA,NA,NA,NA
"qr6xo","f",45.613697052002,7.82000017166138,NA,NA,NA,NA,NA,NA,NA,NA
"bzh8c","m",16.2000007629395,0,"fx8gr",47.4383544921875,31.2383556365967,3,"t9w4b",39.1780815124512,22.9780826568604,3
"psx97","f",78.709587097168,3,NA,NA,NA,NA,NA,NA,NA,NA
"qi8pi","m",92.7178115844727,3,NA,NA,NA,NA,NA,NA,NA,NA
"cx05o","f",54.6931495666504,NA,"qi8pi",92.7178115844727,38.024658203125,3,"fev0s",83.5534210205078,28.8602733612061,3
"xiu6z","f",19.8986301422119,0,"a5loi",57.3835601806641,37.4849319458008,5,"ekdvi",55.9643821716309,36.0657539367676,5
"mcs74","f",37.4410972595215,5,"pkwpc",54.0383567810059,16.5972595214844,6,"yxvr2",55.6986312866211,18.2575340270996,6
"qk8uf","m",65.9589004516602,5,"pm3cj",88.7013702392578,22.7424659729004,5,"dy5rn",70.04931640625,4.09041118621826,4
"tcjf4","m",65.6986312866211,5,NA,NA,NA,NA,NA,NA,NA,NA
"bfzlm","m",25.6712322235107,0,"rmd4v",55.6931495666504,30.0219173431396,9,"hkiut",53.6904106140137,28.0191783905029,9
"f0iuh","m",36.6794509887695,7.6399998664856,NA,NA,NA,NA,NA,NA,NA,NA
"rjsjs","f",33.6767120361328,NA,NA,NA,NA,NA,NA,NA,NA,NA
"d21bl","f",31.4301376342773,4.6399998664856,"sk2w0",71.7041091918945,40.2739715576172,4,"lk16z",68.7013702392578,37.2712326049805,4
"aldfq","f",41.2273979187012,5,"rlgmu",76.7068481445312,35.4794502258301,7,"nx14f",66.7013702392578,25.4739723205566,7
"dsdm3","f",40.6821899414062,6.6399998664856,"u3lvm",78.5589065551758,37.8767127990723,7,"x0m0f",70.0383529663086,29.356164932251,7
"kq92d","m",66.7013702392578,2,NA,NA,NA,NA,NA,NA,NA,NA
"j622z","f",56.6931495666504,6,NA,NA,NA,NA,NA,NA,NA,NA
"u4s5p","f",41.6821899414062,1,"xvieo",69.4602737426758,27.7780818939209,6,"vdv68",71.7041091918945,30.0219173431396,3
"txuqk","m",34.6794509887695,1.63999998569489,"kq92d",66.7013702392578,32.0219192504883,2,"nkwyn",61.6958885192871,27.0164375305176,2
"vuuh5","m",30.5917816162109,0.819999992847443,"n9zev",61.5534248352051,30.9616432189941,8,"pji97",57.6931495666504,27.1013698577881,5
"e8kf3","f",20.668493270874,0.819999992847443,"ppzcg",NA,NA,NA,NA,NA,NA,NA
"cpbve","f",17.0739727020264,0,NA,NA,NA,NA,"v1vs5",42.7780838012695,25.7041091918945,4
"oan3p","f",24.6712322235107,1.82000005245209,NA,NA,NA,NA,"a2esy",59.6958885192871,35.024658203125,8
"tm9n6","m",16.6246566772461,0,"ssn5h",68.1095886230469,51.4849319458008,11,"jtej2",58,41.3753433227539,4
"iyhwp","m",29.6739730834961,2.64000010490417,"hgsof",81.5369873046875,51.8630142211914,8,"thip2",71.1600036621094,41.486026763916,8
"fjh09","m",51.7643852233887,7.82000017166138,NA,NA,NA,NA,NA,NA,NA,NA
"z2r8w","m",35.7698631286621,0,NA,NA,NA,NA,NA,NA,NA,NA
"kw540","f",75.7068481445312,7,NA,NA,NA,NA,NA,NA,NA,NA
"h1x4z","m",67.7013702392578,7,NA,NA,NA,NA,NA,NA,NA,NA
"mfi23","f",25.76438331604,0,NA,NA,NA,NA,NA,NA,NA,NA
"synk4","m",43.6849327087402,10.6400003433228,"ie026",69.7013702392578,26.0164375305176,5,"k6pgi",64.6986312866211,21.0136985778809,5
"knn6i","m",20.6712322235107,0.819999992847443,"ai7tg",38.3397254943848,17.668493270874,6,"r5ew6",38.4219169616699,17.7506847381592,6
"ayrfp","f",32.7671241760254,1.63999998569489,NA,NA,NA,NA,NA,NA,NA,NA
"cpedt","f",24.6712322235107,1.63999998569489,"nknq0",45.6849327087402,21.0136985778809,3,"yxley",42.6849327087402,18.0136985778809,3
