"id","sex","age","skill","mid","agem","skillm","fid","agef","skillf","hectares","hectaresf","hectaresm","rawskill","rawskillf","rawskillm"
"r4wym","f",70,1.24284243583679,NA,NA,NA,NA,NA,NA,1.80563378334045,NA,NA,7.09999990463257,NA,NA
"ci4ks","m",20,NA,"ztk7k",53,2.23791933059692,"w0kt3",57,2.68477034568787,NA,2.68187236785889,2.68187236785889,6.62641859054565,8.19999980926514,8.19999980926514
"vkiu0","f",19,NA,NA,NA,NA,"b1dog",62,-2.55148649215698,NA,2.40000009536743,NA,NA,3.09999990463257,NA
"by9jm","f",27,NA,NA,NA,NA,NA,NA,NA,2.17296266555786,NA,NA,NA,NA,NA
"vkmb1","m",64,2.92004132270813,NA,NA,NA,NA,NA,NA,1.21084487438202,NA,NA,9.10892772674561,NA,NA
"cy1hq","m",35,NA,NA,NA,NA,NA,NA,NA,NA,NA,NA,NA,NA,NA
"q2cc5","m",39,NA,NA,NA,NA,NA,NA,NA,0.436484694480896,NA,NA,NA,NA,NA
"i8487","f",26,NA,NA,NA,NA,NA,NA,NA,NA,NA,NA,NA,NA,NA
"od533","m",88,1.48902690410614,NA,NA,NA,NA,NA,NA,2.13161396980286,NA,NA,7.16437673568726,NA,NA
"z7if5","f",34,1.22821128368378,"d2h1u",79,-1.00610935688019,"y66ng",68,-2.32192420959473,2.6147153377533,2.13161396980286,1.49223303794861,6.6341233253479,3.45929956436157,5.386878490448
"g0rjn","f",22,NA,NA,NA,NA,"v7wvf",42,-3.44745278358459,NA,5.18541145324707,NA,NA,0.857570588588715,NA
"i0cx3","f",43,-3.32295632362366,NA,NA,NA,NA,NA,NA,6.56729030609131,NA,NA,-0.121497824788094,NA,NA
"d2h1u","f",79,-0.645070850849152,NA,NA,NA,NA,NA,NA,1.49223303794861,NA,NA,5.386878490448,NA,NA
"yxc2j","f",34,-3.00054740905762,"t6laz",51,0.00189588405191898,"pu8k8",NA,NA,0.486406803131104,NA,2.30634164810181,3.59237718582153,NA,6.09999990463257
"dqymp","f",41,1.58144688606262,"pjpml",NA,NA,"prdvo",NA,NA,2.06734800338745,NA,NA,7.29263973236084,NA,NA
"sqqlp","m",NA,NA,"xp7zu",45,-1.65151596069336,NA,NA,NA,NA,NA,1.05457210540771,NA,NA,4.90000009536743
"p75nn","m",NA,NA,"q4xdn",NA,NA,"c9knq",67,-1.67063689231873,NA,3.80846500396729,NA,NA,3.29999995231628,NA
"f7whw","f",24,5.45338535308838,NA,NA,NA,NA,NA,NA,1.27823078632355,NA,NA,11.6046895980835,NA,NA
"bcsjv","m",35,-1.41306066513062,NA,NA,NA,NA,NA,NA,2.06483459472656,NA,NA,4.29953384399414,NA,NA
"zsu9z","m",35,NA,NA,NA,NA,NA,NA,NA,1.15255355834961,NA,NA,NA,NA,NA
"t7742","f",27,2.05726194381714,"yri6f",49,-2.45964884757996,"aum04",57,-1.96808540821075,1.6941294670105,4.43434953689575,4.85968017578125,7.97660827636719,2.70000004768372,2.71359348297119
"oq86w","f",28,-0.724164307117462,NA,NA,NA,NA,NA,NA,2.16160225868225,NA,NA,4.93446063995361,NA,NA
"psr6b","m",82,1.77302801609039,NA,NA,NA,NA,NA,NA,1.68045687675476,NA,NA,7.69999980926514,NA,NA
"ieiac","f",27,NA,NA,NA,NA,NA,NA,NA,NA,NA,NA,NA,NA,NA
"wtd09","f",19,NA,"i0cx3",43,-4.67621517181396,NA,NA,NA,NA,NA,6.56729030609131,NA,NA,-0.121497824788094
"p6du7","m",50,4.31528091430664,"d2h1u",79,-1.00610935688019,"y66ng",68,-2.32192420959473,2.75051665306091,2.13161396980286,1.49223303794861,9.64545249938965,3.45929956436157,5.386878490448
"dzaje","m",53,1.00622510910034,NA,NA,NA,NA,NA,NA,1.57708656787872,NA,NA,6.99084949493408,NA,NA
"g3g1n","f",28,1.27313590049744,"tqp7s",58,-0.311457067728043,"i04ua",68,0.516182124614716,0.983773589134216,2.6147153377533,1.99339926242828,7.58866596221924,6.06387567520142,5.90000009536743
"sidkc","f",38,-3.18450045585632,"opji7",61,0.125813484191895,"aw8lv",70,0.367881029844284,0.837451696395874,0.991983592510223,0.991983592510223,3.21263742446899,6.69999980926514,6.69999980926514
"y5uv0","f",23,3.75549912452698,"l3kmd",38,3.82270073890686,NA,NA,NA,2.75051665306091,NA,0.398480534553528,9.08567142486572,NA,10.6118640899658
"u821h","m",62,-0.830683529376984,NA,NA,NA,NA,NA,NA,4.18399572372437,NA,NA,3.70000004768372,NA,NA
"tokoj","f",21,NA,NA,NA,NA,NA,NA,NA,NA,NA,NA,NA,NA,NA
"opqjn","m",50,-0.149291306734085,NA,NA,NA,NA,NA,NA,4.29843902587891,NA,NA,4.31756448745728,NA,NA
"hy1b2","m",33,2.42097735404968,"hb3rb",NA,NA,"k1j2d",56,-2.24288892745972,2.16411566734314,0.689316391944885,NA,8.078200340271,4.23553895950317,NA
"xzlls","f",32,NA,NA,NA,NA,NA,NA,NA,NA,NA,NA,NA,NA,NA
"z9o45","m",23,-0.594333112239838,"pcog8",55,-2.09935116767883,"cq57w",63,-1.53114724159241,1.15255355834961,3.68328809738159,3.68328809738159,5.62706422805786,3.5,3.5
"qivyd","m",57,5.61265659332275,"l5qvu",75,1.46557581424713,"yk292",68,1.02925026416779,1.93081068992615,9.06414794921875,5.79508209228516,11.3999996185303,3.45929956436157,6.30000019073486
"hbc86","f",27,NA,NA,NA,NA,NA,NA,NA,-0.179230615496635,NA,NA,NA,NA,NA
"av9eb","f",42,6.27434825897217,NA,NA,NA,NA,NA,NA,1.15255355834961,NA,NA,12.4957456588745,NA,NA
"l62r8","f",34,-3.01718235015869,"dsvsw",40,-1.09539711475372,NA,NA,NA,1.63108265399933,NA,0.978963255882263,2.93732690811157,NA,5.4835057258606
"j4yh0","m",52,1.20514941215515,"pjpml",NA,NA,"prdvo",NA,NA,1.78337204456329,NA,NA,7.07472324371338,NA,NA
"t0s43","f",57,-1.3590133190155,NA,NA,NA,NA,NA,NA,3.05740332603455,NA,NA,3.79999995231628,NA,NA
"h5s6z","m",66,1.95410370826721,"xrboy",NA,NA,NA,NA,NA,2.05598759651184,NA,NA,7.67163228988647,NA,NA
"hmb97","f",23,4.57490348815918,"yxggv",44,1.84848403930664,"udmnz",48,2.09813618659973,1.15255355834961,1.05457210540771,1.05457210540771,10.7963008880615,8.39999961853027,8.39999961853027
"j25aq","f",48,3.98821330070496,NA,NA,NA,NA,NA,NA,2.06483459472656,NA,NA,9.70080757141113,NA,NA
"e7jp2","f",75,NA,NA,NA,NA,NA,NA,NA,NA,NA,NA,8.91224479675293,NA,NA
"qacti","m",33,-2.60320925712585,"pcog8",55,-2.09935116767883,"cq57w",63,-1.53114724159241,2.37196469306946,3.68328809738159,3.68328809738159,2.93809103965759,3.5,3.5
"kat98","m",22,4.82569026947021,"k50gc",47,-2.19910573959351,"dvx4k",71,-1.88572645187378,0.607702553272247,1.58045482635498,1.58045482635498,11.3509654998779,4.16192674636841,4.16192674636841
"yjtmj","f",31,0.550447046756744,NA,NA,NA,"goxyl",NA,NA,1.15255355834961,NA,NA,6.77184438705444,NA,NA
"flkjm","f",31,0.576205551624298,NA,NA,NA,NA,NA,NA,2.70932507514954,NA,NA,5.92935132980347,NA,NA
"wey35","m",26,-1.01616287231445,"cbzob",NA,NA,"eqv2m",73,1.61332941055298,1.69740450382233,1.98798871040344,NA,4.90135717391968,7.46398115158081,NA
"u9czl","f",46,1.00622510910034,NA,NA,NA,NA,NA,NA,1.57708656787872,NA,NA,6.99084949493408,NA,NA
"t96b8","m",40,-0.98102468252182,NA,NA,NA,NA,NA,NA,2.13161396980286,NA,NA,4.69432544708252,NA,NA
"xdktc","m",33,-1.29211795330048,"t1cz9",62,-0.0546536631882191,"vi86q",65,0.461592942476273,2.34024262428284,3.25453209877014,3.25453209877014,4.26687431335449,5.69999980926514,5.69999980926514
"pfsip","f",22,NA,"ovp7c",54,0.380208313465118,"yvr9q",NA,NA,NA,NA,1.22981977462769,NA,NA,6.86824655532837
"t9x9p","f",28,-2.63569474220276,"q4xdn",NA,NA,"c9knq",67,-1.67063689231873,1.86714506149292,3.80846500396729,NA,3.18715643882751,3.29999995231628,NA
"gsi1x","m",31,-6.31823396682739,"hygoi",66,0.558974206447601,"y5uz2",67,1.01286900043488,1.15255355834961,2.74000000953674,2.74000000953674,-0.0968367159366608,6.5,6.5
"bflnm","f",26,-1.87693822383881,NA,NA,NA,NA,NA,NA,3.67416524887085,NA,NA,2.93809103965759,NA,NA
"q1hwy","m",67,-1.51879870891571,NA,NA,NA,NA,NA,NA,1.15255355834961,NA,NA,4.70259857177734,NA,NA
"uhogj","f",34,-0.126542925834656,"bdt7u",64,0.0876176431775093,NA,NA,NA,1.10735380649567,NA,1.81186175346375,6.12006330490112,NA,6.364830493927
"o6kyp","f",25,NA,"g3lq0",55,-1.21291601657867,"sm50v",60,-0.826741695404053,NA,2.18116474151611,2.18116474151611,NA,4.93052911758423,4.93052911758423
"qgyt2","f",30,-2.75723218917847,NA,NA,NA,NA,NA,NA,2.34949779510498,NA,NA,2.79659819602966,NA,NA
"rhn1l","m",38,1.51265680789948,"axc7j",73,1.37519001960754,"psr6b",82,1.70068776607513,1.93081068992615,1.68045687675476,1.68045687675476,7.30000019073486,7.69999980926514,7.69999980926514
"gq28b","f",31,0.889487028121948,"hygoi",66,0.558974206447601,"y5uz2",67,1.01286900043488,3.63388800621033,2.74000000953674,2.74000000953674,5.72697973251343,6.5,6.5
"kys8o","f",39,1.63140594959259,NA,NA,NA,NA,NA,NA,2.50388288497925,NA,NA,7.09913206100464,NA,NA
"h3zzz","m",55,-4.63230991363525,NA,NA,NA,NA,NA,NA,4.44245862960815,NA,NA,-0.245777741074562,NA,NA
"bb8gz","m",31,NA,"pg4uz",59,0.234837144613266,NA,NA,NA,1.03378367424011,NA,0.86680668592453,NA,NA,6.85436487197876
"zp1on","m",72,2.12982082366943,NA,NA,NA,NA,NA,NA,0.983773589134216,NA,NA,8.44535064697266,NA,NA
"huph5","m",32,4.03773546218872,"pt37z",59,-1.27284443378448,"hxyjh",65,-0.896505832672119,2.86862373352051,2.09999990463257,2.09999990463257,9.30203628540039,4.90000009536743,4.90000009536743
"s7qx6","f",44,-1.6254335641861,"zm59a",NA,NA,"q3tam",NA,NA,0.976191699504852,NA,NA,4.69432544708252,NA,NA
"i04ua","m",68,0.657963633537292,NA,NA,NA,NA,NA,NA,2.6147153377533,NA,NA,6.06387567520142,NA,NA
"xpeg3","m",62,0.0711722150444984,NA,NA,NA,NA,NA,NA,2.93222641944885,NA,NA,5.30000019073486,NA,NA
"hxyjh","m",65,-0.792981922626495,NA,NA,NA,NA,NA,NA,2.09999990463257,NA,NA,4.90000009536743,NA,NA
"oz0c4","f",65,0.00369056197814643,NA,NA,NA,NA,NA,NA,1.04976177215576,NA,NA,6.28241729736328,NA,NA
"pve36","m",43,NA,NA,NA,NA,NA,NA,NA,NA,NA,NA,NA,NA,NA
"touqx","f",22,NA,NA,NA,NA,NA,NA,NA,NA,NA,NA,NA,NA,NA
"rhjwp","m",62,0.561398208141327,"ly18a",NA,NA,"od533",88,1.38315320014954,1.42574667930603,2.13161396980286,NA,6.63042879104614,7.16437673568726,NA
"sopvs","f",39,-2.11966800689697,NA,NA,NA,NA,NA,NA,5.51136112213135,NA,NA,1.67070949077606,NA,NA
"dsvsw","f",40,-0.834707498550415,NA,NA,NA,NA,NA,NA,0.978963255882263,NA,NA,5.4835057258606,NA,NA
"e9nsy","m",44,1.85228562355042,NA,NA,NA,NA,NA,NA,2.18116474151611,NA,NA,7.5,NA,NA
"wrkrv","m",44,6.88210296630859,NA,NA,NA,NA,NA,NA,2.24225544929504,NA,NA,12.4957456588745,NA,NA
"yri6f","f",49,-1.44024360179901,NA,NA,NA,NA,NA,NA,4.85968017578125,NA,NA,2.71359348297119,NA,NA
"griw7","f",21,0.550447046756744,"ew3s7",62,1.48284602165222,"h5s6z",66,1.85385119915009,1.15255355834961,2.05598759651184,2.05598759651184,6.77184438705444,7.67163228988647,7.67163228988647
"dytu9","f",28,NA,"i3egi",NA,NA,"r6isy",75,-0.530864357948303,0.109624952077866,0.841182947158813,NA,NA,5.8741512298584,NA
"q9m1f","m",31,-0.939369261264801,"tqp7s",58,-0.311457067728043,"i04ua",68,0.516182124614716,1.84429144859314,2.6147153377533,1.99339926242828,4.89622783660889,6.06387567520142,5.90000009536743
"zfoqg","m",56,6.01248979568481,NA,NA,NA,NA,NA,NA,2.76766061782837,NA,NA,11.3331003189087,NA,NA
"qkryq","m",27,2.23225259780884,"yhlvy",44,NA,NA,NA,NA,0.0628515854477882,NA,NA,9.06140518188477,NA,NA
"hos82","m",43,-1.1085399389267,NA,NA,NA,NA,NA,NA,3.66387176513672,NA,NA,3.71223020553589,NA,NA
"rsd6a","f",56,0.0711722150444984,NA,NA,NA,NA,NA,NA,2.93222641944885,NA,NA,5.30000019073486,NA,NA
"j5j9l","m",34,-1.73911333084106,"szq3o",61,-1.55679821968079,"ufgt7",66,-1.93185615539551,1.15255355834961,1.86822080612183,1.8682222366333,4.48228406906128,3.97669148445129,4.69999980926514
"fgrgk","f",59,1.35228562355042,"xnws5",64,1.86052393913269,"i2gp5",NA,NA,2.18116474151611,NA,7.90872526168823,7,NA,5.92935132980347
"scfxr","m",31,1.64348649978638,"qyacs",52,-2.25400996208191,"w0kt3",57,2.68477034568787,2.16160225868225,2.68187236785889,3.80846500396729,7.30211114883423,8.19999980926514,3.29999995231628
"ig0w4","f",21,NA,"bckf5",48,-2.47946882247925,"r68v9",NA,NA,NA,NA,1.80563378334045,5.62706422805786,NA,3.79999995231628
"ipdkf","m",25,NA,"fgrgk",59,0.856554687023163,"r6qs6",NA,NA,1.15255355834961,NA,2.18116474151611,NA,NA,7
"vlrgg","f",17,NA,"rzc06",46,-1.83638727664948,NA,NA,NA,0.607702553272247,NA,1.69740450382233,NA,NA,4.48228406906128
"lo91x","m",50,-0.299315482378006,"rz7wh",76,-4.13466024398804,"tra9p",83,-3.85466980934143,0.268969744443893,1.30492603778839,1.30492603778839,6.414879322052,2.32617330551147,2.32617330551147
"pj2bo","m",58,1.27313590049744,"d2h1u",79,-1.00610935688019,"y66ng",68,-2.32192420959473,0.983773589134216,2.13161396980286,1.49223303794861,7.58866596221924,3.45929956436157,5.386878490448
"hk8h1","m",38,0.576205551624298,"fzxya",70,NA,"o79pm",NA,NA,2.70932507514954,NA,NA,5.92935132980347,NA,NA
"gl7ut","f",37,1.12595248222351,"iigtd",59,-0.734127640724182,NA,NA,NA,0.719874382019043,NA,1.93081068992615,7.58866596221924,NA,5.5
"adflg","f",42,-3.015864610672,"rz7wh",76,-4.13466024398804,"tra9p",83,-3.85466980934143,1.55527985095978,1.30492603778839,1.30492603778839,2.98092198371887,2.32617330551147,2.32617330551147
"h35sm","m",44,2.46279072761536,"opji7",61,0.125813484191895,"aw8lv",70,0.367881029844284,2.20000004768372,0.991983592510223,0.991983592510223,8.10000038146973,6.69999980926514,6.69999980926514
"islwf","m",43,0.069119393825531,"cu4y8",NA,NA,NA,NA,NA,2.24055457115173,NA,NA,5.68371057510376,NA,NA
"kn2hw","f",35,2.27282214164734,"dicpe",66,2.73245882987976,"d0dis",77,3.05795669555664,1.45960772037506,1.68045687675476,1.68045687675476,8.32296752929688,9.05726909637451,9.05726909637451
"p9jiz","f",NA,NA,NA,NA,NA,NA,NA,NA,NA,NA,NA,NA,NA,NA
"nilc3","m",50,-2.44195890426636,NA,NA,NA,NA,NA,NA,3.2208776473999,NA,NA,2.62588047981262,NA,NA
"hk05i","f",35,-0.137874618172646,NA,NA,NA,NA,NA,NA,2.22838163375854,NA,NA,5.4835057258606,NA,NA
"u0r4h","f",19,-0.98102468252182,"xbsaf",59,-2.36053800582886,"h3zzz",55,-4.90994310379028,2.13161396980286,4.44245862960815,2.18116474151611,4.69432544708252,-0.245777741074562,3.78290748596191
"yh3gs","f",44,-7.76689195632935,"bvrna",65,-3.03144788742065,"msnyl",65,-2.61196136474609,0.607702553272247,2.45605945587158,2.45605945587158,-1.24161696434021,3.01242589950562,3.01242589950562
"dj3cv","f",19,NA,"qyacs",52,-2.25400996208191,"w0kt3",57,2.68477034568787,0.607702553272247,2.68187236785889,3.80846500396729,NA,8.19999980926514,3.29999995231628
"g3z9t","m",36,2.27282214164734,NA,NA,NA,NA,NA,NA,1.45960772037506,NA,NA,8.32296752929688,NA,NA
"y5uz2","m",67,1.16396260261536,NA,NA,NA,NA,NA,NA,2.74000000953674,NA,NA,6.5,NA,NA
"v6shr","m",26,NA,NA,NA,NA,NA,NA,NA,2.78710651397705,NA,NA,NA,NA,NA
"cl66r","f",26,-2.73332405090332,"khky1",41,2.10061383247375,"hbpwl",61,1.45183396339417,2.17490744590759,2.20000004768372,2.42763495445251,2.91788029670715,7.19999980926514,8.15478324890137
"p491g","m",29,0.550447046756744,"jzw5z",NA,NA,"ojem8",NA,NA,1.15255355834961,NA,NA,6.77184438705444,NA,NA
"uoqqa","f",64,2.85343337059021,NA,NA,NA,NA,NA,NA,1.05457210540771,NA,NA,9.12947750091553,NA,NA
"dgvoe","f",57,-5.41379880905151,NA,NA,NA,NA,NA,NA,1.86714506149292,NA,NA,0.40905237197876,NA,NA
"r0hpg","m",29,0.0134218381717801,NA,NA,NA,NA,NA,NA,2.24225544929504,NA,NA,5.62706422805786,NA,NA
"rvlsq","m",26,-0.793091475963593,"pcog8",55,-2.09935116767883,"cq57w",63,-1.53114724159241,1.15255355834961,3.68328809738159,3.68328809738159,5.42830610275269,3.5,3.5
"rz7wh","f",76,-3.81024193763733,NA,NA,NA,NA,NA,NA,1.30492603778839,NA,NA,2.32617330551147,NA,NA
"r4uoo","f",25,NA,NA,NA,NA,NA,NA,NA,0.436484694480896,NA,NA,NA,NA,NA
"c3qqr","f",79,-2.7216432094574,NA,NA,NA,NA,NA,NA,2.80179572105408,NA,NA,2.57992911338806,NA,NA
"nghu5","f",33,0.670387268066406,"ecso7",57,1.43800604343414,NA,NA,NA,2.23089504241943,NA,1.22253715991974,6.29036569595337,NA,7.92868232727051
"lb88o","f",40,0.708971321582794,NA,NA,NA,NA,NA,NA,3,NA,NA,5.90000009536743,NA,NA
"im32t","m",61,0.230108395218849,NA,NA,NA,NA,NA,NA,2.5,NA,NA,5.69999980926514,NA,NA
"ndygx","f",24,-1.62612307071686,NA,NA,NA,NA,NA,NA,1.6941294670105,NA,NA,4.29322338104248,NA,NA
"qn5g6","f",27,-0.973852515220642,NA,NA,NA,NA,NA,NA,2.98887610435486,NA,NA,4.22338008880615,NA,NA
"xhd7i","f",34,-3.56989169120789,"i3egi",NA,NA,"r6isy",75,-0.530864357948303,2.5,0.841182947158813,NA,1.89999997615814,5.8741512298584,NA
"ynxud","m",42,-6.31823396682739,"tnex8",59,-2.04368257522583,"w0jlu",61,0.250383704900742,1.15255355834961,4.05881881713867,1.21084487438202,-0.0968367159366608,5.09999990463257,4.45122861862183
"odcew","f",20,0.0134218381717801,NA,NA,NA,NA,NA,NA,2.24225544929504,NA,NA,5.62706422805786,NA,NA
"f4plt","f",49,-1.3166036605835,NA,NA,NA,NA,NA,NA,2.23694586753845,NA,NA,4.30000019073486,NA,NA
"hr5nv","m",47,-2.3477144241333,NA,NA,NA,NA,NA,NA,2.18116474151611,NA,NA,3.29999995231628,NA,NA
"r0jse","m",37,-0.789198935031891,"rsd6a",56,-0.571398198604584,"xpeg3",62,-0.0942091196775436,3.18258023262024,2.93222641944885,2.93222641944885,4.30000019073486,5.30000019073486,5.30000019073486
"gtjsy","m",35,-1.87693822383881,"dgag4",63,-2.96417951583862,NA,NA,NA,3.67416524887085,NA,2.40000009536743,2.93809103965759,NA,3.09999990463257
"ye52v","f",57,-0.669116675853729,"n73xl",NA,NA,"t8e3b",NA,NA,2.76771950721741,NA,NA,4.65146064758301,NA,NA
"m3e21","f",64,2.12982082366943,NA,NA,NA,NA,NA,NA,0.983773589134216,NA,NA,8.44535064697266,NA,NA
"ov061","m",42,-1.42697203159332,"c2h98",61,0.0392485484480858,"wi2n4",58,-1.25735342502594,1.68045687675476,1.30515265464783,1.30515265464783,4.5,4.92338037490845,6.5
"up9kl","m",21,-3.30932188034058,"u9czl",46,0.62859696149826,"vsa47",NA,NA,0.389762163162231,NA,1.57708656787872,3.3375039100647,NA,6.99084949493408
"gw0se","f",20,-3.30932188034058,"r557p",46,NA,"jfghh",48,NA,0.389762163162231,NA,NA,3.3375039100647,7.91662454605103,7.91662454605103
"ccwu8","f",26,NA,"y42gy",56,3.03519821166992,"yfv0w",NA,NA,NA,NA,3.20348763465881,2.05476665496826,NA,8.80834102630615
"xmshm","m",49,0.884937584400177,"r4wym",70,0.820531189441681,"d6eo5",79,1.16119801998138,2.6147153377533,1.80563378334045,1.80563378334045,6.29084968566895,7.09999990463257,7.09999990463257
"wndkh","m",33,1.47880506515503,"x029d",53,0.593825280666351,NA,NA,NA,1.55390286445618,NA,1.17974901199341,7.47635936737061,NA,7.09999990463257
"k378y","m",73,NA,NA,NA,NA,NA,NA,NA,-0.179230615496635,NA,NA,NA,NA,NA
"igajq","m",44,-1.21752870082855,NA,NA,NA,NA,NA,NA,2.05598759651184,NA,NA,4.5,NA,NA
"tnex8","f",59,-1.73765814304352,NA,NA,NA,NA,NA,NA,1.21084487438202,NA,NA,4.45122861862183,NA,NA
"iv42t","m",44,2.63504672050476,NA,NA,NA,NA,NA,NA,0.978963255882263,NA,NA,8.95326042175293,NA,NA
"uuzn5","m",34,-1.30777931213379,"mez8q",53,NA,"e6ef2",NA,NA,1.10279178619385,NA,NA,4.94137144088745,NA,NA
"k50gc","f",47,-1.82081913948059,"cbzob",NA,NA,"eqv2m",73,1.61332941055298,1.58045482635498,1.98798871040344,NA,4.16192674636841,7.46398115158081,NA
"h4t4t","f",56,6.01248979568481,NA,NA,NA,NA,NA,NA,2.76766061782837,NA,NA,11.3331003189087,NA,NA
"awu0i","m",23,NA,"so4qw",NA,NA,"c9knq",67,-1.67063689231873,NA,3.80846500396729,NA,NA,3.29999995231628,NA
"yn79x","m",33,0.904068827629089,"ew3s7",62,1.48284602165222,"h5s6z",66,1.85385119915009,2.51636958122253,2.05598759651184,2.05598759651184,6.364830493927,7.67163228988647,7.67163228988647
"uq9ff","m",31,NA,NA,NA,NA,NA,NA,NA,-0.179230615496635,NA,NA,NA,NA,NA
"h2msi","f",39,NA,NA,NA,NA,NA,NA,NA,2.24225544929504,NA,NA,NA,NA,NA
"ymis4","m",25,4.76491498947144,"vnwe5",60,0.142539456486702,"gdgy9",64,0.490569353103638,0.498732358217239,1.86639380455017,1.86639380455017,11.3509654998779,6.40000009536743,6.40000009536743
"p5gom","m",24,7.41912841796875,NA,NA,NA,"b1dog",62,-2.55148649215698,1.15255355834961,2.40000009536743,NA,13.6405258178711,3.09999990463257,NA
"oihlq","f",60,1.45548701286316,NA,NA,NA,NA,NA,NA,3.36303687095642,NA,NA,6.44404077529907,NA,NA
"aorze","m",27,-0.755060315132141,"lrmrv",NA,NA,"uy406",61,-4.79197549819946,1.03378367424011,2.13161396980286,NA,5.5325779914856,0.989248037338257,NA
"wtu2h","f",26,-1.13135838508606,NA,NA,NA,NA,NA,NA,2.24225544929504,NA,NA,4.48228406906128,NA,NA
"l6p3e","m",70,1.39360868930817,NA,NA,NA,NA,NA,NA,1.57268786430359,NA,NA,7.38068628311157,NA,NA
"hbpwl","m",61,1.56279063224792,"hugl2",NA,NA,"jxjb2",NA,NA,2.20000004768372,NA,NA,7.19999980926514,NA,NA
"om7lz","f",44,2.84000754356384,"n73xl",NA,NA,"t8e3b",NA,NA,1.15255355834961,NA,NA,9.06140518188477,NA,NA
"wurii","m",NA,NA,"pg4uz",59,0.234837144613266,NA,NA,NA,NA,NA,0.86680668592453,NA,NA,6.85436487197876
"cn6z2","m",58,-1.3166036605835,"fohrf",75,0.375213623046875,"rtomn",NA,NA,2.23694586753845,NA,0.398480534553528,4.30000019073486,NA,7.16437673568726
"vqpqc","f",35,-2.48734307289124,"pcog8",55,-2.09935116767883,"cq57w",63,-1.53114724159241,1.93081068992615,3.68328809738159,3.68328809738159,3.29999995231628,3.5,3.5
"zpytj","f",30,-1.36967539787292,NA,NA,NA,NA,NA,NA,3.92538571357727,NA,NA,3.30524182319641,NA,NA
"ffol0","f",50,0.898409962654114,NA,NA,NA,NA,NA,NA,3.28703618049622,NA,NA,5.92935132980347,NA,NA
"kuik8","m",34,-1.41524732112885,NA,NA,NA,NA,NA,NA,1.57596302032471,NA,NA,4.57000350952148,NA,NA
"o0mxr","f",30,-0.712612271308899,NA,NA,NA,NA,NA,NA,0.398480534553528,NA,NA,5.92935132980347,NA,NA
"fg6oc","m",25,NA,NA,NA,NA,NA,NA,NA,NA,NA,NA,NA,NA,NA
"bqbw1","m",NA,NA,"s7nn4",78,3.54119229316711,"k378y",73,NA,NA,-0.179230615496635,0.743911504745483,NA,NA,10.2052345275879
"drkuw","f",41,-1.1842794418335,"iigtd",59,-0.734127640724182,"ysxue",84,-2.87732982635498,3.54999995231628,2.80179572105408,1.93081068992615,3.70000004768372,2.57992911338806,5.5
"udmnz","m",48,2.12395596504211,"dle4v",78,1.84000992774963,"wjnqp",77,2.50021123886108,1.05457210540771,4.44245862960815,4.44245862960815,8.39999961853027,7.16437673568726,7.16437673568726
"aol13","f",21,0.0134218381717801,"rsd6a",56,-0.571398198604584,"xpeg3",62,-0.0942091196775436,2.24225544929504,2.93222641944885,2.93222641944885,5.62706422805786,5.30000019073486,5.30000019073486
"rlh8q","m",60,-3.30758357048035,NA,NA,NA,NA,NA,NA,4.05747747421265,NA,NA,1.29366254806519,NA,NA
"veb7w","f",NA,NA,NA,NA,NA,NA,NA,NA,NA,NA,NA,NA,NA,NA
"qvg7q","f",18,NA,"yri6f",49,-2.45964884757996,"aum04",57,-1.96808540821075,NA,4.43434953689575,4.85968017578125,NA,2.70000004768372,2.71359348297119
"zrkpa","m",30,-2.73332405090332,"pt37z",59,-1.27284443378448,"hxyjh",65,-0.896505832672119,2.17490744590759,2.09999990463257,2.09999990463257,2.91788029670715,4.90000009536743,4.90000009536743
"tbpiu","m",65,-1.81752872467041,"dle4v",78,1.84000992774963,"wjnqp",77,2.50021123886108,2.05598759651184,4.44245862960815,4.44245862960815,3.90000009536743,7.16437673568726,7.16437673568726
"jkl6x","m",36,NA,NA,NA,NA,NA,NA,NA,NA,NA,NA,NA,NA,NA
"xkjox","m",23,NA,"h3wmy",NA,NA,"hsiy4",50,-1.66891694068909,NA,1.81186175346375,NA,NA,4.26687431335449,NA
"xp7zu","f",45,-1.37604415416718,"rz7wh",76,-4.13466024398804,"tra9p",83,-3.85466980934143,1.05457210540771,1.30492603778839,1.30492603778839,4.90000009536743,2.32617330551147,2.32617330551147
"pd2zv","m",31,-3.2086660861969,"u9czl",46,0.62859696149826,"vsa47",NA,NA,2.16411566734314,NA,1.57708656787872,2.44855690002441,NA,6.99084949493408
"yr79k","m",25,0.550447046756744,"ye52v",57,-1.27952444553375,"j1djg",59,2.83185482025146,1.15255355834961,2.34949779510498,2.76771950721741,6.77184438705444,8.5077543258667,4.65146064758301
"xnws5","f",64,3.47604560852051,NA,NA,NA,NA,NA,NA,7.90872526168823,NA,NA,5.92935132980347,NA,NA
"r6hrv","m",23,0.0134218381717801,"u9czl",46,0.62859696149826,"vsa47",NA,NA,2.24225544929504,NA,1.57708656787872,5.62706422805786,NA,6.99084949493408
"rok26","f",NA,NA,"txjb7",55,-0.301773518323898,"k5i0g",57,0.399442046880722,NA,4.78091144561768,4.78091144561768,NA,4.90000009536743,4.90000009536743
"czdvt","f",18,NA,"lba9k",50,-0.363327592611313,"w0jlu",61,0.250383704900742,2.78710651397705,4.05881881713867,4.05881881713867,NA,5.09999990463257,5.09999990463257
"l3kmd","f",38,3.96990060806274,"ds3k2",78,2.65652251243591,NA,NA,NA,0.398480534553528,NA,3.28703618049622,10.6118640899658,NA,8.3994026184082
"zs3t0","m",42,0.127241015434265,NA,NA,NA,NA,NA,NA,1.03378367424011,NA,NA,6.414879322052,NA,NA
"no955","m",58,-1.3590133190155,NA,NA,NA,NA,NA,NA,3.05740332603455,NA,NA,3.79999995231628,NA,NA
"w65n4","m",61,2.36870646476746,NA,NA,NA,NA,NA,NA,2.6147153377533,NA,NA,7.77461814880371,NA,NA
"opji7","f",61,0.389048635959625,NA,NA,NA,NA,NA,NA,0.991983592510223,NA,NA,6.69999980926514,NA,NA
"mez8q","f",53,NA,NA,NA,NA,NA,NA,NA,NA,NA,NA,NA,NA,NA
"s6y1i","f",NA,NA,NA,NA,NA,NA,NA,NA,NA,NA,NA,NA,NA,NA
"cgisj","f",41,2.63504672050476,"dicpe",66,2.73245882987976,"d0dis",77,3.05795669555664,0.978963255882263,1.68045687675476,1.68045687675476,8.95326042175293,9.05726909637451,9.05726909637451
"y3ash","m",44,2.70321345329285,"pjpml",NA,NA,"prdvo",NA,NA,1.55527985095978,NA,NA,8.69999980926514,NA,NA
"v7wvf","m",42,-3.11459755897522,"xbsaf",59,-2.36053800582886,"h3zzz",55,-4.90994310379028,5.18541145324707,4.44245862960815,2.18116474151611,0.857570588588715,-0.245777741074562,3.78290748596191
"bucxa","f",30,1.0588630437851,"u9czl",46,0.62859696149826,"vsa47",NA,NA,1.11716055870056,NA,1.57708656787872,7.30000019073486,NA,6.99084949493408
"b1jmd","m",25,1.69522726535797,"qyacs",52,-2.25400996208191,"w0kt3",57,2.68477034568787,1.15255355834961,2.68187236785889,3.80846500396729,7.91662454605103,8.19999980926514,3.29999995231628
"x68du","m",24,NA,NA,NA,NA,NA,NA,NA,NA,NA,NA,NA,NA,NA
"ve62q","m",38,3.98478770256042,NA,NA,NA,NA,NA,NA,1.15255355834961,NA,NA,10.2061853408813,NA,NA
"ph6v9","m",49,NA,"s7nn4",78,3.54119229316711,"k378y",73,NA,NA,-0.179230615496635,0.743911504745483,9.70080757141113,NA,10.2052345275879
"yq50x","f",36,-0.733987271785736,NA,NA,NA,NA,NA,NA,1.51740801334381,NA,NA,5.28392124176025,NA,NA
"sm50v","m",60,-0.717185020446777,NA,NA,NA,NA,NA,NA,2.18116474151611,NA,NA,4.93052911758423,NA,NA
"llv71","m",93,1.66172897815704,NA,NA,NA,NA,NA,NA,2.55669546127319,NA,NA,7.09999990463257,NA,NA
"rs0um","m",31,-4.02867364883423,"t1cz9",62,-0.0546536631882191,"vi86q",65,0.461592942476273,1.15255355834961,3.25453209877014,3.25453209877014,2.19272375106812,5.69999980926514,5.69999980926514
"yiqba","f",25,1.15731990337372,NA,NA,NA,NA,NA,NA,2.4992778301239,NA,NA,6.62761402130127,NA,NA
"awxyh","f",17,NA,NA,NA,NA,NA,NA,NA,1.03378367424011,NA,NA,NA,NA,NA
"x029d","f",53,0.893770277500153,"rz7wh",76,-4.13466024398804,"tra9p",83,-3.85466980934143,1.17974901199341,1.30492603778839,1.30492603778839,7.09999990463257,2.32617330551147,2.32617330551147
"jjks7","f",53,0.139700278639793,"s7nn4",78,3.54119229316711,"k378y",73,NA,1.79999995231628,-0.179230615496635,0.743911504745483,6,NA,10.2052345275879
"xv9ey","m",28,NA,"tkcan",58,0.855307698249817,"czj64",61,1.40834248065948,NA,3.5581111907959,3.5581111907959,NA,6.5,6.5
"tue3t","f",26,NA,"rsd6a",56,-0.571398198604584,"xpeg3",62,-0.0942091196775436,NA,2.93222641944885,2.93222641944885,5.62706422805786,5.30000019073486,5.30000019073486
"dicpe","f",66,3.13029670715332,NA,NA,NA,"ht4qz",NA,NA,1.68045687675476,NA,NA,9.05726909637451,NA,NA
"ezka5","m",37,-1.62175762653351,"fzxya",70,NA,"o79pm",NA,NA,4.19999980926514,NA,NA,2.90000009536743,NA,NA
"wjnqp","m",77,2.77784466743469,NA,NA,NA,NA,NA,NA,4.44245862960815,NA,NA,7.16437673568726,NA,NA
"mzscc","f",35,-1.33720934391022,"j25aq",48,3.51522588729858,"sjwwm",NA,NA,2.20000004768372,NA,2.06483459472656,4.30000019073486,NA,9.70080757141113
"t0h6s","f",51,-0.532843410968781,NA,NA,NA,NA,NA,NA,2.90989422798157,NA,NA,4.70843982696533,NA,NA
"mamcv","f",22,7.41912841796875,NA,NA,NA,NA,NA,NA,1.15255355834961,NA,NA,13.6405258178711,NA,NA
"mfhcw","f",34,3.58959221839905,"q42q7",56,-0.254009932279587,"vqjhb",59,0.329363077878952,1.49223303794861,3.80846500396729,3.80846500396729,9.62154102325439,5.30000019073486,5.30000019073486
"qsz1g","f",19,-1.01616287231445,"hb6l5",40,1.35655474662781,"e9nsy",44,1.74272894859314,1.69740450382233,2.18116474151611,2.18116474151611,4.90135717391968,7.5,7.5
"xb365","m",48,-0.982009470462799,"o1all",NA,NA,NA,NA,NA,1.10254347324371,NA,NA,5.26727962493896,NA,NA
"oa2ge","m",86,-6.5842342376709,NA,NA,NA,NA,NA,NA,2.17296266555786,NA,NA,-0.931945323944092,NA,NA
"g0tre","m",32,-4.71147680282593,NA,NA,NA,NA,NA,NA,0.137835204601288,NA,NA,2.07585525512695,NA,NA
"s33fz","m",27,NA,NA,NA,NA,NA,NA,NA,NA,NA,NA,NA,NA,NA
"ns38y","m",31,1.81123125553131,"dzn5i",NA,NA,"i04ua",68,0.516182124614716,2.70932507514954,2.6147153377533,NA,7.16437673568726,6.06387567520142,NA
"t9pf3","f",39,-0.98102468252182,NA,NA,NA,NA,NA,NA,2.13161396980286,NA,NA,4.69432544708252,NA,NA
"m80um","f",45,-1.34771430492401,NA,NA,NA,NA,NA,NA,2.18116474151611,NA,NA,4.30000019073486,NA,NA
"ren2w","m",69,0.844617962837219,NA,NA,NA,NA,NA,NA,0.976191699504852,NA,NA,7.16437673568726,NA,NA
"kdqnh","f",38,NA,NA,NA,NA,NA,NA,NA,NA,NA,NA,9.70080757141113,NA,NA
"ufgt7","m",66,-1.84555983543396,NA,NA,NA,NA,NA,NA,1.86822080612183,NA,NA,3.97669148445129,NA,NA
"kq0kt","m",28,NA,NA,NA,NA,NA,NA,NA,-0.179230615496635,NA,NA,NA,NA,NA
"as8cq","m",47,0.254001080989838,NA,NA,NA,NA,NA,NA,2.13161396980286,NA,NA,5.92935132980347,NA,NA
"xtk6a","f",36,-1.13847088813782,NA,NA,NA,NA,NA,NA,2.12025356292725,NA,NA,4.54321527481079,NA,NA
"s8lpw","f",30,-4.23597717285156,"p9jiz",NA,NA,"bqbw1",NA,NA,1.28348076343536,NA,NA,1.91239869594574,NA,NA
"nqu7y","f",42,0.0683551579713821,NA,NA,NA,NA,NA,NA,2.16160225868225,NA,NA,5.72697973251343,NA,NA
"w0nt0","m",30,2.19478344917297,"y42gy",56,3.03519821166992,"yfv0w",NA,NA,1.69740450382233,NA,3.20348763465881,8.11230373382568,NA,8.80834102630615
"rzc06","f",46,-1.43523585796356,"hugl2",NA,NA,"jxjb2",NA,NA,1.69740450382233,NA,NA,4.48228406906128,NA,NA
"dsvdd","m",62,-0.758916139602661,NA,NA,NA,NA,NA,NA,0.631810903549194,NA,NA,5.75291299819946,NA,NA
"yhlvy","f",44,NA,NA,NA,NA,NA,NA,NA,NA,NA,NA,NA,NA,NA
"xbnwt","m",26,-0.98102468252182,NA,NA,NA,NA,NA,NA,2.13161396980286,NA,NA,4.69432544708252,NA,NA
"uq85l","m",34,1.15731990337372,NA,NA,NA,NA,NA,NA,2.4992778301239,NA,NA,6.62761402130127,NA,NA
"l1en7","f",36,1.11651849746704,"oju6q",NA,NA,"ren2w",69,0.824624121189117,1.21084487438202,0.976191699504852,NA,7.3054051399231,7.16437673568726,NA
"x3rny","m",38,-3.56989169120789,"xbsaf",59,-2.36053800582886,"h3zzz",55,-4.90994310379028,2.5,4.44245862960815,2.18116474151611,1.89999997615814,-0.245777741074562,3.78290748596191
"fo7si","m",22,NA,"q4xdn",NA,NA,NA,NA,NA,0.436484694480896,NA,NA,NA,NA,NA
"b8qp0","f",60,0.561398208141327,NA,NA,NA,NA,NA,NA,1.42574667930603,NA,NA,6.63042879104614,NA,NA
"ksv02","f",29,-3.00855588912964,"u9czl",46,0.62859696149826,"vsa47",NA,NA,1.42574667930603,NA,1.57708656787872,3.06047463417053,NA,6.99084949493408
"a4hzs","m",45,0.903213560581207,NA,NA,NA,NA,NA,NA,1.55527985095978,NA,NA,6.90000009536743,NA,NA
"nbs7n","f",29,-1.58680975437164,NA,NA,NA,NA,NA,NA,1.81186175346375,NA,NA,4.26687431335449,NA,NA
"iwfzo","m",26,-1.13135838508606,"mc647",45,-2.84344530105591,"hr5nv",47,-2.45727109909058,2.24225544929504,2.18116474151611,2.18116474151611,4.48228406906128,3.29999995231628,3.29999995231628
"xp3fx","m",44,1.63140594959259,NA,NA,NA,NA,NA,NA,2.50388288497925,NA,NA,7.09913206100464,NA,NA
"u0o7q","f",36,1.51265680789948,"lrmrv",NA,NA,"uy406",61,-4.79197549819946,1.93081068992615,2.13161396980286,NA,7.30000019073486,0.989248037338257,NA
"u4kw0","m",25,0.0134218381717801,"ztk7k",53,2.23791933059692,"w0kt3",57,2.68477034568787,2.24225544929504,2.68187236785889,2.68187236785889,5.62706422805786,8.19999980926514,8.19999980926514
"q11ga","f",NA,NA,"mc647",45,-2.84344530105591,NA,NA,NA,NA,NA,2.18116474151611,NA,NA,3.29999995231628
"jamqf","m",29,-1.19378769397736,"qdb8m",NA,NA,"ek356",NA,NA,1.57268786430359,NA,NA,4.79329013824463,NA,NA
"xsz1p","f",22,NA,NA,NA,NA,NA,NA,NA,NA,NA,NA,NA,NA,NA
"lba9k","f",50,0.499502032995224,NA,NA,NA,NA,NA,NA,4.05881881713867,NA,NA,5.09999990463257,NA,NA
"g3r5c","f",39,1.40587043762207,NA,NA,NA,NA,NA,NA,2.34024262428284,NA,NA,6.96486282348633,NA,NA
"s8vg9","m",NA,NA,NA,NA,NA,NA,NA,NA,NA,NA,NA,NA,NA,NA
"kfvf8","f",32,-3.77065920829773,"fgrgk",59,0.856554687023163,"r6qs6",NA,NA,2.69249677658081,NA,2.18116474151611,1.59187197685242,NA,7
"p77qe","m",42,0.122100092470646,"ew3s7",62,1.48284602165222,"h5s6z",66,1.85385119915009,2.30634164810181,2.05598759651184,2.05598759651184,5.69999980926514,7.67163228988647,7.67163228988647
"ci8b8","m",40,-5.7741379737854,NA,NA,NA,NA,NA,NA,4.48551940917969,NA,NA,-1.41162180900574,NA,NA
"hreaf","f",68,1.70852780342102,NA,NA,NA,NA,NA,NA,1.98798871040344,NA,NA,7.46398115158081,NA,NA
"q42h0","f",27,-3.03134250640869,"auwsl",NA,NA,"w49bl",53,0.586892366409302,2.16411566734314,3.09999990463257,NA,2.62588047981262,5.90000009536743,NA
"u4bib","m",46,-0.398642212152481,NA,NA,NA,NA,NA,NA,2.80704951286316,NA,NA,4.90000009536743,NA,NA
"j4few","f",42,-0.627800345420837,"hreaf",68,1.25056445598602,"hei1u",NA,NA,1.27427959442139,NA,1.98798871040344,5.52570724487305,NA,7.46398115158081
"fohrf","f",75,0.522413492202759,NA,NA,NA,NA,NA,NA,0.398480534553528,NA,NA,7.16437673568726,NA,NA
"nui0a","f",19,NA,"j4few",42,-0.946227014064789,"hzuft",NA,NA,1.15255355834961,NA,1.27427959442139,NA,NA,5.52570724487305
"l7uz8","m",30,-3.47553181648254,"ye52v",57,-1.27952444553375,"j1djg",59,2.83185482025146,0.0917486026883125,2.34949779510498,2.76771950721741,3.3375039100647,8.5077543258667,4.65146064758301
"m2ooi","f",28,0.904068827629089,NA,NA,NA,NA,NA,NA,2.51636958122253,NA,NA,6.364830493927,NA,NA
"lfr7e","m",NA,NA,"khky1",41,2.10061383247375,NA,NA,NA,NA,NA,2.42763495445251,NA,NA,8.15478324890137
"r8w6p","m",48,-1.1842794418335,NA,NA,NA,NA,NA,NA,3.54999995231628,NA,NA,3.70000004768372,NA,NA
"x4w0z","f",34,NA,"q4xdn",NA,NA,"c9knq",67,-1.67063689231873,0.680463433265686,3.80846500396729,NA,NA,3.29999995231628,NA
"ewef5","f",30,-0.939369261264801,"cbzob",NA,NA,"eqv2m",73,1.61332941055298,1.84429144859314,1.98798871040344,NA,4.89622783660889,7.46398115158081,NA
"tg4b8","f",38,3.47250485420227,"dicpe",66,2.73245882987976,"d0dis",77,3.05795669555664,1.63573467731476,1.68045687675476,1.68045687675476,9.42441940307617,9.05726909637451,9.05726909637451
"txdzd","m",46,-3.18450045585632,NA,NA,NA,NA,NA,NA,0.837451696395874,NA,NA,3.21263742446899,NA,NA
"yxggv","f",44,2.12395596504211,NA,NA,NA,NA,NA,NA,1.05457210540771,NA,NA,8.39999961853027,NA,NA
"aq5el","m",29,NA,"bvrna",65,-3.03144788742065,"msnyl",65,-2.61196136474609,0.109624952077866,2.45605945587158,2.45605945587158,NA,3.01242589950562,3.01242589950562
"h3hw3","m",29,-2.72598576545715,"q42q7",56,-0.254009932279587,"vqjhb",59,0.329363077878952,2.4992778301239,3.80846500396729,3.80846500396729,2.74430847167969,5.30000019073486,5.30000019073486
"smq8y","f",55,4.06666231155396,NA,NA,NA,NA,NA,NA,6.75330305099487,NA,NA,7.16437673568726,NA,NA
"kmdzz","m",37,-3.77065920829773,"wxx7w",58,-0.579468846321106,NA,NA,NA,2.69249677658081,NA,1.80563378334045,1.59187197685242,NA,5.69999980926514
"rv4ot","m",36,-0.126542925834656,"i3egi",NA,NA,"r6isy",75,-0.530864357948303,1.10735380649567,0.841182947158813,NA,6.12006330490112,5.8741512298584,NA
"cirzy","m",NA,NA,NA,NA,NA,NA,NA,NA,NA,NA,NA,NA,NA,NA
"snypg","f",33,-1.13135838508606,NA,NA,NA,NA,NA,NA,2.24225544929504,NA,NA,4.48228406906128,NA,NA
"mvoqo","m",36,-4.02867364883423,NA,NA,NA,NA,NA,NA,1.15255355834961,NA,NA,2.19272375106812,NA,NA
"ruewj","m",33,-1.62612307071686,"t1cz9",62,-0.0546536631882191,"vi86q",65,0.461592942476273,1.6941294670105,3.25453209877014,3.25453209877014,4.29322338104248,5.69999980926514,5.69999980926514
"dzdks","f",74,0.722100079059601,NA,NA,NA,NA,NA,NA,2.30634164810181,NA,NA,6.30000019073486,NA,NA
"dwj02","f",NA,NA,NA,NA,NA,NA,NA,NA,NA,NA,NA,NA,NA,NA
"sfohc","m",45,-3.015864610672,"mez8q",53,NA,"e6ef2",NA,NA,1.55527985095978,NA,NA,2.98092198371887,NA,NA
"qgk4b","f",37,NA,"hygoi",66,0.558974206447601,"y5uz2",67,1.01286900043488,NA,2.74000000953674,2.74000000953674,NA,6.5,6.5
"ekraf","m",30,NA,NA,NA,NA,NA,NA,NA,NA,NA,NA,NA,NA,NA
"pt37z","f",59,-0.792981922626495,"zdde9",NA,NA,NA,NA,NA,2.09999990463257,NA,NA,4.90000009536743,NA,NA
"j1djg","m",59,2.95392346382141,"fa37r",NA,NA,"o79pm",NA,NA,2.34949779510498,NA,NA,8.5077543258667,NA,NA
"zr5is","m",39,NA,NA,NA,NA,NA,NA,NA,NA,NA,NA,NA,NA,NA
"dgag4","f",63,-2.42566418647766,"d2h1u",79,-1.00610935688019,"y66ng",68,-2.32192420959473,2.40000009536743,2.13161396980286,1.49223303794861,3.09999990463257,3.45929956436157,5.386878490448
"cxcng","m",60,4.59254264831543,"d2h1u",79,-1.00610935688019,"y66ng",68,-2.32192420959473,2.24225544929504,2.13161396980286,1.49223303794861,10.2061853408813,3.45929956436157,5.386878490448
"jwisn","f",39,0.877059698104858,"oju6q",NA,NA,"ren2w",69,0.824624121189117,1.37077665328979,0.976191699504852,NA,6.9767484664917,7.16437673568726,NA
"iedba","f",23,NA,NA,NA,NA,NA,NA,NA,NA,NA,NA,NA,NA,NA
"gb3t9","f",23,-0.594333112239838,NA,NA,NA,NA,NA,NA,1.15255355834961,NA,NA,5.62706422805786,NA,NA
"et4nm","f",56,-1.53068351745605,NA,NA,NA,NA,NA,NA,4.18399572372437,NA,NA,3,NA,NA
"ecso7","f",57,1.74631655216217,"ds3k2",78,2.65652251243591,NA,NA,NA,1.22253715991974,NA,3.28703618049622,7.92868232727051,NA,8.3994026184082
"sdu7g","f",62,2.85237121582031,"boor6",83,0.728689134120941,"llv71",93,1.52425992488861,1.3583607673645,2.55669546127319,3.36303687095642,8.958984375,7.09999990463257,6.44404077529907
"dvx4k","m",71,-1.82081913948059,NA,NA,NA,NA,NA,NA,1.58045482635498,NA,NA,4.16192674636841,NA,NA
"bbgb2","f",36,-0.861879229545593,NA,NA,NA,NA,NA,NA,1.61786842346191,NA,NA,5.09999990463257,NA,NA
"bvrna","f",65,-2.48197245597839,NA,NA,NA,NA,NA,NA,2.45605945587158,NA,NA,3.01242589950562,NA,NA
"qfw38","f",59,2.5057532787323,NA,NA,NA,NA,NA,NA,1.72815263271332,NA,NA,8.40612411499023,NA,NA
"m5ewv","f",39,2.70321345329285,"qfw38",59,2.09859037399292,"j1djg",59,2.83185482025146,1.55527985095978,2.34949779510498,1.72815263271332,8.69999980926514,8.5077543258667,8.40612411499023
"fzxya","f",70,NA,NA,NA,NA,NA,NA,NA,NA,NA,NA,NA,NA,NA
"ds3k2","f",78,3.36846160888672,NA,NA,NA,NA,NA,NA,3.28703618049622,NA,NA,8.3994026184082,NA,NA
"a8fz3","f",26,2.19478344917297,"pgqlu",45,-1.01673936843872,"u4bib",46,-0.5547194480896,1.69740450382233,2.80704951286316,2.80704951286316,8.11230373382568,4.90000009536743,4.90000009536743
"r0d1l","f",40,-3.46845674514771,"r4wym",70,0.820531189441681,"d6eo5",79,1.16119801998138,2.68187236785889,1.80563378334045,1.80563378334045,1.89999997615814,7.09999990463257,7.09999990463257
"a0f68","f",20,-0.594333112239838,NA,NA,NA,NA,NA,NA,1.15255355834961,NA,NA,5.62706422805786,NA,NA
"m7qkx","m",33,3.85390329360962,"d2h1u",79,-1.00610935688019,NA,NA,NA,1.03378367424011,NA,1.49223303794861,10.1415414810181,NA,5.386878490448
"b732h","f",37,1.81123125553131,"fohrf",75,0.375213623046875,"rtomn",NA,NA,2.70932507514954,NA,0.398480534553528,7.16437673568726,NA,7.16437673568726
"mrcpm","m",30,2.68581008911133,"opji7",61,0.125813484191895,"aw8lv",70,0.367881029844284,1.15255355834961,0.991983592510223,0.991983592510223,8.90720748901367,6.69999980926514,6.69999980926514
"pj5zf","m",NA,NA,"l5qvu",75,1.46557581424713,"yk292",68,1.02925026416779,NA,9.06414794921875,5.79508209228516,NA,3.45929956436157,6.30000019073486
"sd0f2","m",34,-2.75723218917847,"ly18a",NA,NA,"od533",88,1.38315320014954,2.34949779510498,2.13161396980286,NA,2.79659819602966,7.16437673568726,NA
"tkcan","f",58,1.62024438381195,"xrboy",NA,NA,NA,NA,NA,3.5581111907959,NA,NA,6.5,NA,NA
"lsupi","f",27,NA,"l5qvu",75,1.46557581424713,"yk292",68,1.02925026416779,NA,9.06414794921875,5.79508209228516,NA,3.45929956436157,6.30000019073486
"xrst0","f",34,0.365604937076569,NA,NA,NA,"s3zrj",64,-1.98104441165924,6.68753480911255,3.36696195602417,NA,3.5,3.20301413536072,NA
"qhki8","f",32,NA,"axc7j",73,1.37519001960754,"psr6b",82,1.70068776607513,NA,1.68045687675476,1.68045687675476,NA,7.69999980926514,7.69999980926514
"ay2rp","m",20,-1.13135838508606,"z7if5",34,0.647717118263245,"gdde6",37,1.60413062572479,2.24225544929504,2.9188244342804,2.6147153377533,4.48228406906128,7.00481796264648,6.6341233253479
"fyng0","m",67,-3.41365265846252,"tlor1",NA,NA,NA,NA,NA,6.18682718276978,NA,NA,0,NA,NA
"rsoc8","m",61,1.10506474971771,NA,NA,NA,NA,NA,NA,1.20000004768372,NA,NA,7.30000019073486,NA,NA
"y42gy","f",56,3.73080277442932,"cu4y8",NA,NA,NA,NA,NA,3.20348763465881,NA,NA,8.80834102630615,NA,NA
"sqn5c","m",37,1.0588630437851,"r4wym",70,0.820531189441681,"d6eo5",79,1.16119801998138,1.11716055870056,1.80563378334045,1.80563378334045,7.30000019073486,7.09999990463257,7.09999990463257
"khky1","f",41,2.64453196525574,NA,NA,NA,NA,NA,NA,2.42763495445251,NA,NA,8.15478324890137,NA,NA
"pcog8","f",55,-1.30994129180908,"hugl2",NA,NA,"jxjb2",NA,NA,3.68328809738159,NA,NA,3.5,NA,NA
"cmcbu","m",28,-0.594333112239838,"txjb7",55,-0.301773518323898,"k5i0g",57,0.399442046880722,1.15255355834961,4.78091144561768,4.78091144561768,5.62706422805786,4.90000009536743,4.90000009536743
"s3zrj","m",64,-1.78335022926331,"ly18a",NA,NA,"od533",88,1.38315320014954,3.36696195602417,2.13161396980286,NA,3.20301413536072,7.16437673568726,NA
"c9knq","m",67,-1.44012677669525,NA,NA,NA,NA,NA,NA,3.80846500396729,NA,NA,3.29999995231628,NA,NA
"pluw9","f",31,2.07964372634888,"dle4v",78,1.84000992774963,"wjnqp",77,2.50021123886108,0.976191699504852,4.44245862960815,4.44245862960815,8.3994026184082,7.16437673568726,7.16437673568726
"jf9r7","f",25,-4.02867364883423,"y42gy",56,3.03519821166992,"yfv0w",NA,NA,1.15255355834961,NA,3.20348763465881,2.19272375106812,NA,8.80834102630615
"yxqzo","f",29,1.47880506515503,"f4plt",49,-1.82324039936066,"cn6z2",58,-1.43030643463135,1.55390286445618,2.23694586753845,2.23694586753845,7.47635936737061,4.30000019073486,4.30000019073486
"tyu0d","m",40,1.72014605998993,NA,NA,NA,NA,NA,NA,1.69740450382233,NA,NA,7.63766622543335,NA,NA
"vqjhb","m",59,0.559873163700104,NA,NA,NA,NA,NA,NA,3.80846500396729,NA,NA,5.30000019073486,NA,NA
"v7nfd","m",43,2.61265683174133,"uoqqa",64,2.57796168327332,"vkmb1",64,2.88260626792908,1.93081068992615,1.21084487438202,1.05457210540771,8.39999961853027,9.10892772674561,9.12947750091553
"ht2op","f",37,-1.42697203159332,NA,NA,NA,NA,NA,NA,1.68045687675476,NA,NA,4.5,NA,NA
"ixg3e","m",37,-1.89384603500366,NA,NA,NA,NA,NA,NA,2.70932507514954,NA,NA,3.45929956436157,NA,NA
"axo7u","f",32,-2.98804759979248,"m8n4x",66,0.60809201002121,NA,NA,NA,0.804218173027039,NA,0.930991888046265,3.42762517929077,NA,7.20437097549438
"lgaa7","f",45,2.38740491867065,NA,NA,NA,NA,NA,NA,1.87553858757019,NA,NA,8.20557498931885,NA,NA
"lowfk","f",19,4.82569026947021,"aa4iy",42,0.52984881401062,"a4hzs",45,0.840177416801453,0.607702553272247,1.55527985095978,1.55527985095978,11.3509654998779,6.90000009536743,6.90000009536743
"vcya5","m",33,-0.526301324367523,"t0s43",57,-2.02605700492859,"no955",58,-1.53369879722595,2.51636958122253,3.05740332603455,3.05740332603455,4.93446063995361,3.79999995231628,3.79999995231628
"rrxb4","f",33,-1.09678649902344,"yhlvy",44,NA,NA,NA,NA,1.55527985095978,NA,NA,4.90000009536743,NA,NA
"gdde6","m",37,1.76851582527161,"xnws5",64,1.86052393913269,"i2gp5",NA,NA,2.9188244342804,NA,7.90872526168823,7.00481796264648,NA,5.92935132980347
"qn4x0","m",39,-0.000876603007782251,NA,NA,NA,NA,NA,NA,1.03378367424011,NA,NA,6.28676176071167,NA,NA
"wmxt1","m",30,3.78656315803528,"ew3s7",62,1.48284602165222,"h5s6z",66,1.85385119915009,4.42165946960449,2.05598759651184,2.05598759651184,8.18469524383545,7.67163228988647,7.67163228988647
"qplla","f",22,NA,"g3lq0",55,-1.21291601657867,"sm50v",60,-0.826741695404053,0.436484694480896,2.18116474151611,2.18116474151611,NA,4.93052911758423,4.93052911758423
"ysxue","m",84,-2.7216432094574,NA,NA,NA,NA,NA,NA,2.80179572105408,NA,NA,2.57992911338806,NA,NA
"cjpy9","f",20,5.9704704284668,"t1cz9",62,-0.0546536631882191,"vi86q",65,0.461592942476273,0.607702553272247,3.25453209877014,3.25453209877014,12.4957456588745,5.69999980926514,5.69999980926514
"va8kz","f",30,1.34529709815979,"yhlvy",44,NA,NA,NA,NA,2.86862373352051,NA,NA,6.60959768295288,NA,NA
"hrflj","m",32,0.462840557098389,"xbsaf",59,-2.36053800582886,"h3zzz",55,-4.90994310379028,2.16411566734314,4.44245862960815,2.18116474151611,6.12006330490112,-0.245777741074562,3.78290748596191
"yhihs","f",55,5.67240238189697,"o4rrp",NA,NA,NA,NA,NA,2.22838163375854,NA,NA,11.2937822341919,NA,NA
"zo2jf","m",23,NA,NA,NA,NA,NA,NA,NA,NA,NA,NA,NA,NA,NA
"mmh7q","f",27,4.31528091430664,"p9jiz",NA,NA,"bqbw1",NA,NA,2.75051665306091,NA,NA,9.64545249938965,NA,NA
"pn4v0","f",22,NA,NA,NA,NA,NA,NA,NA,NA,NA,NA,NA,NA,NA
"zaf56","f",32,-2.10994124412537,"lror7",49,0.0893722027540207,"w49bl",53,0.586892366409302,3.68328809738159,3.09999990463257,3.09999990463257,2.70000004768372,5.90000009536743,5.90000009536743
"yudic","m",37,-1.36967539787292,"c3qqr",79,-3.3387131690979,"ysxue",84,-2.87732982635498,3.92538571357727,2.80179572105408,2.80179572105408,3.30524182319641,2.57992911338806,2.57992911338806
"xsvte","f",72,-2.78941702842712,NA,NA,NA,NA,NA,NA,1.27823078632355,NA,NA,3.36188673973083,NA,NA
"xbsaf","f",59,-1.86480689048767,NA,NA,NA,NA,NA,NA,2.18116474151611,NA,NA,3.78290748596191,NA,NA
"ojgv6","f",19,4.89613914489746,NA,NA,NA,NA,NA,NA,0.836544990539551,NA,NA,11.2937822341919,NA,NA
"us8bp","f",24,-1.04137420654297,"m80um",45,-1.84344530105591,"mwzbm",51,-1.45727097988129,1.58045482635498,2.18116474151611,2.18116474151611,4.94137144088745,4.30000019073486,4.30000019073486
"uele8","f",26,NA,"f4plt",49,-1.82324039936066,"cn6z2",58,-1.43030643463135,NA,2.23694586753845,2.23694586753845,NA,4.30000019073486,4.30000019073486
"zxrar","f",36,NA,"tkcan",58,0.855307698249817,"czj64",61,1.40834248065948,NA,3.5581111907959,3.5581111907959,NA,6.5,6.5
"zr5ev","m",31,1.34529709815979,"yri6f",49,-2.45964884757996,"aum04",57,-1.96808540821075,2.86862373352051,4.43434953689575,4.85968017578125,6.60959768295288,2.70000004768372,2.71359348297119
"xwdfq","m",31,-0.390407830476761,NA,NA,NA,NA,NA,NA,0.976191699504852,NA,NA,5.92935132980347,NA,NA
"msnyl","m",65,-2.48197245597839,NA,NA,NA,NA,NA,NA,2.45605945587158,NA,NA,3.01242589950562,NA,NA
"btv0m","f",28,0.550447046756744,"pt37z",59,-1.27284443378448,"hxyjh",65,-0.896505832672119,1.15255355834961,2.09999990463257,2.09999990463257,6.77184438705444,4.90000009536743,4.90000009536743
"nbdbh","f",21,NA,"n24wb",NA,NA,"xmshm",49,0.743156135082245,3.33195734024048,2.6147153377533,NA,NA,6.29084968566895,NA
"tqp7s","f",58,0.1475640386343,NA,NA,NA,NA,NA,NA,1.99339926242828,NA,NA,5.90000009536743,NA,NA
"g0jq2","f",31,-1.0260134935379,"oihlq",60,0.728689134120941,"a4uzl",NA,NA,1.69740450382233,NA,3.36303687095642,4.89150667190552,NA,6.44404077529907
"wygkf","m",46,3.47250485420227,NA,NA,NA,NA,NA,NA,1.63573467731476,NA,NA,9.42441940307617,NA,NA
"c2h98","f",61,0.363711148500443,NA,NA,NA,NA,NA,NA,1.30515265464783,NA,NA,6.5,NA,NA
"boor6","f",83,1.45548701286316,NA,NA,NA,NA,NA,NA,3.36303687095642,NA,NA,6.44404077529907,NA,NA
"t6laz","f",51,0.52210009098053,NA,NA,NA,NA,NA,NA,2.30634164810181,NA,NA,6.09999990463257,NA,NA
"l99xq","m",22,NA,NA,NA,NA,NA,NA,NA,2.17296266555786,NA,NA,NA,NA,NA
"vt361","m",30,NA,NA,NA,NA,NA,NA,NA,2.17296266555786,NA,NA,NA,NA,NA
"ono5w","m",47,-1.6254335641861,NA,NA,NA,"s3zrj",64,-1.98104441165924,0.976191699504852,3.36696195602417,NA,4.69432544708252,3.20301413536072,NA
"aa4iy","f",42,0.903213560581207,NA,NA,NA,"od533",88,1.38315320014954,1.55527985095978,2.13161396980286,NA,6.90000009536743,7.16437673568726,NA
"p7u3x","m",25,-2.42945218086243,"qfw38",59,2.09859037399292,"j1djg",59,2.83185482025146,0.983773589134216,2.34949779510498,1.72815263271332,3.88607811927795,8.5077543258667,8.40612411499023
"bckf5","f",48,-2.05715751647949,"fzxya",70,NA,"o79pm",NA,NA,1.80563378334045,NA,NA,3.79999995231628,NA,NA
"eusnj","m",41,-0.861879229545593,"wxx7w",58,-0.579468846321106,NA,NA,NA,1.61786842346191,NA,1.80563378334045,5.09999990463257,NA,5.69999980926514
"pzbev","m",79,0.722100079059601,NA,NA,NA,NA,NA,NA,2.30634164810181,NA,NA,6.30000019073486,NA,NA
"qdpry","f",27,6.25625705718994,"bwyy3",NA,NA,NA,NA,NA,2.24225544929504,NA,NA,11.8698997497559,NA,NA
"phmhu","f",26,2.23225259780884,"dicpe",66,2.73245882987976,"d0dis",77,3.05795669555664,0.0628515854477882,1.68045687675476,1.68045687675476,9.06140518188477,9.05726909637451,9.05726909637451
"x5m9a","f",21,-2.81316375732422,"qfw38",59,2.09859037399292,"j1djg",59,2.83185482025146,3.33195734024048,2.34949779510498,1.72815263271332,2.19272375106812,8.5077543258667,8.40612411499023
"hcutb","f",45,-0.421240270137787,"ew3s7",62,1.48284602165222,"h5s6z",66,1.85385119915009,4.5595269203186,2.05598759651184,2.05598759651184,3.90000009536743,7.67163228988647,7.67163228988647
"t8015","f",52,-1.20564615726471,NA,NA,NA,NA,NA,NA,3.36303687095642,NA,NA,3.78290748596191,NA,NA
"txjb7","f",55,0.702231824398041,NA,NA,NA,NA,NA,NA,4.78091144561768,NA,NA,4.90000009536743,NA,NA
"dz9n3","f",58,1.75743925571442,NA,NA,NA,NA,NA,NA,0.398480534553528,NA,NA,8.3994026184082,NA,NA
"w9g1i","f",34,NA,"cylo0",68,1.66521394252777,"qa77o",72,3.32559537887573,NA,12.6960287094116,12.6960287094116,10.055157661438,4,4
"wjb23","f",48,-1.81752872467041,NA,NA,NA,NA,NA,NA,2.05598759651184,NA,NA,3.90000009536743,NA,NA
"nzu11","f",29,-1.30777931213379,"iigtd",59,-0.734127640724182,"l6p3e",70,1.32927870750427,1.10279178619385,1.57268786430359,1.93081068992615,4.94137144088745,7.38068628311157,5.5
"uugjr","m",27,1.6104691028595,"sdu7g",62,2.51750612258911,"fyng0",67,-3.82094097137451,0.978963255882263,6.18682718276978,1.3583607673645,7.92868232727051,0,8.958984375
"q42q7","f",56,0.559873163700104,"l84lm",NA,NA,NA,NA,NA,3.80846500396729,NA,NA,5.30000019073486,NA,NA
"vi86q","m",65,0.650930523872375,"fa37r",NA,NA,"o79pm",NA,NA,3.25453209877014,NA,NA,5.69999980926514,NA,NA
"aum04","m",57,-1.69105470180511,NA,NA,NA,NA,NA,NA,4.43434953689575,NA,NA,2.70000004768372,NA,NA
"tra9p","m",83,-3.81024193763733,NA,NA,NA,NA,NA,NA,1.30492603778839,NA,NA,2.32617330551147,NA,NA
"axc7j","f",73,1.77302801609039,"xrboy",NA,NA,NA,NA,NA,1.68045687675476,NA,NA,7.69999980926514,NA,NA
"aw8lv","m",70,0.389048635959625,NA,NA,NA,NA,NA,NA,0.991983592510223,NA,NA,6.69999980926514,NA,NA
"kvqrq","f",32,-2.80666732788086,NA,NA,NA,NA,NA,NA,3.28703618049622,NA,NA,2.22427368164062,NA,NA
"ovp7c","f",54,0.68994265794754,NA,NA,NA,NA,NA,NA,1.22981977462769,NA,NA,6.86824655532837,NA,NA
"r6isy","m",75,-0.520905375480652,NA,NA,NA,NA,NA,NA,0.841182947158813,NA,NA,5.8741512298584,NA,NA
"px54i","m",45,-0.0283123534172773,"axc7j",73,1.37519001960754,"psr6b",82,1.70068776607513,1.28348076343536,1.68045687675476,1.68045687675476,6.12006330490112,7.69999980926514,7.69999980926514
"hxz8t","m",22,NA,"lba9k",50,-0.363327592611313,NA,NA,NA,NA,NA,4.05881881713867,NA,NA,5.09999990463257
"matee","f",27,-5.7741379737854,NA,NA,NA,NA,NA,NA,4.48551940917969,NA,NA,-1.41162180900574,NA,NA
"k1j2d","m",56,-2.24421787261963,NA,NA,NA,NA,NA,NA,0.689316391944885,NA,NA,4.23553895950317,NA,NA
"l1x3v","m",31,-1.04137420654297,"g3lq0",55,-1.21291601657867,"sm50v",60,-0.826741695404053,1.58045482635498,2.18116474151611,2.18116474151611,4.94137144088745,4.93052911758423,4.93052911758423
"r818f","m",24,NA,"bt46b",43,-1.36133241653442,NA,NA,NA,NA,NA,1.85570454597473,NA,NA,4.90000009536743
"w5nh9","f",34,-4.0954852104187,"smq8y",55,2.67703652381897,"j6mii",NA,NA,0.976191699504852,NA,6.75330305099487,2.22427368164062,NA,7.16437673568726
"va5j7","m",55,0.139700278639793,"fzxya",70,NA,"o79pm",NA,NA,1.79999995231628,NA,NA,6,NA,NA
"uy406","m",61,-4.68610191345215,NA,NA,NA,NA,NA,NA,2.13161396980286,NA,NA,0.989248037338257,NA,NA
"c6cva","m",28,NA,NA,NA,NA,NA,NA,NA,NA,NA,NA,5.62706422805786,NA,NA
"rvlar","f",33,3.85390329360962,"axc7j",73,1.37519001960754,"psr6b",82,1.70068776607513,1.03378367424011,1.68045687675476,1.68045687675476,10.1415414810181,7.69999980926514,7.69999980926514
"jkkcz","f",37,-0.982009470462799,"e7jp2",75,NA,"utbng",NA,NA,1.10254347324371,NA,NA,5.26727962493896,NA,8.91224479675293
"d6eo5","m",79,1.24284243583679,NA,NA,NA,NA,NA,NA,1.80563378334045,NA,NA,7.09999990463257,NA,NA
"jmuk6","f",38,2.77784466743469,NA,NA,NA,NA,NA,NA,4.44245862960815,NA,NA,7.16437673568726,NA,NA
"czj64","m",61,1.62024438381195,NA,NA,NA,NA,NA,NA,3.5581111907959,NA,NA,6.5,NA,NA
"lt0pb","f",26,-0.237815529108047,"ovp7c",54,0.380208313465118,NA,NA,NA,1.81186175346375,NA,1.22981977462769,5.61586856842041,NA,6.86824655532837
"qa2jh","m",34,5.45338535308838,"ffol0",50,0.186470955610275,NA,NA,NA,1.27823078632355,NA,3.28703618049622,11.6046895980835,NA,5.92935132980347
"r0gih","m",35,-3.98790097236633,NA,NA,NA,NA,NA,NA,5.59788084030151,NA,NA,-0.245777741074562,NA,NA
"mvexl","f",72,-0.331432461738586,"o4rrp",NA,NA,NA,NA,NA,1.13456070423126,NA,NA,5.90000009536743,NA,NA
"nxjgu","f",37,-1.41524732112885,"d2h1u",79,-1.00610935688019,"y66ng",68,-2.32192420959473,1.57596302032471,2.13161396980286,1.49223303794861,4.57000350952148,3.45929956436157,5.386878490448
"eu7fk","m",41,0.365604937076569,NA,NA,NA,NA,NA,NA,6.68753480911255,NA,NA,3.5,NA,NA
"ew3s7","f",62,1.95410370826721,NA,NA,NA,NA,NA,NA,2.05598759651184,NA,NA,7.67163228988647,NA,NA
"xa5gm","f",27,1.64348649978638,NA,NA,NA,NA,NA,NA,2.16160225868225,NA,NA,7.30211114883423,NA,NA
"ilzhy","m",87,NA,NA,NA,NA,NA,NA,NA,NA,NA,NA,NA,NA,NA
"ifour","f",26,-1.0260134935379,"iigtd",59,-0.734127640724182,"l6p3e",70,1.32927870750427,1.69740450382233,1.57268786430359,1.93081068992615,4.89150667190552,7.38068628311157,5.5
"ybhih","m",49,0.740178525447845,NA,NA,NA,NA,NA,NA,0.904359757900238,NA,NA,7.09999990463257,NA,NA
"p34n9","f",24,-1.6254335641861,NA,NA,NA,NA,NA,NA,0.976191699504852,NA,NA,4.69432544708252,NA,NA
"isgh0","m",35,2.0283203125,"tqp7s",58,-0.311457067728043,"i04ua",68,0.516182124614716,1.31712996959686,2.6147153377533,1.99339926242828,8.15792942047119,6.06387567520142,5.90000009536743
"ryatb","f",18,-2.81316375732422,NA,NA,NA,NA,NA,NA,3.33195734024048,NA,NA,2.19272375106812,NA,NA
"hagid","m",25,NA,"hcutb",45,-1.38196289539337,"gnbtc",48,-0.707575023174286,1.69740450382233,4.5595269203186,4.5595269203186,NA,3.90000009536743,3.90000009536743
"qzx2k","m",38,-2.48734307289124,NA,NA,NA,NA,NA,NA,1.93081068992615,NA,NA,3.29999995231628,NA,NA
"u3qnl","f",29,-1.60674035549164,NA,NA,NA,NA,NA,NA,1.57268786430359,NA,NA,4.38033723831177,NA,NA
"qa77o","m",72,4.21669721603394,NA,NA,NA,NA,NA,NA,12.6960287094116,NA,NA,4,NA,NA
"e2zkp","f",25,3.78656315803528,"txjb7",55,-0.301773518323898,"k5i0g",57,0.399442046880722,4.42165946960449,4.78091144561768,4.78091144561768,8.18469524383545,4.90000009536743,4.90000009536743
"gaf7j","f",29,-1.29211795330048,"r4wym",70,0.820531189441681,"d6eo5",79,1.16119801998138,2.34024262428284,1.80563378334045,1.80563378334045,4.26687431335449,7.09999990463257,7.09999990463257
"g3lq0","f",55,-0.717185020446777,NA,NA,NA,NA,NA,NA,2.18116474151611,NA,NA,4.93052911758423,NA,NA
"hsiy4","m",50,-1.58680975437164,NA,NA,NA,NA,NA,NA,1.81186175346375,NA,NA,4.26687431335449,NA,NA
"ev2yg","f",39,3.14388489723206,NA,NA,NA,"b1dog",62,-2.55148649215698,1.69740450382233,2.40000009536743,NA,9.06140518188477,3.09999990463257,NA
"avcrn","f",35,-1.30045390129089,"m8n4x",66,0.60809201002121,NA,NA,NA,1.63573467731476,NA,0.930991888046265,4.65146064758301,NA,7.20437097549438
"x84j4","f",22,-1.1085399389267,NA,NA,NA,NA,NA,NA,3.66387176513672,NA,NA,3.71223020553589,NA,NA
"swod1","f",29,-2.60320925712585,"vnwe5",60,0.142539456486702,"gdgy9",64,0.490569353103638,2.37196469306946,1.86639380455017,1.86639380455017,2.93809103965759,6.40000009536743,6.40000009536743
"j04c5","f",27,NA,"lror7",49,0.0893722027540207,"w49bl",53,0.586892366409302,NA,3.09999990463257,3.09999990463257,NA,5.90000009536743,5.90000009536743
"yufkw","m",33,2.26534914970398,"et4nm",56,-2.41798639297485,"u821h",62,-1.08910596370697,1.15255355834961,4.18399572372437,4.18399572372437,8.4867467880249,3.70000004768372,3
"i9fvs","m",39,-0.598642230033875,"tkcan",58,0.855307698249817,"czj64",61,1.40834248065948,2.80704951286316,3.5581111907959,3.5581111907959,4.69999980926514,6.5,6.5
"c8s40","m",23,0.550447046756744,"dgag4",63,-2.96417951583862,NA,NA,NA,1.15255355834961,NA,2.40000009536743,6.77184438705444,NA,3.09999990463257
"nr9dy","f",31,NA,"cylo0",68,1.66521394252777,"qa77o",72,3.32559537887573,NA,12.6960287094116,12.6960287094116,NA,4,4
"pg0ba","f",45,NA,"dzn5i",NA,NA,"i04ua",68,0.516182124614716,NA,2.6147153377533,NA,NA,6.06387567520142,NA
"se1dv","m",29,NA,"fgrgk",59,0.856554687023163,"r6qs6",NA,NA,1.69740450382233,NA,2.18116474151611,NA,NA,7
"tg1sx","f",30,-3.47553181648254,NA,NA,NA,NA,NA,NA,0.0917486026883125,NA,NA,3.3375039100647,NA,NA
"b8b7p","m",62,-5.41379880905151,NA,NA,NA,NA,NA,NA,1.86714506149292,NA,NA,0.40905237197876,NA,NA
"sdj8w","f",42,0.0500124841928482,"q4xdn",NA,NA,"c9knq",67,-1.67063689231873,2.90989422798157,3.80846500396729,NA,5.29129552841187,3.29999995231628,NA
"o8mcq","m",26,NA,"jjks7",53,-0.28150948882103,"va5j7",55,0.0584746971726418,NA,1.79999995231628,1.79999995231628,5.4835057258606,6,6
"y1i5d","f",26,4.03773546218872,NA,NA,NA,NA,NA,NA,2.86862373352051,NA,NA,9.30203628540039,NA,NA
"uirjn","f",36,-0.454499483108521,NA,NA,NA,NA,NA,NA,1.57268786430359,NA,NA,5.5325779914856,NA,NA
"t1cz9","f",62,0.650930523872375,NA,NA,NA,NA,NA,NA,3.25453209877014,NA,NA,5.69999980926514,NA,NA
"kak8p","f",45,0.607308089733124,NA,NA,NA,NA,NA,NA,3.92427802085876,NA,NA,5.28284311294556,NA,NA
"mkl5b","f",49,1.10506474971771,"s7nn4",78,3.54119229316711,"k378y",73,NA,1.20000004768372,-0.179230615496635,0.743911504745483,7.30000019073486,NA,10.2052345275879
"m140i","f",39,0.122100092470646,NA,NA,NA,NA,NA,NA,2.30634164810181,NA,NA,5.69999980926514,NA,NA
"dle4v","f",78,2.77784466743469,NA,NA,NA,NA,NA,NA,4.44245862960815,NA,NA,7.16437673568726,NA,NA
"cbkpg","f",39,2.46279072761536,"bvrna",65,-3.03144788742065,"msnyl",65,-2.61196136474609,2.20000004768372,2.45605945587158,2.45605945587158,8.10000038146973,3.01242589950562,3.01242589950562
"cq57w","m",63,-1.30994129180908,NA,NA,NA,NA,NA,NA,3.68328809738159,NA,NA,3.5,NA,NA
"ipu97","f",29,2.26534914970398,"oju6q",NA,NA,"ren2w",69,0.824624121189117,1.15255355834961,0.976191699504852,NA,8.4867467880249,7.16437673568726,NA
"wxtaz","f",44,0.972687125205994,"axc7j",73,1.37519001960754,"psr6b",82,1.70068776607513,2.8460590839386,1.68045687675476,1.68045687675476,6.24957275390625,7.69999980926514,7.69999980926514
"qyacs","f",52,-1.44012677669525,NA,NA,NA,NA,NA,NA,3.80846500396729,NA,NA,3.29999995231628,NA,NA
"w0kt3","m",57,2.83154344558716,"boor6",83,0.728689134120941,"llv71",93,1.52425992488861,2.68187236785889,2.55669546127319,3.36303687095642,8.19999980926514,7.09999990463257,6.44404077529907
"y66ng","m",68,-2.21605038642883,NA,NA,NA,NA,NA,NA,2.13161396980286,NA,NA,3.45929956436157,NA,NA
"vnwe5","f",60,0.576729834079742,"fohrf",75,0.375213623046875,"rtomn",NA,NA,1.86639380455017,NA,0.398480534553528,6.40000009536743,NA,7.16437673568726
"zj6t4","m",32,-0.371224910020828,NA,NA,NA,NA,NA,NA,0.369750767946243,NA,NA,6.28676176071167,NA,NA
"cylo0","f",68,4.21669721603394,NA,NA,NA,NA,NA,NA,12.6960287094116,NA,NA,4,NA,NA
"f4qeh","f",25,0.0134218381717801,"lgaa7",45,1.95142674446106,"ab6az",41,-0.131137132644653,2.24225544929504,1.55390286445618,1.87553858757019,5.62706422805786,5.92935132980347,8.20557498931885
"foyb6","m",62,-1.9524359703064,NA,NA,NA,NA,NA,NA,1.99339926242828,NA,NA,3.79999995231628,NA,NA
"gdgy9","m",64,0.576729834079742,NA,NA,NA,"ht4qz",NA,NA,1.86639380455017,NA,NA,6.40000009536743,NA,NA
"oyhgq","m",24,5.9704704284668,"sidkc",38,-3.41752314567566,"kzadl",NA,NA,0.607702553272247,NA,0.837451696395874,12.4957456588745,NA,3.21263742446899
"rzuw6","f",22,NA,"bdt7u",64,0.0876176431775093,NA,NA,NA,NA,NA,1.81186175346375,NA,NA,6.364830493927
"a6gdh","f",37,-6.31823396682739,"rasjy",NA,NA,"im32t",61,0.0968534350395203,1.15255355834961,2.5,NA,-0.0968367159366608,5.69999980926514,NA
"rg8zv","f",39,-3.08076572418213,"m8n4x",66,0.60809201002121,NA,NA,NA,0.86680668592453,NA,0.930991888046265,3.29999995231628,NA,7.20437097549438
"bji2c","m",52,1.23913085460663,NA,NA,NA,NA,NA,NA,4.30917263031006,NA,NA,5.69999980926514,NA,NA
"v6bri","f",26,NA,"r557p",46,NA,"jfghh",48,NA,NA,NA,NA,NA,7.91662454605103,7.91662454605103
"arc1x","f",30,2.42097735404968,NA,NA,NA,NA,NA,NA,2.16411566734314,NA,NA,8.078200340271,NA,NA
"vlt19","f",18,-1.73911333084106,"ztk7k",53,2.23791933059692,"w0kt3",57,2.68477034568787,1.15255355834961,2.68187236785889,2.68187236785889,4.48228406906128,8.19999980926514,8.19999980926514
"kf02d","f",23,-1.51879870891571,"oihlq",60,0.728689134120941,"a4uzl",NA,NA,1.15255355834961,NA,3.36303687095642,4.70259857177734,NA,6.44404077529907
"yy4on","m",32,-4.23597717285156,"dicpe",66,2.73245882987976,"d0dis",77,3.05795669555664,1.28348076343536,1.68045687675476,1.68045687675476,1.91239869594574,9.05726909637451,9.05726909637451
"ieoik","m",31,0.347564041614532,"auwsl",NA,NA,"w49bl",53,0.586892366409302,1.99339926242828,3.09999990463257,NA,6.09999990463257,5.90000009536743,NA
"scv4j","m",53,-0.80257385969162,"xnws5",64,1.86052393913269,"i2gp5",NA,NA,2.79999995231628,NA,7.90872526168823,4.5,NA,5.92935132980347
"dc3ri","m",23,NA,"jjks7",53,-0.28150948882103,"va5j7",55,0.0584746971726418,NA,1.79999995231628,1.79999995231628,NA,6,6
"cu1e9","m",20,4.89613914489746,"k50gc",47,-2.19910573959351,NA,NA,NA,0.836544990539551,NA,1.58045482635498,11.2937822341919,NA,4.16192674636841
"m8n4x","f",66,0.859402716159821,NA,NA,NA,NA,NA,NA,0.930991888046265,NA,NA,7.20437097549438,NA,NA
"ul72o","f",32,3.36752390861511,"ffol0",50,0.186470955610275,NA,NA,NA,0.607702553272247,NA,3.28703618049622,9.89279842376709,NA,5.92935132980347
"qmu5l","f",33,-0.789198935031891,"jjks7",53,-0.28150948882103,"va5j7",55,0.0584746971726418,3.18258023262024,1.79999995231628,1.79999995231628,4.30000019073486,6,6
"u6e8v","m",46,-1.00452709197998,NA,NA,NA,NA,NA,NA,1.89999997615814,NA,NA,4.80000019073486,NA,NA
"zyfw1","f",23,2.84000754356384,"qyacs",52,-2.25400996208191,"w0kt3",57,2.68477034568787,1.15255355834961,2.68187236785889,3.80846500396729,9.06140518188477,8.19999980926514,3.29999995231628
"ltl6l","m",26,3.75549912452698,"pcog8",55,-2.09935116767883,"cq57w",63,-1.53114724159241,2.75051665306091,3.68328809738159,3.68328809738159,9.08567142486572,3.5,3.5
"c70oc","f",43,2.61265683174133,"i3egi",NA,NA,"r6isy",75,-0.530864357948303,1.93081068992615,0.841182947158813,NA,8.39999961853027,5.8741512298584,NA
"s7nn4","f",78,3.75592708587646,NA,NA,NA,NA,NA,NA,0.743911504745483,NA,NA,10.2052345275879,NA,NA
"wfuim","m",48,-7.76689195632935,NA,NA,NA,NA,NA,NA,0.607702553272247,NA,NA,-1.24161696434021,NA,NA
"t4m1n","f",28,NA,"dicpe",66,2.73245882987976,"d0dis",77,3.05795669555664,1.69740450382233,1.68045687675476,1.68045687675476,NA,9.05726909637451,9.05726909637451
"qgmza","f",34,NA,NA,NA,NA,NA,NA,NA,NA,NA,NA,NA,NA,NA
"qbi1y","f",35,-1.62175762653351,"t8015",52,-1.93244397640228,"y1nxe",50,-1.40304863452911,4.19999980926514,3.36303687095642,3.36303687095642,2.90000009536743,3.78290748596191,3.78290748596191
"et8w4","f",21,NA,NA,NA,NA,NA,NA,NA,NA,NA,NA,NA,NA,NA
"vw16c","f",29,-4.71147680282593,"tqp7s",58,-0.311457067728043,"i04ua",68,0.516182124614716,0.137835204601288,2.6147153377533,1.99339926242828,2.07585525512695,6.06387567520142,5.90000009536743
"kb0nu","f",41,1.83309388160706,"pt37z",59,-1.27284443378448,"hxyjh",65,-0.896505832672119,1.04889678955078,2.09999990463257,2.09999990463257,8.11230373382568,4.90000009536743,4.90000009536743
"y1nxe","m",50,-1.20564615726471,NA,NA,NA,NA,NA,NA,3.36303687095642,NA,NA,3.78290748596191,NA,NA
"zeiyp","f",18,NA,"kak8p",45,-0.229217559099197,"qfmmf",49,0.368189871311188,NA,3.92427802085876,3.92427802085876,NA,5.28284311294556,5.28284311294556
"m7ovc","f",30,1.94422090053558,NA,NA,NA,NA,NA,NA,3.77281427383423,NA,NA,6.70423126220703,NA,NA
"qjgz8","m",38,0.550447046756744,"szq3o",61,-1.55679821968079,"ufgt7",66,-1.93185615539551,1.15255355834961,1.86822080612183,1.8682222366333,6.77184438705444,3.97669148445129,4.69999980926514
"mc647","f",45,-2.3477144241333,NA,NA,NA,NA,NA,NA,2.18116474151611,NA,NA,3.29999995231628,NA,NA
"pg4uz","f",59,0.473599076271057,NA,NA,NA,NA,NA,NA,0.86680668592453,NA,NA,6.85436487197876,NA,NA
"l5qvu","f",75,2.66786074638367,NA,NA,NA,NA,NA,NA,5.79508209228516,NA,NA,6.30000019073486,NA,NA
"b1dog","m",62,-2.42566418647766,"fohrf",75,0.375213623046875,"rtomn",NA,NA,2.40000009536743,NA,0.398480534553528,3.09999990463257,NA,7.16437673568726
"oh40b","f",21,1.69522726535797,"cbkpg",39,1.96337723731995,"h35sm",44,2.3518340587616,1.15255355834961,2.20000004768372,2.20000004768372,7.91662454605103,8.10000038146973,8.10000038146973
"lo1m9","f",20,-1.73911333084106,NA,NA,NA,"u2mw3",NA,NA,1.15255355834961,NA,NA,4.48228406906128,NA,NA
"pmagx","m",46,2.77784466743469,NA,NA,NA,NA,NA,NA,4.44245862960815,NA,NA,7.16437673568726,NA,NA
"doaw1","m",35,NA,NA,NA,NA,NA,NA,NA,NA,NA,NA,NA,NA,NA
"iigtd","f",59,-0.287343174219131,NA,NA,NA,NA,NA,NA,1.93081068992615,NA,NA,5.5,NA,NA
"prtw7","f",24,NA,NA,NA,NA,NA,NA,NA,NA,NA,NA,10.055157661438,NA,NA
"t7fei","f",46,-0.80257385969162,NA,NA,NA,NA,NA,NA,2.79999995231628,NA,NA,4.5,NA,NA
"max2j","f",29,NA,NA,NA,NA,NA,NA,NA,NA,NA,NA,NA,NA,NA
"vg69f","m",30,NA,"uoqqa",64,2.57796168327332,"vkmb1",64,2.88260626792908,NA,1.21084487438202,1.05457210540771,NA,9.10892772674561,9.12947750091553
"k6ox1","f",45,1.39547288417816,"ffol0",50,0.186470955610275,NA,NA,NA,1.89999997615814,NA,3.28703618049622,7.19999980926514,NA,5.92935132980347
"grxle","m",26,1.69522726535797,"mkl5b",49,0.801160514354706,"rsoc8",61,1.0684357881546,1.15255355834961,1.20000004768372,1.20000004768372,7.91662454605103,7.30000019073486,7.30000019073486
"qalpj","m",32,-4.49496936798096,NA,NA,NA,NA,NA,NA,4.42165946960449,NA,NA,-0.0968367159366608,NA,NA
"djtp0","m",39,1.94422090053558,"hreaf",68,1.25056445598602,"hei1u",NA,NA,3.77281427383423,NA,1.98798871040344,6.70423126220703,NA,7.46398115158081
"jfghh","m",48,NA,NA,NA,NA,NA,NA,NA,NA,NA,NA,7.91662454605103,NA,NA
"lror7","f",49,0.76474392414093,NA,NA,NA,NA,NA,NA,3.09999990463257,NA,NA,5.90000009536743,NA,NA
"eqv2m","m",73,1.70852780342102,NA,NA,NA,NA,NA,NA,1.98798871040344,NA,NA,7.46398115158081,NA,NA
"ob6fa","m",NA,NA,NA,NA,NA,NA,NA,NA,NA,NA,NA,NA,NA,NA
"darn6","f",20,1.69522726535797,"x4w0z",34,NA,NA,NA,NA,1.15255355834961,NA,0.680463433265686,7.91662454605103,NA,NA
"mnisn","m",48,-3.46845674514771,NA,NA,NA,NA,NA,NA,2.68187236785889,NA,NA,1.89999997615814,NA,NA
"bt46b","f",43,-0.929231822490692,NA,NA,NA,NA,NA,NA,1.85570454597473,NA,NA,4.90000009536743,NA,NA
"ge3ai","f",30,-0.371224910020828,"axc7j",73,1.37519001960754,"psr6b",82,1.70068776607513,0.369750767946243,1.68045687675476,1.68045687675476,6.28676176071167,7.69999980926514,7.69999980926514
"t3fwk","m",38,-1.13135838508606,"cylo0",68,1.66521394252777,"qa77o",72,3.32559537887573,2.24225544929504,12.6960287094116,12.6960287094116,4.48228406906128,4,4
"e9in5","m",26,-1.73911333084106,"ew3s7",62,1.48284602165222,"h5s6z",66,1.85385119915009,1.15255355834961,2.05598759651184,2.05598759651184,4.48228406906128,7.67163228988647,7.67163228988647
"u5n7j","m",27,-3.85011768341064,NA,NA,NA,NA,NA,NA,2.16160225868225,NA,NA,1.80850696563721,NA,NA
"we9ib","f",37,1.8650233745575,NA,NA,NA,NA,NA,NA,5.02016973495483,NA,NA,5.92935132980347,NA,NA
"x2j9k","f",33,2.68581008911133,"ecso7",57,1.43800604343414,NA,NA,NA,1.15255355834961,NA,1.22253715991974,8.90720748901367,NA,7.92868232727051
"jylf7","f",19,NA,"r0d1l",40,-4.06208038330078,"mnisn",48,-3.615229845047,1.69740450382233,2.68187236785889,2.68187236785889,NA,1.89999997615814,1.89999997615814
"hb6l5","f",40,1.85228562355042,NA,NA,NA,NA,NA,NA,2.18116474151611,NA,NA,7.5,NA,NA
"vwbau","m",27,-2.81316375732422,"z6l1v",45,-3.14096331596375,"nilc3",50,-2.62879514694214,3.33195734024048,3.2208776473999,3.2208776473999,2.19272375106812,2.62588047981262,2.62588047981262
"wxx7w","f",58,-0.157157599925995,NA,NA,NA,NA,NA,NA,1.80563378334045,NA,NA,5.69999980926514,NA,NA
"ypq5x","f",38,5.61265659332275,NA,NA,NA,NA,NA,NA,1.93081068992615,NA,NA,11.3999996185303,NA,NA
"oy4bl","f",48,-1.10452711582184,"r4wym",70,0.820531189441681,"d6eo5",79,1.16119801998138,1.89999997615814,1.80563378334045,1.80563378334045,4.69999980926514,7.09999990463257,7.09999990463257
"c79a1","f",22,-2.42945218086243,"aa4iy",42,0.52984881401062,"a4hzs",45,0.840177416801453,0.983773589134216,1.55527985095978,1.55527985095978,3.88607811927795,6.90000009536743,6.90000009536743
"p9tdc","m",32,-1.0260134935379,NA,NA,NA,NA,NA,NA,1.69740450382233,NA,NA,4.89150667190552,NA,NA
"urpd8","m",33,NA,"ly18a",NA,NA,"od533",88,1.38315320014954,NA,2.13161396980286,NA,NA,7.16437673568726,NA
"ntrzx","f",37,-0.612839818000793,"c2h98",61,0.0392485484480858,"wi2n4",58,-1.25735342502594,2.86862373352051,1.30515265464783,1.30515265464783,4.65146064758301,4.92338037490845,6.5
"w0jlu","m",61,0.499502032995224,NA,NA,NA,NA,NA,NA,4.05881881713867,NA,NA,5.09999990463257,NA,NA
"r2i43","f",49,1.6104691028595,NA,NA,NA,NA,NA,NA,0.978963255882263,NA,NA,7.92868232727051,NA,NA
"uc8sf","f",25,0.522413492202759,"g3lq0",55,-1.21291601657867,"sm50v",60,-0.826741695404053,0.398480534553528,2.18116474151611,2.18116474151611,7.16437673568726,4.93052911758423,4.93052911758423
"m2afw","m",35,-0.712612271308899,NA,NA,NA,NA,NA,NA,0.398480534553528,NA,NA,5.92935132980347,NA,NA
"wi2n4","m",58,-1.21290862560272,NA,NA,NA,NA,NA,NA,1.30515265464783,NA,NA,4.92338037490845,NA,NA
"bdt7u","f",64,0.511146485805511,"tlor1",NA,NA,NA,NA,NA,1.81186175346375,NA,NA,6.364830493927,NA,NA
"dwjw5","f",29,-3.2086660861969,NA,NA,NA,NA,NA,NA,2.16411566734314,NA,NA,2.44855690002441,NA,NA
"ua1bn","f",21,NA,"ye52v",57,-1.27952444553375,NA,NA,NA,NA,NA,2.76771950721741,6.50190496444702,NA,4.65146064758301
"axj6u","f",33,-1.89384603500366,NA,NA,NA,NA,NA,NA,2.70932507514954,NA,NA,3.45929956436157,NA,NA
"er3u2","m",21,NA,NA,NA,NA,NA,NA,NA,NA,NA,NA,NA,NA,NA
"c3rpu","f",29,0.550447046756744,"dicpe",66,2.73245882987976,"d0dis",77,3.05795669555664,1.15255355834961,1.68045687675476,1.68045687675476,6.77184438705444,9.05726909637451,9.05726909637451
"fb3v5","f",31,1.15820205211639,"rsd6a",56,-0.571398198604584,"xpeg3",62,-0.0942091196775436,2.24225544929504,2.93222641944885,2.93222641944885,6.77184438705444,5.30000019073486,5.30000019073486
"gymvh","f",25,-1.77521681785583,NA,NA,NA,NA,NA,NA,1.86714506149292,NA,NA,4.04763460159302,NA,NA
"khuvn","f",58,-0.196704685688019,NA,NA,NA,NA,NA,NA,1.28348076343536,NA,NA,5.95167112350464,NA,NA
"yr565","f",37,-5.0067720413208,"vnwe5",60,0.142539456486702,"gdgy9",64,0.490569353103638,5.60800170898438,1.86639380455017,1.86639380455017,-1.27029311656952,6.40000009536743,6.40000009536743
"fo75i","m",35,-2.27613854408264,"mez8q",53,NA,"e6ef2",NA,NA,2.24225544929504,NA,NA,3.3375039100647,NA,NA
"ztk7k","f",53,2.83154344558716,"axc7j",73,1.37519001960754,"psr6b",82,1.70068776607513,2.68187236785889,1.68045687675476,1.68045687675476,8.19999980926514,7.69999980926514,7.69999980926514
"z6l1v","f",45,-2.44195890426636,NA,NA,NA,NA,NA,NA,3.2208776473999,NA,NA,2.62588047981262,NA,NA
"n67qw","f",26,-3.98790097236633,NA,NA,NA,NA,NA,NA,5.59788084030151,NA,NA,-0.245777741074562,NA,NA
"qpsvm","m",54,-0.929231822490692,"oju6q",NA,NA,"ren2w",69,0.824624121189117,1.85570454597473,0.976191699504852,NA,4.90000009536743,7.16437673568726,NA
"es266","f",28,7.8666558265686,"xbsaf",59,-2.36053800582886,"h3zzz",55,-4.90994310379028,2.24225544929504,4.44245862960815,2.18116474151611,13.4802980422974,-0.245777741074562,3.78290748596191
"duyz2","f",22,-0.737891733646393,NA,NA,NA,NA,NA,NA,1.15255355834961,NA,NA,5.4835057258606,NA,NA
"k5i0g","m",57,0.702231824398041,NA,NA,NA,NA,NA,NA,4.78091144561768,NA,NA,4.90000009536743,NA,NA
"yongl","m",44,-0.612839818000793,NA,NA,NA,NA,NA,NA,2.86862373352051,NA,NA,4.65146064758301,NA,NA
"rgq0g","f",26,-0.390407830476761,NA,NA,NA,NA,NA,NA,0.976191699504852,NA,NA,5.92935132980347,NA,NA
"y0t2f","m",31,5.73732280731201,"i2eus",48,0.327354788780212,"bji2c",52,0.971404314041138,2.24225544929504,4.30917263031006,4.30917263031006,11.3509654998779,5.69999980926514,5.69999980926514
"nv6si","f",35,-0.598642230033875,"xbsaf",59,-2.36053800582886,"h3zzz",55,-4.90994310379028,2.80704951286316,4.44245862960815,2.18116474151611,4.69999980926514,-0.245777741074562,3.78290748596191
"xa2c7","f",23,0.550447046756744,NA,NA,NA,NA,NA,NA,1.15255355834961,NA,NA,6.77184438705444,NA,NA
"f5cso","f",35,0.0772010236978531,"g3lq0",55,-1.21291601657867,"sm50v",60,-0.826741695404053,0.929395139217377,2.18116474151611,2.18116474151611,6.42305946350098,4.93052911758423,4.93052911758423
"wrefx","f",19,-0.755060315132141,"pgqlu",45,-1.01673936843872,"u4bib",46,-0.5547194480896,1.03378367424011,2.80704951286316,2.80704951286316,5.5325779914856,4.90000009536743,4.90000009536743
"w49bl","m",53,0.76474392414093,"fzxya",70,NA,"o79pm",NA,NA,3.09999990463257,NA,NA,5.90000009536743,NA,NA
"kmvnn","f",23,NA,NA,NA,NA,NA,NA,NA,NA,NA,NA,NA,NA,NA
"ord0s","f",NA,NA,"i0cx3",43,-4.67621517181396,NA,NA,NA,NA,NA,6.56729030609131,NA,NA,-0.121497824788094
"rrewo","m",36,NA,NA,NA,NA,NA,NA,NA,NA,NA,NA,NA,NA,NA
"ivh0z","m",22,NA,"mkl5b",49,0.801160514354706,"rsoc8",61,1.0684357881546,0.607702553272247,1.20000004768372,1.20000004768372,NA,7.30000019073486,7.30000019073486
"zyhgp","m",37,-1.09678649902344,"ffol0",50,0.186470955610275,NA,NA,NA,1.55527985095978,NA,3.28703618049622,4.90000009536743,NA,5.92935132980347
"g05dt","f",21,1.6104691028595,"t9pf3",39,-1.46706807613373,NA,NA,NA,0.978963255882263,NA,2.13161396980286,7.92868232727051,NA,4.69432544708252
"knppi","m",36,-0.973852515220642,"fzxya",70,NA,"o79pm",NA,NA,2.98887610435486,NA,NA,4.22338008880615,NA,NA
"d0dis","m",77,3.13029670715332,NA,NA,NA,NA,NA,NA,1.68045687675476,NA,NA,9.05726909637451,NA,NA
"wx8ja","f",25,-4.49496936798096,NA,NA,NA,NA,NA,NA,4.42165946960449,NA,NA,-0.0968367159366608,NA,NA
"hygoi","f",66,1.16396260261536,"zm59a",NA,NA,"q3tam",NA,NA,2.74000000953674,NA,NA,6.5,NA,NA
"hov25","m",49,NA,NA,NA,NA,NA,NA,NA,NA,NA,NA,NA,NA,NA
"yk292","m",68,1.65040302276611,NA,NA,NA,NA,NA,NA,9.06414794921875,NA,NA,3.45929956436157,NA,NA
"gnbtc","m",48,-0.421240270137787,"l84lm",NA,NA,NA,NA,NA,4.5595269203186,NA,NA,3.90000009536743,NA,NA
"pwexl","f",21,-2.27613854408264,"t8015",52,-1.93244397640228,"y1nxe",50,-1.40304863452911,2.24225544929504,3.36303687095642,3.36303687095642,3.3375039100647,3.78290748596191,3.78290748596191
"ftnvq","f",19,NA,"x029d",53,0.593825280666351,NA,NA,NA,NA,NA,1.17974901199341,NA,NA,7.09999990463257
"vz9qm","f",49,0.230108395218849,NA,NA,NA,NA,NA,NA,2.5,NA,NA,5.69999980926514,NA,NA
"vpfrv","m",32,NA,NA,NA,NA,NA,NA,NA,NA,NA,NA,NA,NA,NA
"us3q1","m",36,-1.33720934391022,"sdu7g",62,2.51750612258911,"fyng0",67,-3.82094097137451,2.20000004768372,6.18682718276978,1.3583607673645,4.30000019073486,0,8.958984375
"mwzbm","m",51,-1.34771430492401,NA,NA,NA,NA,NA,NA,2.18116474151611,NA,NA,4.30000019073486,NA,NA
"txtq7","m",46,2.26752400398254,NA,NA,NA,NA,NA,NA,0.607702553272247,NA,NA,8.79279899597168,NA,NA
"w726p","m",39,-2.10994124412537,"hugl2",NA,NA,"jxjb2",NA,NA,3.68328809738159,NA,NA,2.70000004768372,NA,NA
"w9ovf","f",20,NA,NA,NA,NA,NA,NA,NA,NA,NA,NA,5.4835057258606,NA,NA
"bapxn","m",40,1.40587043762207,NA,NA,NA,NA,NA,NA,2.34024262428284,NA,NA,6.96486282348633,NA,NA
"wvgxx","f",20,NA,NA,NA,NA,NA,NA,NA,NA,NA,NA,NA,NA,NA
"kxsyp","m",28,-0.237815529108047,"wxtaz",44,0.346963196992874,"pve36",43,NA,1.81186175346375,NA,2.8460590839386,5.61586856842041,NA,6.24957275390625
"kqz2t","m",26,-1.77521681785583,"hb3rb",NA,NA,"k1j2d",56,-2.24288892745972,1.86714506149292,0.689316391944885,NA,4.04763460159302,4.23553895950317,NA
"xnrw2","m",29,-0.737891733646393,"axc7j",73,1.37519001960754,"psr6b",82,1.70068776607513,1.15255355834961,1.68045687675476,1.68045687675476,5.4835057258606,7.69999980926514,7.69999980926514
"pgqlu","f",45,-0.398642212152481,NA,NA,NA,NA,NA,NA,2.80704951286316,NA,NA,4.90000009536743,NA,NA
"bhn5l","f",22,NA,NA,NA,NA,NA,NA,NA,2.17296266555786,NA,NA,NA,NA,NA
"xo3el","m",32,-3.23499989509583,"y42gy",56,3.03519821166992,"yfv0w",NA,NA,1.01973342895508,NA,3.20348763465881,3.06047463417053,NA,8.80834102630615
"ccppx","m",45,-0.454499483108521,NA,NA,NA,NA,NA,NA,1.57268786430359,NA,NA,5.5325779914856,NA,NA
"hyylq","f",33,-0.65882021188736,NA,NA,NA,NA,NA,NA,2.70932507514954,NA,NA,4.69432544708252,NA,NA
"ao8ey","m",40,0.367847323417664,NA,NA,NA,NA,NA,NA,3.74925851821899,NA,NA,5.14099502563477,NA,NA
"oyfuy","f",27,0.462840557098389,"bckf5",48,-2.47946882247925,"r68v9",NA,NA,2.16411566734314,NA,1.80563378334045,6.12006330490112,NA,3.79999995231628
"mrekx","m",52,0.708971321582794,NA,NA,NA,NA,NA,NA,3,NA,NA,5.90000009536743,NA,NA
"s6kmz","f",NA,NA,"m3e21",64,1.86819076538086,"zp1on",72,2.10926342010498,NA,0.983773589134216,0.983773589134216,NA,8.44535064697266,8.44535064697266
"b3gcj","f",20,4.76491498947144,"ovp7c",54,0.380208313465118,"y1nxe",50,-1.40304863452911,0.498732358217239,3.36303687095642,1.22981977462769,11.3509654998779,3.78290748596191,6.86824655532837
"qjvf9","f",50,NA,NA,NA,NA,NA,NA,NA,NA,NA,NA,NA,NA,NA
"ab6az","m",41,-0.0682033747434616,NA,NA,NA,NA,NA,NA,1.55390286445618,NA,NA,5.92935132980347,NA,NA
"f5mj0","m",45,0.0500124841928482,"r4wym",70,0.820531189441681,"d6eo5",79,1.16119801998138,2.90989422798157,1.80563378334045,1.80563378334045,5.29129552841187,7.09999990463257,7.09999990463257
"vfp71","m",37,-2.80666732788086,NA,NA,NA,NA,NA,NA,3.28703618049622,NA,NA,2.22427368164062,NA,NA
"r557p","f",46,NA,NA,NA,NA,NA,NA,NA,NA,NA,NA,7.91662454605103,NA,NA
"fhu17","m",36,NA,NA,NA,NA,NA,NA,NA,NA,NA,NA,NA,NA,NA
"wuc7j","m",32,-0.137874618172646,NA,NA,NA,NA,NA,NA,2.22838163375854,NA,NA,5.4835057258606,NA,NA
"nqp6y","f",42,-0.0283123534172773,NA,NA,NA,NA,NA,NA,1.28348076343536,NA,NA,6.12006330490112,NA,NA
"zeebn","f",27,NA,NA,NA,NA,NA,NA,NA,1.15255355834961,NA,NA,NA,NA,NA
"szq3o","f",61,-1.12225043773651,NA,NA,NA,NA,NA,NA,1.8682222366333,NA,NA,4.69999980926514,NA,NA
"qfmmf","m",49,0.607308089733124,"dle4v",78,1.84000992774963,"wjnqp",77,2.50021123886108,3.92427802085876,4.44245862960815,4.44245862960815,5.28284311294556,7.16437673568726,7.16437673568726
"g4r8q","m",36,2.05726194381714,NA,NA,NA,NA,NA,NA,1.6941294670105,NA,NA,7.97660827636719,NA,NA
"bmz9r","f",26,-6.31823396682739,NA,NA,NA,NA,NA,NA,1.15255355834961,NA,NA,-0.0968367159366608,NA,NA
"zta34","f",42,-1.21752870082855,NA,NA,NA,NA,NA,NA,2.05598759651184,NA,NA,4.5,NA,NA
"i2eus","f",48,1.23913085460663,"l5qvu",75,1.46557581424713,"yk292",68,1.02925026416779,4.30917263031006,9.06414794921875,5.79508209228516,5.69999980926514,3.45929956436157,6.30000019073486
"u4zkl","f",19,-3.43087291717529,"iigtd",59,-0.734127640724182,"l6p3e",70,1.32927870750427,0.171821773052216,1.57268786430359,1.93081068992615,3.3375039100647,7.38068628311157,5.5
