"rs","rsf","rsm","age"
12,3,3,39
NA,7,7,18
9,9,9,49
NA,10,10,29
1,NA,3,51
4,8,8,84
0,8,8,27
NA,5,5,52
4,9,9,53
4,8,8,38
NA,4,4,21
NA,3,5,84
6,10,10,56
9,8,8,73
4,4,4,55
5,9,9,42
10,7,7,66
1,8,8,33
NA,4,4,38
4,8,8,67
0,8,8,64
7,11,11,51
NA,8,8,80
1,NA,NA,75
10,9,10,55
NA,NA,NA,37
5,4,4,41
NA,7,7,21
7,8,8,41
7,12,12,45
8,7,7,45
NA,7,7,30
NA,19,19,63
11,4,9,79
0,11,11,77
7,NA,4,29
9,NA,NA,73
10,6,3,48
6,11,11,30
NA,5,5,28
8,11,11,77
4,NA,NA,60
8,2,5,58
NA,4,4,68
NA,9,9,28
NA,5,5,21
7,9,9,58
2,10,10,20
6,10,10,39
6,8,8,62
NA,5,5,18
2,8,8,42
8,7,7,46
11,10,10,41
NA,NA,1,23
NA,6,7,33
6,6,4,31
3,NA,NA,65
NA,7,7,22
NA,10,10,19
12,12,12,59
NA,8,9,56
8,1,2,28
3,2,2,21
2,6,6,71
11,9,9,34
7,NA,NA,69
3,5,5,39
11,6,6,48
5,5,5,43
6,8,8,34
4,8,8,34
6,6,6,70
NA,5,5,24
9,5,5,53
8,11,11,56
4,7,7,25
6,9,9,58
5,6,7,28
1,7,7,48
6,10,10,76
NA,6,6,73
1,5,5,27
7,3,3,66
1,7,7,33
NA,5,4,29
NA,6,9,29
3,9,9,32
3,8,8,34
NA,8,8,25
NA,2,2,33
5,7,7,73
NA,6,6,24
NA,14,16,57
8,9,9,68
6,7,7,38
9,9,9,52
NA,11,11,66
4,9,9,33
8,10,10,48
NA,8,8,24
7,9,9,39
NA,NA,NA,60
6,13,5,48
5,11,11,62
NA,4,5,38
NA,8,8,36
3,9,9,69
NA,8,8,48
NA,NA,NA,19
2,3,3,44
8,8,8,61
NA,12,12,34
4,NA,12,72
NA,6,6,54
NA,5,5,48
11,NA,NA,48
9,10,10,75
7,8,8,51
6,2,4,40
18,8,8,79
3,5,3,35
NA,10,10,59
NA,10,5,36
6,5,5,29
7,5,5,27
4,7,7,23
1,10,10,31
2,14,14,19
NA,9,9,48
NA,8,8,21
4,9,9,52
6,8,8,57
9,4,4,52
NA,NA,1,70
3,5,5,44
NA,9,10,71
4,10,10,33
7,4,7,26
2,8,8,30
5,11,11,51
7,10,11,34
9,6,6,46
5,NA,NA,36
4,10,10,36
5,5,5,39
10,7,7,54
8,9,9,44
7,4,4,53
6,9,1,40
1,8,8,23
8,NA,1,33
11,8,8,54
NA,13,13,81
2,7,8,48
1,10,9,51
12,6,6,57
NA,NA,NA,43
3,7,8,39
4,1,6,49
6,8,8,25
8,9,9,40
10,8,8,35
9,8,8,59
NA,9,9,36
4,8,8,32
7,8,8,29
4,7,7,64
NA,6,6,19
3,3,3,48
NA,NA,NA,26
6,10,10,26
9,9,9,42
7,2,2,30
9,10,10,41
9,6,6,58
NA,5,5,26
NA,10,10,31
NA,5,5,29
1,10,10,26
5,5,6,24
NA,11,4,29
6,11,11,54
1,10,10,67
11,NA,NA,87
NA,7,7,58
9,8,8,53
NA,7,7,46
4,9,9,28
NA,12,12,26
2,NA,5,69
NA,8,8,68
2,2,2,69
NA,6,7,78
12,7,6,55
1,4,4,25
5,9,9,71
6,7,7,45
6,NA,NA,31
NA,NA,NA,80
8,NA,NA,60
NA,NA,NA,88
2,4,8,30
6,NA,NA,30
6,2,2,40
NA,8,6,19
NA,6,6,51
3,8,8,32
10,9,9,75
10,6,6,76
NA,8,8,23
8,NA,2,65
5,8,8,55
3,2,4,80
13,21,4,67
NA,9,9,30
NA,9,9,29
6,NA,NA,59
2,NA,NA,44
3,9,10,24
1,7,7,75
1,7,8,75
1,8,8,24
10,7,7,34
5,12,12,41
5,NA,NA,67
8,6,6,78
NA,5,5,41
5,7,7,68
3,6,6,40
12,11,11,58
6,4,4,34
4,8,8,27
NA,19,8,34
9,7,8,56
7,15,7,31
12,6,8,51
NA,12,12,28
NA,10,10,19
1,5,5,23
8,11,11,36
1,19,19,46
8,4,4,29
6,8,8,23
9,10,11,34
1,5,5,37
5,8,8,39
2,4,4,22
NA,5,5,26
NA,6,NA,51
NA,3,3,37
11,9,9,79
0,5,5,55
NA,1,1,68
NA,4,4,72
7,NA,NA,50
8,1,8,35
2,8,8,56
2,11,11,21
NA,11,11,72
NA,5,5,79
4,3,3,27
10,10,10,73
3,12,12,73
2,8,8,30
NA,19,19,50
NA,4,5,69
5,4,4,29
10,10,10,41
11,10,10,60
NA,4,5,66
6,9,9,66
NA,10,11,66
9,9,9,77
7,5,5,29
7,2,2,55
9,7,7,63
NA,10,10,49
4,11,8,34
1,NA,1,47
NA,12,12,59
NA,16,11,70
NA,NA,4,46
8,6,6,56
7,9,9,37
6,3,3,39
1,8,8,31
6,4,4,53
6,8,8,54
NA,11,8,37
NA,8,8,58
3,5,5,35
1,10,10,19
NA,11,11,46
2,8,8,36
2,9,9,49
2,NA,NA,35
12,11,7,65
2,NA,1,65
11,6,6,40
NA,4,4,39
8,9,9,80
NA,1,8,24
NA,6,7,19
3,11,11,48
NA,12,12,47
10,11,11,68
5,8,6,76
1,8,8,77
9,10,10,37
3,7,7,28
NA,9,9,39
5,NA,NA,42
1,NA,NA,26
2,4,5,76
5,4,3,77
3,5,5,51
4,10,5,57
8,15,15,69
10,10,10,31
4,10,10,69
4,7,7,73
NA,12,12,36
6,10,10,69
1,2,2,30
NA,5,5,26
NA,9,9,21
NA,7,7,70
13,9,6,73
NA,8,8,41
NA,9,9,32
7,9,9,41
11,9,9,65
9,8,8,85
8,4,4,37
9,10,10,39
8,10,10,83
10,10,10,80
4,8,8,30
NA,6,6,18
NA,3,4,33
10,10,10,43
10,8,8,72
10,7,7,58
4,14,14,43
NA,9,9,44
NA,9,9,36
NA,8,8,28
NA,10,10,21
3,5,6,62
9,6,6,39
7,6,6,37
NA,9,9,20
3,6,6,22
2,3,3,41
5,6,6,38
3,NA,3,46
2,1,2,19
NA,7,7,72
0,NA,2,58
NA,7,7,32
NA,10,10,19
7,8,5,64
3,6,6,33
NA,7,7,32
NA,NA,NA,31
NA,7,7,59
8,6,6,58
1,7,6,49
5,1,7,41
NA,6,6,30
8,4,4,54
NA,14,16,28
14,8,8,72
9,4,4,61
NA,10,10,22
NA,6,6,51
4,10,10,41
6,NA,3,74
NA,3,3,68
2,4,4,66
3,NA,NA,53
NA,7,7,21
6,10,10,61
3,10,10,66
NA,6,6,69
5,9,9,35
3,9,9,71
10,9,8,56
2,5,5,66
6,6,9,67
3,NA,4,33
4,8,8,41
7,5,5,69
4,3,4,33
6,9,9,55
5,6,6,49
NA,5,5,18
1,3,4,47
NA,8,8,55
NA,5,2,51
NA,2,3,24
7,7,7,66
2,6,6,20
5,10,10,24
NA,8,8,29
NA,9,9,27
14,NA,NA,58
NA,5,5,55
5,8,8,62
1,15,9,32
6,NA,7,67
7,10,10,76
5,3,3,64
14,4,4,74
3,2,2,31
NA,8,8,24
NA,8,9,18
13,10,10,55
6,3,3,65
7,8,8,34
9,10,10,51
NA,6,4,70
4,5,2,48
11,15,15,82
NA,5,5,20
3,8,8,35
NA,3,3,62
5,7,7,34
NA,10,10,24
NA,6,7,24
4,9,9,55
4,6,6,34
12,5,5,53
NA,2,2,38
8,3,5,58
4,5,5,52
5,NA,NA,53
1,NA,NA,32
1,6,6,56
5,5,5,73
NA,5,5,26
1,7,7,39
5,NA,2,26
6,NA,NA,58
0,10,10,46
3,5,5,32
NA,12,11,35
6,19,19,68
8,2,2,43
10,9,9,68
4,10,10,24
NA,7,8,73
3,2,2,60
2,7,7,32
9,10,10,39
7,3,8,26
NA,7,7,20
NA,5,5,20
6,8,8,63
6,5,5,43
6,7,7,62
NA,5,5,40
NA,NA,NA,83
4,11,11,82
6,10,10,71
2,4,4,44
6,8,8,55
NA,8,8,45
NA,6,4,28
2,9,9,23
NA,9,9,20
11,9,5,36
NA,NA,6,49
6,7,7,65
9,10,10,32
2,3,3,44
5,1,1,44
5,7,7,32
NA,8,8,25
5,14,15,76
6,7,7,42
7,7,7,49
8,8,8,66
8,9,9,50
NA,9,9,21
NA,NA,NA,79
3,10,11,38
NA,1,7,33
4,8,8,66
7,9,8,48
1,10,10,56
7,7,7,33
6,4,4,66
5,5,1,44
7,9,9,49
NA,5,5,26
NA,4,4,47
NA,5,5,19
7,2,2,44
5,3,4,34
5,7,7,49
4,5,5,36
4,6,6,31
6,10,10,38
NA,8,6,74
NA,8,8,57
7,9,9,53
NA,11,11,70
2,8,8,40
0,2,2,78
8,7,7,49
2,9,9,29
4,6,8,28
NA,6,6,27
5,9,9,27
7,7,8,28
1,6,6,36
5,6,6,46
5,6,6,32
NA,14,14,55
1,9,9,70
2,NA,NA,26
NA,10,10,28
7,NA,1,34
9,NA,7,47
7,9,9,41
NA,9,9,60
4,3,3,58
4,10,10,27
8,7,7,52
2,9,9,49
5,6,6,37
8,8,8,27
5,NA,4,60
3,7,7,37
11,14,16,61
1,14,15,68
NA,1,8,29
NA,10,10,63
6,8,8,27
NA,1,1,27
5,3,3,39
13,8,8,59
5,12,8,60
3,12,12,47
NA,4,4,18
11,10,10,70
7,6,6,72
4,7,9,30
10,12,12,66
NA,12,12,30
NA,11,11,39
8,9,9,86
5,8,8,28
7,11,11,75
NA,3,6,75
3,NA,NA,24
7,5,5,46
5,7,7,41
2,10,10,18
8,10,10,42
7,8,8,66
3,5,5,58
6,1,9,30
7,11,11,37
4,8,8,42
NA,13,13,58
4,7,7,32
2,8,8,26
5,5,6,39
NA,9,9,52
5,NA,NA,77
6,11,11,72
6,7,4,28
1,8,8,46
8,8,8,70
11,NA,NA,49
NA,9,9,25
3,6,6,83
2,12,4,24
1,2,2,65
NA,8,8,20
NA,4,4,57
5,NA,NA,51
NA,7,7,30
6,11,11,34
3,10,10,27
5,12,12,89
7,NA,NA,70
NA,8,8,33
12,4,4,42
4,11,12,44
7,6,6,40
3,7,7,22
NA,6,8,83
5,1,2,78
2,12,8,34
NA,4,8,26
NA,4,4,24
8,2,2,34
NA,11,11,72
3,7,7,50
5,8,8,32
5,NA,3,28
9,NA,1,53
NA,7,7,29
4,12,12,34
NA,NA,NA,61
NA,12,12,24
7,9,9,69
0,9,12,73
2,13,12,18
7,14,14,80
4,12,12,28
NA,15,15,32
4,6,6,38
2,11,11,28
8,13,13,58
4,5,4,30
NA,8,8,37
NA,11,11,46
6,6,6,39
2,10,10,49
1,NA,2,90
NA,8,8,57
4,9,9,81
NA,2,4,84
4,9,9,43
1,5,6,77
5,15,15,70
7,6,6,46
3,6,6,28
NA,NA,NA,53
NA,9,9,52
NA,6,6,31
NA,4,4,51
NA,4,4,49
8,9,9,78
NA,1,1,76
2,8,8,22
NA,10,10,37
NA,NA,5,34
NA,9,9,59
NA,11,11,21
NA,7,7,35
NA,1,7,22
1,10,10,83
6,9,9,35
NA,10,10,51
7,12,12,62
2,NA,NA,52
1,6,6,75
0,NA,NA,59
9,7,7,37
1,8,8,47
NA,7,7,30
6,13,2,42
NA,3,3,22
4,3,3,27
NA,8,9,29
9,10,10,67
8,6,6,28
7,5,9,43
NA,9,12,62
9,11,11,72
NA,3,3,50
NA,8,8,46
NA,11,12,33
NA,6,7,29
10,6,6,55
8,NA,NA,66
NA,12,12,24
1,4,4,43
NA,9,9,29
5,9,9,60
6,3,3,67
3,15,12,69
5,7,7,56
10,9,9,32
4,7,7,48
6,21,21,55
2,7,7,25
3,8,8,27
NA,7,7,18
NA,11,2,21
8,3,3,26
1,15,6,37
4,3,3,34
3,7,7,70
NA,9,9,59
NA,11,11,71
NA,11,11,27
NA,NA,NA,57
NA,8,5,57
NA,11,11,18
1,8,8,18
3,5,5,46
7,6,6,74
NA,NA,NA,65
4,9,9,25
2,8,8,23
5,6,6,30
8,NA,NA,60
4,4,4,28
NA,2,2,27
9,10,10,66
7,10,10,66
1,NA,NA,50
5,6,6,47
NA,10,10,26
NA,11,11,60
NA,1,6,66
7,11,11,55
8,6,6,63
7,5,5,37
3,2,3,24
NA,10,11,42
1,NA,3,44
2,10,10,55
7,NA,NA,65
5,12,12,72
7,NA,NA,54
6,8,8,23
NA,8,8,21
7,9,9,36
9,5,5,54
3,10,10,49
NA,NA,1,50
NA,12,8,27
9,4,4,34
NA,NA,NA,77
8,7,8,55
3,13,13,29
NA,13,13,54
5,9,9,36
2,7,7,35
4,8,8,26
NA,6,6,40
7,6,6,77
NA,NA,NA,41
8,10,10,40
5,6,7,76
6,9,9,71
2,10,10,26
3,12,11,44
7,12,7,47
7,10,10,32
10,14,14,86
NA,NA,NA,52
3,13,13,27
8,9,11,30
7,9,3,45
10,6,6,35
NA,9,9,32
8,2,8,49
0,NA,NA,38
5,19,13,42
7,10,10,49
4,10,10,80
6,6,6,61
NA,NA,7,82
NA,NA,NA,67
NA,11,11,54
NA,1,12,49
8,9,9,63
10,NA,NA,65
1,4,4,44
1,5,5,27
NA,7,7,39
2,4,4,53
NA,NA,8,19
4,12,12,61
1,NA,5,68
6,4,4,26
9,6,6,29
7,9,9,66
4,8,8,29
3,6,6,31
3,NA,NA,69
1,NA,2,18
10,NA,NA,74
2,8,8,35
5,6,6,46
NA,11,11,73
7,2,15,82
11,8,9,57
7,7,8,40
NA,6,6,68
5,7,7,52
10,9,5,65
4,1,6,45
NA,NA,NA,75
NA,NA,NA,73
12,4,5,81
NA,12,12,64
8,7,7,40
9,7,7,69
8,5,5,69
2,9,9,53
7,8,8,57
NA,9,9,27
NA,9,9,24
4,9,9,41
4,NA,NA,87
NA,10,10,39
7,4,4,55
7,7,7,28
6,10,10,30
1,NA,7,69
6,6,7,48
1,14,14,48
1,8,8,35
1,8,8,49
NA,NA,NA,64
3,7,7,24
5,12,12,30
4,NA,1,59
6,6,6,60
7,8,4,45
6,5,5,49
NA,11,11,18
4,NA,NA,32
10,10,10,47
NA,11,11,63
NA,12,9,81
8,8,8,54
NA,11,11,37
NA,9,9,53
10,5,5,35
6,8,8,51
5,6,7,57
3,NA,NA,61
9,11,11,33
3,9,10,69
2,1,6,44
NA,12,12,52
1,5,5,29
NA,5,5,44
0,6,6,66
3,8,8,19
NA,8,8,36
2,NA,NA,52
5,7,7,53
10,NA,NA,69
5,8,8,73
6,6,6,25
1,11,11,73
6,5,5,49
1,8,8,62
NA,10,10,19
NA,8,8,70
NA,13,15,61
NA,1,7,21
9,6,6,60
6,6,7,39
7,5,5,62
6,5,5,61
1,5,5,40
NA,8,8,29
9,9,9,36
8,9,9,48
NA,3,4,22
9,5,5,49
1,13,13,31
12,4,4,40
NA,12,12,40
NA,9,9,37
NA,11,11,50
4,9,9,29
NA,2,2,24
5,5,6,36
NA,9,9,23
NA,7,7,22
7,8,8,37
11,10,10,69
NA,6,6,35
9,9,9,56
5,9,9,48
NA,5,5,74
3,NA,NA,28
NA,15,10,74
6,9,9,61
1,7,7,52
2,2,3,33
NA,11,3,57
NA,7,7,38
2,7,6,31
3,5,5,65
NA,12,12,19
2,8,8,50
NA,7,7,40
1,7,3,53
5,13,13,73
0,8,8,50
4,4,4,34
NA,8,8,46
1,7,7,36
9,6,6,43
NA,NA,NA,27
NA,10,10,49
4,NA,7,26
NA,8,8,31
NA,7,7,48
NA,8,8,77
10,6,6,30
NA,10,10,23
NA,3,4,31
10,7,7,43
5,10,10,44
12,7,7,48
10,7,7,55
NA,6,7,28
NA,1,7,19
0,7,7,57
6,9,9,30
NA,7,7,26
NA,13,13,49
NA,6,7,41
6,11,6,51
10,9,9,49
6,8,8,66
1,8,9,32
NA,NA,NA,65
5,7,7,31
8,8,8,60
NA,7,8,31
9,8,8,72
NA,4,4,27
4,10,10,35
7,5,5,48
5,5,5,34
8,8,8,41
NA,5,5,47
5,7,7,34
NA,6,6,74
6,10,10,49
NA,7,7,42
NA,3,3,23
12,6,6,39
NA,5,8,68
8,9,9,41
4,8,8,58
7,NA,1,39
NA,NA,NA,67
12,9,9,45
11,NA,3,39
NA,9,9,44
8,7,7,54
4,8,8,55
NA,7,7,28
7,9,9,72
1,5,5,64
2,7,7,33
1,9,9,76
3,NA,NA,75
11,9,9,52
3,5,5,39
5,14,14,37
9,NA,NA,35
9,8,9,85
4,12,12,73
7,NA,NA,75
6,4,4,81
NA,7,7,21
6,8,8,58
NA,7,7,73
6,4,4,75
9,9,9,51
3,6,7,29
7,7,7,42
5,6,6,48
6,NA,2,81
5,8,8,80
NA,5,5,52
NA,7,7,25
7,12,8,57
3,9,9,50
4,8,8,32
11,NA,NA,67
NA,7,8,22
9,7,7,70
NA,8,8,46
4,7,7,31
7,12,12,49
NA,9,9,90
NA,11,11,31
NA,7,7,23
NA,8,8,40
7,10,10,41
8,10,10,37
2,6,6,33
3,10,10,31
1,NA,1,33
NA,NA,NA,46
NA,5,6,19
1,NA,NA,74
8,6,6,67
5,5,6,66
10,9,9,52
6,5,6,59
10,1,1,70
NA,2,3,20
6,5,5,41
NA,7,7,19
3,NA,NA,70
NA,10,10,27
NA,3,6,54
NA,5,6,18
7,10,10,61
NA,8,8,36
2,NA,NA,63
8,1,7,35
7,6,6,39
NA,12,12,36
NA,NA,1,58
3,NA,1,23
4,11,11,82
6,10,10,37
5,9,9,34
8,9,9,64
5,15,15,63
7,12,12,36
NA,6,6,18
5,5,5,36
1,11,12,44
6,7,5,45
12,8,8,51
NA,9,9,21
NA,5,6,22
NA,5,6,31
9,8,8,65
6,8,8,72
9,8,7,41
NA,8,8,20
7,6,6,29
5,NA,3,36
NA,8,8,38
NA,11,11,69
4,3,5,28
NA,7,7,18
0,4,6,60
10,7,7,41
NA,9,9,54
NA,7,8,25
2,6,6,36
7,8,8,35
NA,9,9,57
5,2,3,56
7,14,14,56
NA,8,8,38
4,6,6,78
3,8,8,36
12,9,9,53
8,6,8,65
4,4,4,42
1,7,7,48
6,7,7,26
7,9,7,41
1,7,8,20
8,NA,NA,71
1,6,7,31
11,12,12,74
NA,8,8,36
9,4,4,78
8,1,10,69
8,6,6,84
3,NA,NA,44
5,9,9,54
5,10,10,23
5,8,7,59
NA,3,3,48
6,12,12,77
8,8,8,70
7,1,1,40
4,NA,NA,80
NA,6,7,46
NA,NA,NA,26
NA,9,9,48
9,8,8,73
NA,9,5,30
NA,7,10,29
NA,9,9,36
8,NA,NA,78
7,3,4,55
5,10,10,40
4,NA,NA,61
7,7,7,52
NA,10,10,43
1,9,9,20
7,8,8,49
NA,7,7,26
6,5,3,61
3,NA,1,31
NA,8,8,22
NA,6,6,21
NA,9,9,22
9,7,7,62
3,6,6,31
9,15,15,69
7,6,5,41
5,5,5,33
5,4,4,51
5,4,4,64
NA,8,8,21
8,8,8,49
NA,6,6,26
9,NA,NA,73
NA,NA,NA,81
NA,NA,NA,82
12,NA,2,71
7,3,3,82
4,7,7,34
3,7,7,20
0,8,8,38
7,6,8,61
NA,NA,NA,55
NA,6,7,28
4,7,7,47
3,10,10,25
13,4,7,41
NA,7,7,28
5,6,6,36
8,10,10,54
4,4,4,54
4,5,5,28
NA,3,12,39
4,14,14,69
1,11,11,19
8,7,6,42
3,11,11,40
2,9,9,36
3,NA,NA,87
3,8,8,40
7,9,9,30
6,9,9,32
NA,10,10,24
10,5,5,44
NA,7,7,51
5,5,6,33
9,8,8,69
NA,NA,1,20
2,8,8,31
3,10,10,21
NA,6,6,23
NA,5,5,25
NA,6,8,59
9,11,12,41
NA,11,4,26
8,7,7,34
5,11,11,28
10,6,6,78
NA,7,8,65
5,2,8,35
1,11,8,18
9,2,2,56
4,10,10,67
NA,8,8,29
4,17,13,68
9,6,6,43
6,11,11,54
4,9,9,37
NA,8,9,20
NA,14,15,58
NA,5,5,26
8,11,11,32
2,10,10,21
6,4,4,37
3,5,5,50
2,10,10,19
8,7,7,60
4,13,13,57
2,10,10,41
7,8,6,77
NA,9,10,47
5,10,10,84
NA,4,4,20
8,6,6,72
6,7,7,29
2,4,4,55
6,NA,7,34
6,7,8,58
8,8,8,64
NA,9,12,63
2,9,9,51
NA,7,7,27
NA,9,10,28
NA,7,7,20
NA,9,9,19
8,7,7,30
3,NA,NA,71
0,19,8,40
12,4,4,46
3,8,8,24
NA,10,10,73
NA,10,10,33
7,8,8,64
7,9,9,40
9,8,8,31
NA,1,7,83
6,5,6,59
3,10,10,20
10,10,10,53
NA,8,8,39
NA,10,9,35
11,NA,NA,69
NA,10,10,74
NA,6,6,29
7,5,5,49
11,7,7,80
4,6,6,44
NA,NA,4,80
10,4,4,44
3,3,4,41
3,9,9,29
6,2,2,22
NA,13,13,47
NA,7,6,23
3,NA,NA,25
2,10,10,57
1,8,8,21
4,9,3,49
7,7,7,65
8,11,12,49
NA,6,6,27
1,6,6,32
5,NA,NA,62
7,14,3,47
NA,7,7,18
6,6,6,34
NA,8,7,41
7,6,6,49
2,9,9,31
4,8,6,42
NA,8,8,52
5,5,5,41
7,NA,NA,69
6,5,6,48
NA,4,6,32
0,NA,NA,53
6,7,8,56
10,9,9,44
3,6,6,30
4,8,8,44
2,NA,NA,27
NA,7,7,29
11,6,7,37
NA,11,11,42
11,NA,2,54
1,9,9,70
NA,12,11,20
2,5,5,21
NA,7,7,39
1,5,6,19
NA,11,11,76
3,5,5,24
NA,4,4,20
4,5,5,33
4,7,7,37
3,13,13,54
NA,10,10,19
NA,9,9,27
5,1,1,41
NA,13,13,47
6,7,7,29
NA,14,15,19
NA,3,3,30
7,7,7,73
NA,4,6,21
6,5,5,77
7,11,5,30
NA,6,6,39
9,11,11,61
11,NA,NA,67
8,9,9,55
3,8,8,31
NA,3,3,45
NA,7,7,63
NA,10,10,47
6,5,5,39
0,11,6,54
9,1,8,64
8,NA,NA,85
2,12,12,33
7,5,5,50
0,8,8,20
NA,13,13,73
6,8,8,24
7,11,11,52
2,8,8,46
2,8,8,59
6,9,9,77
10,8,8,66
2,4,8,83
9,6,6,43
NA,6,6,18
5,12,4,82
NA,5,5,18
5,6,6,53
7,3,3,38
6,8,8,29
11,9,9,54
NA,7,7,26
NA,6,6,32
4,8,8,31
4,7,7,48
9,6,3,62
NA,8,8,43
10,11,11,61
NA,6,6,30
NA,6,3,47
6,6,6,44
NA,11,5,45
NA,8,8,34
0,7,7,32
0,13,13,67
5,12,12,57
3,5,9,61
8,7,8,39
1,4,4,49
NA,11,11,34
6,11,11,28
NA,8,8,44
8,14,14,63
6,5,9,53
3,11,11,46
7,9,9,35
11,11,11,62
12,10,10,45
1,2,2,28
NA,NA,NA,60
8,10,10,37
NA,NA,NA,31
1,6,6,40
6,7,7,53
6,5,5,42
NA,6,6,67
3,NA,NA,64
NA,3,3,56
NA,8,8,26
3,11,11,43
NA,6,6,27
8,8,10,62
2,NA,NA,67
NA,3,3,62
NA,5,7,26
NA,10,10,24
NA,6,10,26
5,NA,NA,51
7,13,13,46
4,14,14,79
2,9,9,25
7,NA,NA,31
9,2,2,55
1,11,11,38
6,2,2,66
6,8,8,58
NA,11,11,26
NA,7,7,47
NA,7,7,19
9,8,8,54
NA,7,7,60
1,7,7,68
12,14,14,72
3,6,6,25
1,NA,NA,78
2,5,5,25
NA,8,9,44
NA,6,6,37
NA,1,8,70
NA,8,8,56
NA,11,11,25
NA,7,7,30
NA,6,6,28
2,10,10,48
8,9,7,49
4,10,11,43
7,10,10,64
1,7,7,45
10,9,9,62
8,NA,NA,61
NA,6,6,43
4,7,7,74
NA,12,12,28
4,6,6,61
7,9,9,72
6,7,3,54
5,NA,NA,66
NA,10,10,28
4,NA,NA,76
NA,5,5,28
9,9,9,33
9,7,7,67
2,6,6,40
9,NA,NA,29
2,8,8,36
5,15,15,45
7,7,7,55
11,9,9,47
8,9,9,46
6,8,8,37
4,9,2,50
NA,4,6,55
8,11,11,67
1,11,11,54
7,6,4,31
NA,8,8,78
5,NA,2,79
NA,11,11,55
NA,1,2,31
4,7,7,42
6,10,10,69
4,10,10,18
8,9,9,47
3,9,9,18
NA,5,4,25
5,3,4,35
8,3,4,52
6,NA,NA,52
11,NA,NA,36
NA,9,5,27
NA,7,7,42
7,5,5,30
NA,5,6,32
NA,7,7,21
NA,7,7,23
10,NA,NA,57
0,NA,NA,62
6,4,4,59
5,8,8,30
6,9,9,59
6,5,5,68
2,10,10,20
NA,5,5,23
NA,5,5,40
NA,5,5,84
NA,11,11,66
10,3,3,63
NA,7,7,30
8,7,7,63
5,11,11,45
6,19,12,58
NA,4,4,33
2,6,6,26
0,6,6,59
4,20,10,42
NA,10,10,31
6,NA,1,76
8,7,7,26
NA,NA,8,69
10,NA,5,77
1,9,9,40
NA,11,11,78
5,12,2,58
8,7,7,64
9,3,3,37
4,12,12,50
NA,8,8,37
5,10,10,26
4,8,8,21
8,4,4,52
NA,NA,NA,40
7,4,4,28
3,7,8,19
NA,6,6,18
NA,7,7,20
10,1,1,40
NA,1,1,30
3,9,10,44
NA,9,9,18
8,4,4,64
2,9,9,56
NA,8,1,54
8,7,7,37
8,NA,6,39
NA,5,5,20
NA,9,9,61
NA,8,8,50
NA,6,6,49
6,9,9,37
3,NA,NA,54
4,8,2,34
1,21,21,57
10,8,8,56
NA,10,10,34
NA,9,9,74
4,5,5,30
NA,9,9,26
1,7,7,20
NA,NA,NA,54
10,NA,NA,48
2,13,13,37
NA,6,6,25
2,11,11,35
NA,7,7,48
1,NA,NA,61
7,6,5,37
10,NA,NA,60
5,12,12,44
5,NA,NA,69
6,8,8,31
5,10,11,45
NA,11,8,29
5,10,10,38
6,4,4,87
6,8,8,30
NA,5,5,53
3,4,2,31
5,10,10,47
NA,13,10,59
7,NA,NA,65
NA,3,4,41
NA,9,9,32
11,3,3,45
4,NA,NA,33
NA,5,4,31
NA,8,8,37
7,1,10,26
5,11,8,35
NA,NA,NA,74
4,10,10,49
3,NA,NA,88
NA,11,11,37
12,1,1,50
4,NA,NA,85
NA,11,11,25
2,NA,NA,53
8,13,15,48
10,6,6,63
4,5,5,38
2,6,6,66
8,11,12,54
8,10,10,23
6,4,4,54
1,12,12,23
8,14,14,61
7,6,6,67
NA,4,4,19
4,NA,1,57
NA,6,7,31
2,NA,NA,27
3,6,6,72
6,NA,NA,23
2,9,9,34
NA,9,9,57
5,9,9,50
7,7,7,41
3,10,11,68
3,6,5,42
NA,8,8,20
2,12,12,26
5,1,1,38
5,9,9,61
NA,5,5,46
2,5,5,46
5,9,10,59
NA,7,7,67
8,6,6,46
5,1,7,34
NA,5,5,62
7,NA,3,68
3,8,8,32
NA,19,8,22
NA,9,9,30
6,10,11,31
3,11,11,79
NA,8,8,20
6,11,11,47
NA,1,10,20
8,8,8,32
8,6,6,92
10,9,9,51
NA,6,6,24
5,3,3,71
NA,8,8,61
NA,7,7,32
NA,5,5,50
12,6,8,50
6,2,5,48
0,9,9,41
6,9,9,32
9,9,9,47
NA,NA,1,34
5,11,11,86
NA,15,13,73
7,8,8,25
NA,10,10,32
4,11,11,39
NA,2,2,27
9,8,8,36
NA,11,11,30
5,8,8,45
NA,NA,7,77
NA,7,7,31
3,13,13,47
7,8,8,79
6,NA,NA,77
NA,9,9,34
3,12,12,65
6,9,9,30
2,7,7,30
3,7,7,27
3,10,11,39
4,NA,NA,61
NA,6,4,20
NA,2,2,52
5,7,7,62
NA,8,8,50
NA,10,10,54
NA,7,7,39
2,NA,NA,54
8,6,6,75
NA,10,10,21
3,8,8,31
7,3,3,74
7,6,6,60
NA,6,6,31
8,9,7,71
4,8,8,72
1,2,2,30
4,NA,NA,70
NA,5,5,39
4,4,4,37
NA,3,3,31
4,7,7,35
NA,5,5,18
6,7,7,55
8,12,12,50
9,1,1,60
NA,7,7,55
NA,4,5,56
8,2,2,72
9,8,8,81
7,7,7,55
2,8,9,26
5,8,8,20
NA,5,6,46
NA,9,9,19
13,8,8,71
3,6,6,23
6,6,6,68
NA,7,7,32
NA,8,8,36
2,10,10,45
NA,6,6,27
5,11,11,25
7,10,10,31
NA,4,4,46
5,7,7,65
4,3,3,38
10,8,8,51
NA,6,6,20
8,7,7,72
NA,3,7,48
NA,5,6,27
0,9,10,29
7,7,8,57
4,6,6,52
7,NA,NA,67
2,NA,NA,50
8,7,7,38
11,10,10,62
6,2,2,47
1,9,9,27
NA,4,4,44
NA,NA,NA,36
NA,2,2,42
8,8,8,64
11,5,5,34
1,1,8,20
4,NA,NA,40
NA,6,6,58
11,5,5,39
NA,NA,NA,89
8,6,6,43
1,8,8,41
1,10,10,18
9,8,8,51
4,7,7,31
5,5,5,58
7,NA,NA,34
8,13,13,36
NA,9,9,24
9,NA,3,39
7,13,13,50
NA,8,8,42
7,5,5,46
5,9,9,25
6,7,7,29
6,6,6,75
10,6,13,62
NA,7,7,27
2,8,8,39
7,3,3,38
9,5,5,31
NA,9,9,56
11,10,10,77
3,NA,NA,32
NA,NA,NA,39
NA,7,7,27
4,13,13,30
8,9,8,85
1,4,4,27
NA,3,3,38
NA,8,8,30
7,11,11,60
6,9,9,29
NA,9,7,41
7,6,6,57
NA,8,8,27
3,10,10,40
NA,2,2,52
6,13,13,48
4,8,8,76
4,9,9,76
9,4,4,51
9,3,3,46
NA,7,7,33
NA,6,6,35
NA,8,8,79
NA,3,3,49
1,11,11,33
NA,10,10,29
NA,6,6,81
NA,15,15,73
4,4,4,41
0,8,5,73
11,10,10,55
4,12,4,65
10,4,4,33
8,8,8,36
2,3,3,21
NA,6,6,77
0,8,8,43
3,10,10,38
3,3,5,55
NA,7,7,18
NA,7,7,18
NA,7,7,59
8,7,6,46
8,11,11,58
10,NA,4,38
NA,3,3,51
1,NA,NA,61
7,11,2,69
NA,11,11,18
12,5,5,58
6,12,12,49
NA,6,6,23
NA,6,14,63
NA,10,10,70
7,11,11,41
4,8,8,36
NA,10,10,59
NA,14,16,52
NA,11,11,56
NA,NA,1,32
NA,7,7,25
8,7,7,58
NA,NA,4,64
8,10,10,72
9,4,4,42
NA,7,7,43
12,10,10,53
7,9,9,85
5,2,2,44
6,11,12,51
NA,8,8,32
NA,8,8,50
10,6,6,49
6,10,10,36
NA,4,4,47
NA,4,4,36
7,9,9,45
6,NA,NA,34
NA,6,4,27
10,5,5,55
NA,NA,3,53
6,6,5,32
3,11,11,56
2,6,6,25
5,8,8,70
1,5,5,29
NA,8,8,20
6,3,3,36
NA,7,7,26
8,14,14,62
NA,8,8,22
2,9,9,42
NA,8,8,21
NA,7,4,27
NA,8,5,26
7,NA,NA,50
9,9,9,62
NA,6,6,23
11,5,5,64
14,13,13,70
5,NA,1,42
NA,10,10,28
6,1,2,77
6,NA,NA,39
7,6,6,64
11,10,10,40
NA,8,7,28
2,7,7,57
NA,13,13,29
10,7,7,57
NA,9,9,73
NA,3,3,46
6,6,6,23
NA,9,9,34
NA,8,8,29
0,9,9,55
3,6,6,55
4,5,5,51
NA,8,8,30
NA,12,13,67
NA,4,4,40
NA,6,6,25
9,9,9,42
7,8,8,48
2,1,6,80
7,1,3,83
8,4,4,39
6,7,7,35
8,9,9,57
NA,7,7,37
6,7,7,73
10,NA,NA,63
NA,7,2,28
5,7,8,49
NA,4,4,27
9,6,6,66
5,12,12,63
9,8,8,58
3,7,7,37
8,10,10,64
NA,3,3,26
1,3,3,49
9,8,8,49
8,7,7,41
2,9,10,54
NA,10,10,23
4,6,5,49
3,8,8,29
2,5,5,57
NA,9,9,24
NA,9,9,32
8,4,4,36
2,2,8,24
NA,7,8,23
3,8,8,32
6,2,2,56
0,3,3,72
10,15,10,46
5,2,2,62
5,8,8,49
NA,3,3,76
NA,5,5,41
5,NA,4,49
6,8,8,60
NA,8,8,52
9,3,3,38
NA,10,10,47
NA,2,2,31
5,9,9,68
NA,6,6,36
NA,2,2,46
NA,4,4,34
NA,5,5,26
7,9,9,43
NA,7,7,21
NA,11,11,37
NA,1,7,26
6,9,8,74
NA,9,9,47
NA,10,10,41
10,6,6,71
7,1,6,68
2,12,12,37
4,6,6,55
NA,8,8,48
NA,12,12,58
NA,NA,2,42
NA,4,4,75
7,NA,NA,62
6,5,5,33
NA,11,9,42
9,10,10,57
4,NA,NA,53
NA,12,12,30
7,7,8,33
2,7,7,25
9,13,13,73
8,10,10,30
NA,7,7,21
NA,9,9,48
14,12,13,72
10,3,7,32
3,9,9,39
NA,7,7,18
NA,1,7,37
NA,5,5,56
11,4,5,47
6,6,6,30
7,11,11,67
9,12,7,27
8,11,11,57
7,NA,NA,80
1,NA,NA,44
NA,NA,7,37
7,7,7,45
6,8,8,59
NA,NA,7,26
8,10,10,65
8,NA,NA,56
2,NA,NA,29
NA,7,7,25
6,4,5,57
9,6,3,49
NA,2,2,29
8,4,5,53
7,7,7,54
10,3,3,47
7,9,9,37
5,6,6,23
4,2,8,47
NA,8,8,78
9,7,7,43
7,6,6,37
9,9,9,35
8,10,10,60
10,6,6,63
1,5,5,36
NA,NA,NA,22
7,11,11,33
5,NA,NA,59
1,9,9,25
10,8,8,32
2,11,12,41
4,8,8,67
4,11,11,42
3,5,5,55
10,5,5,33
7,7,7,64
6,11,11,50
6,14,6,71
6,6,6,57
NA,3,3,25
3,1,2,28
7,6,6,36
NA,8,9,18
NA,10,10,25
2,6,6,47
NA,10,10,23
6,7,7,48
0,NA,NA,48
NA,8,8,20
4,11,11,61
9,4,4,33
7,7,7,55
NA,9,3,64
NA,9,9,65
4,11,11,39
5,7,7,50
3,9,9,27
3,7,7,50
11,3,8,58
NA,8,8,36
3,2,2,67
6,9,9,70
NA,8,8,37
NA,5,6,43
NA,6,6,28
5,7,7,31
10,6,6,33
NA,6,6,36
8,9,9,48
7,8,9,45
0,7,7,73
NA,2,2,24
6,4,4,37
6,9,9,43
6,10,10,30
NA,1,1,46
5,11,11,37
NA,8,8,29
4,14,14,61
6,7,7,52
1,NA,7,52
3,14,14,35
NA,11,11,55
5,8,8,58
5,10,10,40
4,NA,NA,33
6,4,4,31
6,NA,NA,60
NA,21,11,70
10,3,5,51
8,10,10,65
NA,5,5,70
0,6,3,63
12,5,6,45
NA,9,9,67
7,8,8,55
5,6,7,66
5,11,12,58
4,6,8,74
2,8,8,29
NA,8,8,81
5,8,8,50
5,16,11,72
2,10,10,38
NA,11,9,21
NA,4,4,19
9,8,8,34
NA,2,2,23
NA,10,11,28
11,11,11,54
14,9,9,61
NA,9,9,18
9,7,8,32
2,4,4,58
NA,11,11,30
9,6,6,57
NA,11,11,33
8,4,4,80
NA,9,8,60
NA,8,8,59
2,13,13,51
5,5,4,42
1,13,13,28
NA,9,9,47
NA,3,1,68
NA,10,10,27
7,11,11,54
NA,2,2,26
NA,NA,4,27
7,6,8,49
5,12,12,60
2,5,5,63
12,12,12,71
1,2,2,27
5,8,8,28
1,5,6,31
8,6,6,74
NA,10,10,53
4,11,12,38
NA,5,6,59
10,9,9,70
7,4,4,34
1,11,11,89
NA,10,10,74
2,6,6,21
5,11,11,40
3,12,12,55
5,NA,8,50
10,12,12,57
NA,11,11,25
6,3,4,30
6,NA,1,32
NA,5,5,35
NA,10,10,61
4,7,7,24
5,4,4,52
9,7,7,56
6,7,8,47
4,10,10,90
10,4,4,58
4,9,10,64
8,4,5,65
NA,9,9,43
NA,11,11,42
7,NA,1,38
NA,8,8,32
6,5,5,21
NA,8,8,20
NA,4,4,23
NA,14,14,31
1,6,3,24
NA,10,10,26
6,8,8,44
9,8,8,73
6,13,13,66
5,7,7,32
3,4,4,25
NA,9,9,40
6,7,7,51
5,10,10,33
6,12,12,77
7,7,8,64
5,8,8,50
10,11,11,57
7,8,8,36
5,8,8,47
5,8,8,23
2,10,10,68
5,11,11,43
2,8,8,41
1,4,4,44
13,13,13,45
3,8,6,64
5,7,7,65
7,11,12,57
5,9,9,31
10,2,2,47
NA,NA,NA,78
7,NA,NA,70
4,10,10,38
6,9,9,62
2,NA,3,64
7,10,10,42
NA,4,4,62
2,10,10,27
7,4,6,45
1,9,9,49
5,16,6,56
NA,3,3,19
1,9,9,32
3,9,9,72
4,4,5,35
NA,9,7,29
8,6,6,59
NA,4,6,30
2,6,6,48
5,6,6,51
7,3,12,54
NA,NA,NA,33
5,11,9,61
NA,5,5,33
5,10,10,47
NA,7,7,41
3,10,10,27
13,3,3,42
1,8,8,28
1,10,10,64
NA,7,8,25
7,5,5,63
NA,12,12,32
5,9,9,65
NA,1,NA,72
11,9,9,69
3,10,10,25
7,NA,NA,62
NA,9,9,69
10,11,12,35
6,4,8,50
1,5,7,79
10,9,9,64
4,9,9,65
NA,6,6,66
NA,7,4,25
5,10,10,69
NA,NA,NA,60
NA,9,9,56
12,10,10,54
NA,8,8,21
8,7,7,41
10,9,10,57
NA,8,8,45
7,9,9,45
7,6,6,67
NA,8,8,42
8,5,5,47
5,9,9,56
8,12,12,41
1,4,5,26
7,8,8,64
NA,4,4,61
8,NA,NA,43
9,8,8,70
NA,NA,NA,34
7,4,8,74
NA,5,5,29
2,4,2,31
6,7,8,54
NA,6,6,34
8,NA,NA,71
2,7,7,19
4,8,8,39
7,2,5,46
8,14,14,50
3,1,1,41
NA,9,9,22
2,5,5,27
NA,11,11,86
3,3,3,85
5,NA,2,23
NA,1,1,34
NA,7,7,28
3,7,7,29
NA,5,8,30
NA,2,2,61
5,4,5,37
3,5,5,38
4,10,10,26
4,6,6,24
8,2,4,43
6,10,10,43
8,7,7,42
6,10,10,36
NA,8,8,71
4,8,8,32
7,2,2,37
2,9,9,20
8,6,6,52
NA,9,10,78
NA,3,3,33
NA,1,9,20
7,9,9,47
7,9,5,52
10,7,8,59
4,7,7,72
4,4,6,25
7,7,7,45
NA,5,5,25
6,6,6,34
6,11,11,44
6,5,6,32
6,3,7,51
4,NA,NA,31
6,NA,4,53
NA,6,7,66
6,4,8,83
NA,NA,NA,63
10,9,9,62
8,14,14,65
2,9,9,58
NA,6,6,66
NA,13,13,29
NA,7,7,29
7,12,12,64
NA,5,2,27
NA,NA,NA,52
11,11,11,50
NA,10,10,34
NA,3,3,46
4,NA,NA,33
3,8,8,50
4,11,11,19
21,11,11,65
NA,6,6,28
4,7,7,38
NA,NA,NA,72
8,5,5,55
2,8,8,62
NA,6,7,29
NA,8,8,35
9,8,6,50
5,2,2,57
5,14,15,60
3,11,11,24
NA,9,9,60
3,NA,11,38
NA,8,8,32
6,3,3,45
8,4,4,65
5,4,4,36
3,6,4,27
4,17,14,57
4,10,10,41
NA,8,8,47
10,7,7,68
10,7,7,49
NA,NA,NA,52
7,7,7,47
4,7,7,61
5,1,7,39
1,10,10,34
0,8,8,36
3,5,5,33
7,NA,1,63
5,9,9,22
NA,NA,7,28
NA,6,6,34
NA,5,6,28
NA,6,6,48
NA,13,6,29
NA,NA,NA,20
7,9,9,25
6,10,10,66
11,9,9,50
4,NA,11,32
7,6,6,73
8,10,10,49
2,NA,NA,66
NA,6,6,19
11,12,12,67
7,8,8,71
NA,11,11,53
9,9,9,77
NA,5,5,20
5,3,3,58
9,9,7,76
8,12,12,59
4,9,9,63
6,9,9,45
6,2,3,68
4,NA,NA,36
6,2,2,48
NA,8,8,48
NA,9,9,32
3,1,1,61
4,8,8,22
4,12,12,42
5,11,11,65
NA,11,2,35
3,9,9,24
NA,5,5,24
NA,9,9,27
NA,9,10,29
NA,6,6,35
7,NA,NA,46
7,6,8,41
8,7,7,67
9,5,5,44
NA,8,8,37
11,14,12,90
NA,6,6,32
9,16,11,70
7,7,7,63
3,6,7,42
1,9,9,41
2,6,7,65
7,6,6,39
NA,4,4,48
6,4,4,46
5,13,13,60
5,11,2,67
7,7,7,43
6,10,10,31
4,6,6,23
NA,3,3,25
3,6,6,41
8,9,9,71
6,5,5,28
4,8,8,38
NA,11,11,23
1,7,7,56
4,9,9,30
NA,6,6,42
5,7,7,60
8,7,8,24
NA,6,6,26
9,NA,7,39
9,8,8,30
4,NA,NA,64
11,NA,NA,87
3,11,11,31
NA,NA,NA,54
2,9,9,34
NA,6,6,23
NA,5,5,24
NA,9,9,29
7,10,10,52
0,9,9,67
11,4,4,47
7,8,8,58
11,10,10,71
6,7,7,77
2,NA,NA,25
2,10,10,25
8,13,13,47
5,8,8,40
NA,6,6,77
6,6,6,26
NA,8,8,56
11,9,9,47
NA,NA,NA,63
5,7,7,70
NA,NA,1,30
9,10,10,39
NA,12,7,56
NA,7,7,33
7,5,5,80
1,12,12,30
4,NA,NA,67
2,NA,2,30
8,10,10,47
NA,5,5,29
4,7,7,55
1,NA,NA,32
7,12,4,64
8,7,7,62
8,5,5,35
4,4,5,23
NA,7,7,47
NA,8,8,31
NA,11,11,22
3,4,4,51
NA,11,11,18
6,11,11,38
3,3,3,71
9,5,5,53
7,12,12,48
5,7,7,47
NA,8,8,24
NA,8,8,44
NA,5,5,34
10,11,11,34
NA,7,7,45
8,14,14,67
6,3,3,66
9,9,9,77
NA,4,4,62
NA,1,1,20
11,5,5,44
NA,9,9,23
7,10,10,72
NA,12,4,58
2,NA,NA,37
NA,9,9,59
NA,7,7,38
NA,5,5,61
NA,9,9,25
NA,10,10,18
NA,8,8,29
6,7,7,44
4,NA,NA,66
9,8,8,49
5,1,9,24
2,13,13,60
NA,8,8,51
NA,2,2,24
NA,12,12,35
8,9,3,58
NA,14,14,64
2,5,5,55
NA,9,9,21
7,17,17,85
NA,8,8,26
4,10,10,84
8,11,11,55
10,12,12,40
2,9,9,41
7,12,12,25
0,8,8,58
12,15,12,72
NA,11,8,31
10,6,6,63
NA,6,6,30
0,9,9,54
0,NA,NA,34
5,8,8,52
1,NA,NA,75
NA,NA,NA,66
NA,10,10,63
7,6,6,61
0,3,4,31
NA,1,2,61
NA,NA,1,30
10,9,9,61
NA,10,10,28
7,10,10,62
5,5,5,51
3,8,8,32
2,7,7,32
9,7,8,59
8,9,9,49
NA,8,8,86
1,9,9,23
NA,7,7,73
4,10,10,26
8,18,5,40
6,NA,6,65
4,5,5,51
6,NA,NA,44
9,8,9,53
3,NA,NA,85
3,6,6,47
8,8,8,57
NA,3,3,33
5,10,10,62
9,8,8,42
6,10,10,66
6,11,11,55
5,4,4,47
7,8,8,63
NA,4,4,34
NA,7,7,21
8,6,6,48
5,8,8,35
7,10,11,47
8,7,7,57
NA,5,5,24
9,9,9,42
2,8,8,28
NA,10,10,21
4,8,8,39
6,7,7,61
NA,11,11,84
10,8,8,33
7,4,8,34
NA,6,6,41
10,9,9,42
6,10,10,34
NA,8,8,63
1,6,6,28
8,2,2,64
7,7,7,43
9,6,6,82
11,4,9,64
NA,11,11,38
8,6,6,29
10,10,10,33
5,7,7,34
6,8,9,34
9,5,5,85
5,1,7,35
4,9,9,49
4,9,9,68
7,13,11,89
NA,11,11,52
3,10,10,35
6,5,5,55
2,6,7,29
NA,NA,NA,60
3,NA,NA,42
5,11,11,65
8,4,5,62
5,9,9,56
0,9,9,30
NA,5,6,33
7,5,5,39
NA,1,1,28
NA,1,2,28
NA,6,7,38
NA,8,8,21
10,2,2,62
NA,NA,1,40
10,10,10,58
NA,10,10,20
NA,7,7,23
10,9,9,38
NA,4,4,40
NA,6,6,51
8,14,14,76
NA,7,7,39
2,5,5,47
9,14,14,42
7,5,5,34
2,10,10,53
3,7,7,29
8,9,7,60
5,6,7,50
6,9,9,49
5,7,7,33
NA,10,10,19
8,4,4,77
8,NA,NA,33
7,7,7,39
7,9,9,42
8,8,8,63
NA,7,7,71
NA,1,10,20
3,7,7,27
10,NA,5,61
0,8,8,46
2,NA,NA,28
0,7,7,43
NA,NA,NA,24
2,9,4,21
NA,12,13,34
NA,10,10,64
9,6,6,53
6,9,9,72
4,11,11,75
12,8,8,66
9,7,7,48
7,3,1,45
1,1,1,26
7,13,13,30
7,7,7,56
NA,13,13,37
7,5,5,44
11,9,9,43
NA,7,7,38
4,4,4,44
3,NA,NA,44
2,1,1,22
2,9,9,59
NA,10,10,66
8,8,8,45
8,7,7,42
4,9,9,72
2,10,10,82
3,8,8,44
3,9,9,62
7,4,4,27
NA,6,6,26
3,8,8,53
NA,8,8,20
4,6,6,54
3,9,9,38
5,7,7,77
NA,7,7,57
2,12,12,66
NA,6,6,35
9,1,4,40
7,6,6,62
8,13,6,77
NA,10,10,18
10,7,7,66
2,9,9,24
4,7,7,36
4,6,6,63
5,NA,NA,43
8,7,7,35
3,5,6,52
2,7,7,36
NA,6,6,20
NA,NA,NA,32
NA,15,5,28
NA,4,4,41
NA,NA,2,26
5,7,7,74
NA,6,6,27
7,7,7,26
NA,7,7,21
6,7,7,37
NA,12,12,21
8,10,10,38
3,9,9,35
9,10,10,76
1,5,4,25
NA,7,7,35
5,6,6,38
NA,11,12,40
NA,11,11,57
NA,4,4,57
11,8,8,62
6,5,5,44
6,7,7,35
5,11,11,61
NA,9,4,22
NA,9,10,86
NA,9,9,18
3,6,6,51
3,4,4,25
7,5,5,44
11,8,8,38
2,8,8,31
7,8,8,55
7,6,6,63
NA,11,11,25
3,6,6,28
NA,9,9,62
7,13,6,78
5,10,10,61
NA,11,11,32
5,12,12,42
NA,11,10,21
NA,6,6,25
10,2,2,36
10,8,8,32
7,15,5,55
NA,11,11,23
NA,8,8,21
2,9,9,50
8,5,5,75
NA,9,9,27
6,9,9,35
9,9,9,71
5,12,12,55
6,11,11,71
7,12,12,67
8,NA,NA,60
6,NA,3,43
NA,11,11,48
9,9,9,65
4,NA,3,24
NA,NA,NA,51
3,2,3,37
3,9,9,37
5,9,9,39
4,19,19,76
1,NA,1,64
NA,9,9,20
7,5,5,50
NA,4,4,21
8,1,6,37
5,NA,NA,71
2,9,9,33
NA,9,4,59
NA,1,1,25
2,7,7,23
8,6,6,59
NA,12,12,34
10,10,10,73
5,5,5,61
NA,9,9,56
5,8,5,30
7,8,8,24
NA,9,9,18
8,4,4,45
NA,4,4,21
7,12,12,39
NA,7,7,25
8,8,8,38
9,NA,NA,42
0,6,6,36
NA,4,4,20
4,5,5,61
10,12,12,56
NA,8,8,27
5,11,11,61
NA,NA,NA,67
5,7,7,23
NA,NA,NA,48
10,4,4,50
4,2,2,33
2,8,8,26
NA,NA,NA,22
NA,11,11,68
NA,6,6,18
6,12,4,65
6,7,8,25
3,6,6,53
7,4,4,61
4,NA,NA,31
NA,7,7,51
4,10,10,34
NA,9,9,27
15,NA,NA,59
5,8,8,34
6,7,6,37
NA,NA,NA,28
9,7,7,69
9,10,10,38
NA,6,6,29
NA,12,13,52
9,NA,2,42
NA,4,4,30
NA,10,10,51
11,NA,NA,74
NA,9,9,37
NA,6,7,69
11,7,4,66
1,4,4,69
NA,6,6,26
4,8,8,33
NA,3,3,19
1,7,7,35
9,12,12,54
NA,6,8,25
NA,2,4,21
4,11,11,57
NA,4,4,31
4,NA,NA,35
3,NA,5,57
3,3,4,40
6,12,12,56
NA,5,5,67
6,9,9,35
NA,4,5,27
NA,6,7,18
3,1,9,82
NA,6,6,85
NA,NA,NA,21
8,NA,NA,34
8,1,1,41
6,6,6,56
NA,8,8,28
1,5,5,20
NA,NA,4,54
NA,6,8,19
8,11,11,43
5,8,8,53
7,5,5,58
NA,9,9,25
6,11,11,45
1,9,9,49
5,NA,NA,77
NA,8,9,40
3,4,12,40
10,10,11,41
1,10,10,55
7,7,7,50
8,11,11,52
2,10,10,52
3,6,6,56
5,9,9,45
6,9,9,65
7,11,11,49
5,7,7,42
NA,7,7,53
4,3,3,37
0,3,3,62
NA,5,5,29
NA,9,10,28
NA,11,11,19
NA,8,8,48
2,6,5,38
7,10,10,68
4,NA,5,55
6,NA,NA,70
3,16,11,77
NA,6,6,29
8,12,12,45
NA,12,12,46
NA,9,9,29
3,7,7,52
7,6,6,48
8,11,11,67
11,6,6,60
NA,13,13,36
NA,11,11,31
4,8,8,44
2,7,7,30
2,6,6,79
12,NA,NA,50
3,NA,2,37
NA,6,6,40
6,11,11,31
NA,5,5,39
NA,12,12,70
NA,9,5,63
1,11,11,67
1,1,8,19
10,4,8,58
5,7,7,58
5,9,8,51
NA,6,8,24
4,5,5,32
3,6,6,18
NA,9,9,32
12,9,9,50
8,10,10,42
2,9,9,28
2,4,12,63
12,12,13,48
NA,6,6,20
5,7,7,61
3,NA,2,84
10,NA,NA,39
NA,7,7,35
NA,6,7,40
4,8,8,59
5,7,7,29
NA,6,6,37
NA,5,5,28
NA,14,14,63
NA,7,9,31
NA,6,6,22
6,3,4,48
NA,10,10,25
0,8,8,44
7,6,6,69
14,6,6,41
14,7,7,64
5,NA,NA,51
4,8,8,37
NA,13,13,37
9,5,6,69
7,9,9,50
6,12,12,42
12,12,12,58
5,6,6,53
NA,8,8,19
5,3,5,33
2,10,8,39
4,7,8,33
10,7,7,51
NA,6,6,19
3,10,10,37
NA,5,5,34
6,11,11,41
6,10,10,73
6,NA,8,61
NA,9,9,21
NA,NA,1,53
6,7,8,61
NA,12,12,32
NA,6,8,69
NA,7,7,45
11,10,10,46
6,6,6,49
2,7,7,65
1,9,9,18
11,10,10,61
6,7,6,36
4,9,9,75
NA,NA,NA,25
10,12,12,53
NA,6,6,18
5,9,9,53
9,10,10,39
6,8,8,49
7,NA,NA,46
7,4,12,66
2,NA,NA,31
NA,NA,NA,52
1,NA,5,54
6,7,7,37
3,8,8,30
4,12,4,39
9,NA,10,54
NA,8,8,19
7,7,7,53
NA,7,7,30
NA,6,6,44
2,9,9,78
15,8,8,64
2,12,12,31
NA,5,6,28
5,5,5,31
7,6,6,64
0,9,9,72
4,7,7,66
4,12,12,32
NA,5,5,61
NA,4,4,60
15,8,8,71
NA,7,7,34
7,11,11,69
7,10,11,42
6,4,5,50
7,9,12,66
8,7,4,34
3,NA,4,47
NA,6,6,45
6,5,5,35
6,8,8,24
NA,10,10,57
7,9,9,43
7,5,5,44
6,6,3,66
NA,9,9,25
NA,10,10,28
6,6,6,35
NA,5,5,25
2,11,2,56
NA,10,10,30
4,9,9,36
4,10,10,29
8,7,7,47
9,11,7,47
4,6,14,90
NA,11,11,22
5,NA,2,29
NA,5,5,28
3,13,13,19
2,7,7,36
5,NA,NA,70
5,10,10,45
4,NA,NA,79
2,NA,NA,45
NA,NA,4,26
7,15,15,85
5,1,1,53
NA,5,5,45
2,7,7,35
7,11,11,59
NA,9,9,21
3,10,10,25
NA,21,11,77
1,2,2,26
11,11,12,54
2,NA,NA,59
9,6,7,69
NA,7,7,26
6,11,11,36
10,4,8,78
NA,8,8,26
6,11,11,67
NA,5,5,48
6,5,6,77
NA,NA,4,23
NA,3,3,60
7,5,6,39
4,6,6,24
NA,10,10,30
NA,6,6,49
1,10,6,70
9,9,9,43
8,8,8,79
0,8,8,34
6,7,7,28
7,8,8,40
NA,10,11,29
4,NA,NA,54
10,NA,NA,48
NA,7,7,23
NA,NA,NA,66
6,9,11,28
NA,5,5,40
2,NA,NA,60
8,1,8,27
NA,7,7,43
NA,NA,NA,26
6,8,9,47
NA,9,9,18
7,5,5,66
NA,NA,1,29
5,6,6,34
NA,8,8,25
NA,11,11,72
0,9,9,47
7,6,7,88
4,NA,NA,23
NA,10,10,90
10,4,4,46
1,8,8,20
7,9,9,40
2,4,4,26
8,14,14,52
6,10,6,78
NA,NA,NA,59
NA,8,9,20
4,10,10,60
NA,12,12,32
8,NA,NA,57
10,10,10,62
5,6,6,48
8,7,7,75
3,NA,NA,39
NA,5,5,28
NA,9,9,44
5,4,4,70
8,5,5,68
1,4,4,27
7,6,6,71
2,9,9,69
2,1,7,74
1,NA,NA,30
NA,8,8,24
NA,4,4,50
7,8,8,50
5,1,7,62
8,7,7,36
1,8,8,26
11,8,8,43
NA,9,9,20
2,NA,NA,75
4,5,5,24
4,NA,5,46
NA,NA,2,51
5,9,9,66
NA,10,10,34
NA,6,6,69
5,7,7,47
9,6,6,57
NA,10,10,46
8,3,3,71
5,3,3,41
6,8,8,32
6,10,10,44
5,NA,2,29
8,8,6,79
6,7,7,55
5,6,6,37
2,NA,NA,71
5,9,9,51
3,9,9,45
8,NA,NA,40
3,8,8,35
5,4,4,27
10,6,6,30
NA,6,6,84
11,7,8,38
4,4,4,34
NA,4,6,37
9,15,15,58
9,9,9,54
1,8,8,46
3,7,7,31
8,1,5,66
2,10,10,24
13,5,5,57
NA,5,5,31
9,7,6,68
4,NA,NA,29
NA,1,13,20
NA,5,6,49
NA,9,9,30
NA,3,3,35
4,12,11,39
NA,NA,NA,41
NA,16,11,24
7,9,9,44
NA,14,14,46
NA,15,15,59
NA,9,9,75
7,10,10,72
0,11,11,44
5,6,6,46
12,10,8,57
NA,11,11,65
3,10,10,21
2,7,7,51
1,7,7,20
NA,9,9,44
8,NA,NA,71
4,11,11,80
NA,11,11,39
8,9,9,76
NA,6,6,29
NA,3,3,32
7,4,5,70
1,4,4,58
NA,4,4,20
NA,11,11,18
NA,10,10,78
2,2,2,24
NA,15,15,56
7,NA,3,68
0,6,6,54
5,10,10,51
2,7,7,28
6,NA,NA,27
NA,7,7,31
NA,6,6,79
NA,8,8,18
7,6,6,64
4,4,4,51
8,9,9,31
NA,7,7,26
9,8,8,67
NA,4,5,21
1,6,6,62
0,7,7,43
7,7,2,44
4,9,9,72
8,9,9,52
1,10,10,30
6,10,10,27
4,6,7,26
6,6,6,26
11,3,3,54
NA,NA,NA,69
8,8,8,57
5,10,10,38
8,8,4,58
9,7,7,44
NA,9,9,25
NA,11,11,34
NA,11,11,26
2,5,10,44
1,8,8,48
6,11,11,51
4,NA,NA,88
9,8,8,39
6,5,5,41
NA,NA,2,49
3,6,6,19
NA,7,7,26
1,4,4,33
1,7,7,40
7,6,8,44
1,NA,NA,36
6,10,10,32
2,6,6,23
NA,5,5,27
NA,1,1,71
12,10,10,34
6,11,11,52
5,7,7,35
NA,11,11,55
3,9,9,26
4,NA,NA,54
4,7,8,57
NA,8,8,23
NA,3,4,40
8,3,3,59
NA,5,5,60
5,12,12,36
11,NA,NA,32
NA,4,4,63
0,8,8,50
10,4,4,61
7,14,14,66
10,10,10,38
8,9,3,75
NA,6,6,53
4,2,3,20
NA,NA,NA,34
10,NA,NA,65
NA,4,4,20
2,2,2,68
2,5,5,24
8,7,7,28
NA,8,8,24
NA,7,7,26
NA,8,8,37
5,8,8,30
3,10,10,53
NA,12,12,64
2,11,11,56
NA,1,1,18
4,8,8,87
NA,12,12,27
8,12,12,54
6,6,6,76
NA,7,7,23
10,5,5,36
8,NA,NA,72
6,2,2,31
6,7,7,55
4,8,8,56
NA,1,1,21
2,9,8,71
2,9,9,18
NA,8,8,44
9,9,9,57
8,7,7,70
NA,8,11,66
8,5,5,39
NA,5,6,69
7,2,5,34
NA,7,7,38
NA,15,15,46
4,7,7,56
NA,7,7,32
6,4,5,61
NA,10,10,30
6,3,3,79
NA,4,4,29
NA,NA,2,25
6,6,6,24
6,4,4,43
NA,6,6,59
10,8,8,42
NA,8,8,25
5,9,9,27
12,4,4,67
4,10,10,34
NA,5,5,25
2,NA,NA,21
11,NA,NA,68
NA,9,9,22
5,8,8,40
4,6,6,39
1,10,10,25
5,NA,NA,48
NA,5,5,29
5,9,9,69
2,5,5,27
NA,5,6,33
4,11,11,45
8,10,10,47
2,NA,6,31
5,6,6,46
1,8,8,41
4,2,2,28
2,8,8,32
6,6,6,43
8,9,9,57
0,11,11,57
NA,6,6,19
4,8,8,27
NA,8,8,28
8,8,8,42
4,2,2,24
9,7,7,66
NA,5,6,23
NA,6,6,28
6,9,9,27
2,8,8,23
6,7,7,45
1,7,7,52
5,16,11,59
NA,9,10,66
5,5,6,64
NA,NA,NA,44
4,10,10,35
3,8,8,62
7,6,6,43
NA,5,5,37
13,11,11,40
4,4,4,63
NA,6,6,25
7,9,10,37
6,6,7,49
5,10,10,51
NA,7,7,42
1,6,6,84
NA,9,9,51
NA,7,7,52
5,10,10,34
4,NA,NA,33
8,10,10,51
1,9,9,31
NA,1,1,26
6,9,9,39
NA,7,7,18
NA,6,6,22
NA,3,3,81
NA,4,4,27
2,11,11,22
4,8,8,24
2,8,8,74
NA,8,8,22
6,6,6,47
2,8,8,25
1,NA,NA,44
NA,11,11,23
6,15,10,60
9,9,9,56
9,NA,4,71
1,8,8,49
NA,10,10,24
7,NA,1,71
NA,6,2,42
NA,NA,4,24
5,10,10,27
NA,NA,NA,57
NA,9,9,21
9,9,9,56
7,3,3,44
2,6,6,26
NA,10,10,64
4,8,8,43
7,7,7,47
4,4,4,50
5,8,5,69
7,10,10,48
7,8,8,35
NA,NA,4,28
1,11,11,47
8,9,9,68
NA,6,6,50
3,NA,NA,84
0,7,7,41
4,7,7,36
11,NA,NA,63
10,8,8,72
NA,4,7,39
6,7,7,44
4,6,6,38
2,NA,5,47
4,9,9,51
9,10,11,39
NA,NA,NA,20
NA,7,7,27
5,NA,3,32
NA,7,9,26
9,10,10,67
4,9,9,78
2,7,7,41
2,3,1,30
2,10,10,48
NA,7,7,56
5,10,10,61
7,8,8,35
4,7,7,73
5,5,5,74
2,5,5,18
2,7,7,19
NA,6,5,21
NA,1,6,22
7,NA,2,55
NA,6,6,59
7,2,2,35
NA,7,7,49
5,8,8,49
NA,8,9,23
7,6,6,59
8,7,7,56
7,7,7,30
3,11,11,39
NA,7,7,27
2,9,9,21
NA,7,7,29
6,8,8,68
10,10,10,61
3,8,8,66
5,9,9,72
9,4,4,73
6,4,5,43
6,10,10,25
8,4,8,32
7,NA,NA,66
NA,3,3,19
3,2,2,48
NA,7,7,22
5,11,11,41
10,8,8,80
8,8,8,31
12,NA,NA,53
12,5,5,65
9,14,6,57
1,2,1,23
6,8,8,41
7,11,11,71
2,NA,2,30
NA,NA,8,23
6,8,8,64
5,8,8,35
13,8,8,80
8,2,4,44
NA,11,11,65
NA,NA,1,65
11,6,6,66
1,1,1,31
7,6,5,62
NA,12,12,30
1,18,13,59
9,6,6,35
9,10,10,46
NA,11,11,40
3,6,6,31
4,7,7,61
5,7,8,33
NA,7,7,29
3,5,5,41
6,7,9,76
6,8,8,31
NA,9,9,20
NA,8,8,28
NA,9,9,27
2,7,7,20
7,10,10,86
3,10,4,77
3,8,14,61
1,6,6,32
NA,9,9,21
NA,5,5,57
11,9,9,51
8,6,6,62
NA,5,5,22
NA,7,7,61
10,8,8,43
5,4,4,58
0,NA,NA,66
NA,4,5,29
2,NA,6,37
NA,6,6,27
3,10,10,45
NA,9,9,38
8,10,10,34
9,6,6,36
8,4,4,48
0,7,7,25
1,10,10,28
NA,11,11,41
1,6,6,41
NA,5,5,54
4,9,9,31
NA,9,9,36
5,7,7,31
7,9,9,42
NA,8,8,36
1,10,10,42
NA,8,9,45
NA,11,11,65
4,7,7,66
7,5,5,64
NA,14,15,61
5,1,5,37
6,7,7,41
NA,11,11,22
6,7,7,51
4,7,7,25
5,8,8,56
NA,9,9,36
1,NA,5,34
NA,9,9,22
9,11,11,65
10,NA,NA,34
11,9,9,73
5,NA,NA,45
7,7,7,39
7,7,7,29
NA,7,7,58
6,10,10,39
5,9,9,31
6,5,5,26
6,8,8,54
9,5,5,50
1,6,6,23
9,4,4,67
6,9,9,40
6,7,8,36
3,2,2,27
1,13,13,60
1,4,4,42
3,NA,NA,69
NA,8,9,63
NA,7,7,55
3,12,12,54
3,9,9,34
6,10,10,44
4,11,11,49
NA,5,5,28
NA,21,11,79
9,8,8,66
0,8,3,28
NA,9,9,71
NA,9,9,25
0,5,5,59
9,4,5,75
5,6,6,27
NA,9,9,58
0,7,7,57
8,7,7,53
7,NA,NA,46
4,15,9,32
5,6,6,31
5,5,5,36
8,7,7,38
11,11,12,47
NA,3,5,26
2,9,9,41
5,5,5,60
4,6,6,75
10,4,8,28
6,9,9,49
NA,6,6,36
NA,8,8,48
NA,6,6,26
2,NA,NA,65
NA,7,7,35
11,6,6,57
1,10,10,55
NA,10,10,64
3,NA,NA,62
7,17,13,51
NA,11,8,18
NA,6,6,30
NA,6,7,27
NA,7,8,66
8,10,10,43
3,8,7,26
NA,9,9,34
4,7,7,27
6,7,7,41
11,5,5,56
15,8,8,54
NA,11,8,24
3,7,7,67
6,4,4,66
4,4,4,61
0,7,7,60
2,9,9,26
5,NA,NA,52
6,15,7,35
NA,8,8,20
6,9,9,28
NA,5,5,72
NA,7,7,26
NA,8,8,61
7,7,7,48
0,NA,NA,64
7,6,6,70
NA,4,4,37
6,5,5,56
6,11,11,66
7,6,6,63
NA,10,7,37
5,6,6,37
4,8,8,30
3,11,11,78
10,8,8,55
NA,4,4,28
1,2,2,57
6,3,3,52
NA,3,3,71
NA,9,9,69
1,8,8,54
4,8,6,40
NA,6,6,35
2,6,6,25
1,NA,NA,48
5,3,5,67
NA,5,5,28
7,10,10,30
NA,10,10,35
8,15,5,72
7,5,8,24
NA,8,8,43
4,5,6,70
NA,16,10,80
6,5,5,34
5,5,5,62
2,11,11,49
7,5,5,66
7,6,6,48
4,6,6,60
8,7,7,31
NA,8,8,25
4,6,6,56
10,6,6,60
8,9,9,55
11,9,9,48
7,3,3,28
NA,4,4,47
4,2,2,28
6,8,8,37
7,10,10,47
NA,10,10,27
1,6,7,63
8,10,10,66
2,4,4,28
8,6,6,75
6,4,4,57
NA,9,9,43
3,9,7,49
11,8,8,35
NA,6,6,26
2,10,10,64
7,21,4,73
6,6,6,49
6,NA,NA,47
1,5,6,59
NA,7,7,25
5,12,12,68
10,6,6,42
3,6,6,24
3,12,8,69
6,NA,NA,66
NA,6,6,66
8,4,4,62
NA,6,6,31
3,7,4,67
8,NA,NA,58
2,NA,NA,74
8,11,11,68
9,7,4,53
NA,5,8,45
7,5,6,63
9,9,9,48
3,21,21,52
11,9,9,34
NA,8,8,25
6,6,6,63
9,8,8,34
NA,9,9,18
NA,12,12,66
5,NA,3,63
7,10,10,25
8,10,10,34
9,10,10,32
NA,8,8,34
0,5,5,81
4,7,1,32
2,NA,NA,53
NA,8,8,63
10,2,2,59
NA,15,12,46
NA,5,5,19
8,7,7,66
NA,9,9,35
3,1,6,26
5,8,8,38
1,NA,NA,35
NA,5,5,26
3,10,10,56
7,10,10,32
NA,1,1,18
NA,12,12,48
10,4,5,32
8,10,10,29
3,5,5,42
NA,5,5,18
1,9,9,47
NA,15,15,73
NA,9,9,63
8,6,7,70
8,7,7,75
NA,6,6,32
1,8,8,27
NA,8,8,28
5,13,13,47
4,7,7,30
10,10,10,44
5,12,4,53
NA,12,12,29
9,10,10,56
NA,8,8,48
NA,19,19,33
3,5,5,40
3,2,9,51
5,5,5,64
5,8,8,39
NA,8,8,28
NA,7,7,31
7,6,9,31
6,NA,2,61
19,13,13,79
10,10,10,44
8,4,4,38
7,12,12,47
6,5,5,44
2,10,10,39
7,6,6,52
6,NA,NA,64
2,NA,NA,52
NA,9,9,46
0,6,6,37
5,9,9,46
5,7,8,67
3,11,11,22
6,11,11,30
5,7,7,25
5,10,4,76
11,9,9,57
3,8,8,47
9,4,2,33
7,13,13,84
2,9,9,23
1,9,9,47
4,8,8,58
3,10,10,40
10,5,5,70
6,8,8,60
NA,12,13,24
6,5,5,70
2,8,8,40
NA,8,8,20
8,7,7,54
3,5,5,87
3,9,8,64
9,NA,8,43
1,7,8,27
2,6,6,26
4,NA,NA,25
NA,8,8,46
5,6,6,43
7,13,13,68
7,8,8,76
4,3,3,61
0,9,9,63
6,7,6,32
3,8,8,51
NA,6,6,19
NA,7,7,22
NA,10,10,22
8,8,8,29
NA,8,8,36
4,2,6,66
NA,9,9,25
2,7,7,21
NA,6,6,28
NA,5,5,29
NA,8,8,61
1,11,10,19
5,4,4,30
NA,8,8,33
8,4,4,84
11,10,10,43
1,8,8,24
8,9,9,73
2,10,10,27
7,7,7,66
7,3,4,32
1,7,7,27
NA,7,7,25
3,6,6,59
2,1,1,20
NA,10,10,25
10,4,4,28
5,11,11,63
7,NA,NA,58
4,8,6,56
10,5,5,83
2,11,11,72
NA,NA,NA,38
2,7,7,23
7,16,16,55
1,7,7,42
2,10,7,30
6,6,8,36
3,5,6,34
4,7,7,29
6,9,9,51
7,5,5,61
6,8,8,34
3,11,11,39
3,6,6,23
6,6,6,55
NA,NA,2,21
5,6,6,46
5,NA,2,46
NA,11,11,44
5,8,8,40
NA,8,8,19
7,9,10,32
3,7,8,18
0,8,8,71
7,9,9,50
2,10,11,29
7,7,7,60
NA,NA,NA,57
0,9,9,49
5,2,2,22
NA,NA,3,29
NA,3,3,54
5,6,8,42
8,NA,1,28
4,2,9,76
NA,7,7,44
11,NA,4,76
6,8,8,31
5,7,7,54
9,5,5,49
4,10,10,32
6,5,5,40
NA,10,8,55
10,6,5,32
NA,3,3,42
11,8,3,70
8,9,12,40
NA,12,12,54
4,6,8,42
6,5,5,37
5,4,4,46
NA,4,4,18
8,11,11,52
NA,NA,NA,47
NA,NA,NA,82
NA,12,12,65
9,4,4,37
9,6,6,39
7,6,7,61
5,8,9,38
2,9,9,24
NA,NA,4,37
10,NA,NA,75
NA,10,10,53
4,1,2,24
0,NA,NA,41
8,9,9,66
4,7,8,42
9,4,4,64
3,7,7,18
NA,5,5,75
NA,NA,NA,37
3,2,8,20
10,11,11,40
NA,11,11,46
8,1,5,60
5,9,10,78
16,9,9,71
NA,4,2,29
NA,6,6,21
9,8,8,30
12,9,9,39
9,4,4,39
6,4,4,54
3,7,7,61
1,5,5,78
NA,7,7,44
NA,7,7,33
1,12,8,54
9,8,8,35
NA,3,4,32
NA,4,4,57
6,7,7,33
12,3,6,72
10,9,9,51
5,NA,NA,81
8,9,9,61
9,5,5,32
6,NA,NA,51
NA,3,4,70
3,6,6,22
NA,3,3,22
1,NA,NA,79
NA,5,3,69
11,8,8,77
NA,7,7,28
6,9,3,42
NA,NA,NA,76
6,8,8,78
0,8,8,51
3,7,7,31
10,6,6,39
8,9,9,80
NA,5,5,36
2,14,14,57
8,6,6,41
6,10,10,46
NA,5,5,26
12,NA,NA,69
3,NA,NA,38
NA,NA,NA,33
3,8,8,35
3,9,9,38
5,NA,NA,36
NA,11,11,61
6,7,1,68
13,11,11,39
10,8,8,53
NA,11,11,29
NA,10,10,34
10,6,6,70
8,NA,16,63
13,12,12,53
NA,7,7,18
11,10,11,43
1,10,10,60
2,NA,NA,60
0,8,8,61
2,9,9,50
5,5,5,33
10,14,14,48
NA,13,13,33
8,6,7,55
2,12,12,43
NA,NA,NA,49
9,9,9,42
NA,4,4,33
NA,14,14,79
NA,5,5,58
7,8,8,45
1,10,6,27
5,6,6,27
4,8,8,23
NA,11,11,83
NA,12,12,58
4,7,7,27
7,5,5,59
NA,11,11,75
11,NA,NA,79
NA,6,6,18
NA,7,7,18
7,6,6,29
2,NA,NA,42
4,9,10,46
NA,4,4,67
4,8,8,29
1,4,4,48
1,9,9,58
0,11,11,63
NA,8,8,46
NA,7,7,44
NA,NA,NA,33
NA,5,5,21
NA,13,13,80
7,7,7,38
1,3,4,70
NA,2,5,51
13,6,6,39
4,NA,NA,47
2,11,11,52
2,4,4,38
3,6,6,31
NA,1,1,28
10,6,NA,79
6,4,6,50
NA,6,6,31
6,5,5,65
9,8,8,35
NA,9,9,20
NA,6,6,24
NA,8,8,24
7,6,6,63
1,3,3,37
7,7,7,63
11,11,13,72
NA,7,7,70
1,5,5,54
8,6,6,68
1,8,8,25
2,3,3,57
2,10,8,21
7,1,9,50
3,5,6,28
NA,10,10,38
5,10,11,54
NA,10,10,52
2,11,11,60
6,4,4,38
3,12,7,50
NA,7,7,56
5,NA,NA,23
9,10,10,36
2,7,7,19
NA,9,9,31
6,NA,NA,37
6,10,10,53
5,4,4,32
3,9,9,36
2,9,9,61
5,6,6,35
10,5,5,32
11,3,3,39
6,NA,NA,39
5,9,9,75
8,NA,NA,73
6,11,11,49
6,8,8,39
NA,4,4,23
NA,NA,NA,44
6,10,10,58
5,8,3,77
1,6,7,22
7,12,12,55
NA,8,9,26
7,7,7,62
7,5,5,49
6,9,9,31
6,11,11,33
NA,1,5,19
6,5,5,78
8,11,11,84
6,5,5,53
3,1,1,19
6,7,7,60
8,13,13,40
NA,1,5,36
5,NA,NA,50
9,12,2,61
NA,2,3,27
5,10,10,40
